record_id,window_idx,b_const_mean,b_roll_mean,b_roll_range,b_diff_whole_rec,b_const_outside_normal
1001,0,140.0,147.2314405070406,27.185293857247103,0.0,False
1001,1,145.0,146.35286576336088,33.98089964272775,5.0,False
1001,2,145.0,146.87900381587605,32.88726943788154,5.0,False
1001,3,140.0,145.06091551666742,32.88726943788157,0.0,False
1001,4,135.0,141.44157134487705,32.99823342316844,5.0,False
1001,5,135.0,136.24905044449926,61.558862507085394,5.0,False
1001,6,135.0,133.85569641867994,15.679152812753514,5.0,False
1001,7,135.0,132.67576370535917,13.397868789888307,5.0,False
1001,8,135.0,132.89005617039447,14.015712304186422,5.0,False
1001,9,135.0,135.48760763220253,17.519082725525166,5.0,False
1001,10,135.0,135.7509626456862,17.81403624403869,5.0,False
1001,11,135.0,136.50676777122723,16.790471772316565,5.0,False
1001,12,140.0,135.87267067779317,57.56925813957483,0.0,False
1001,13,140.0,131.7559147921273,150.8334787135063,0.0,False
1001,14,140.0,112.33466449684313,150.81698138669393,0.0,False
1001,15,95.0,100.9361805541761,150.81698138669393,45.0,True
1001,16,95.0,89.57496497620755,150.81698138669393,45.0,True
1002,0,150.0,153.6485823836189,14.49323998415565,5.0,False
1002,1,155.0,155.3746879349722,25.228117802278234,0.0,False
1002,2,155.0,157.54763032094473,23.314124423869174,0.0,False
1002,3,155.0,146.71767620037144,173.06398783058705,0.0,False
1002,4,155.0,158.71247327770124,22.873092554685115,0.0,False
1002,5,155.0,158.7968260484506,23.120440848166282,0.0,False
1002,6,160.0,160.29131680632378,21.443905339441102,5.0,False
1002,7,155.0,160.19817542929022,21.443905339441102,0.0,False
1002,8,160.0,162.5323500429813,27.03854466225036,5.0,False
1002,9,160.0,155.64116401631802,79.30281739432651,5.0,False
1002,10,155.0,143.51465751879658,84.92885663618009,0.0,False
1002,11,155.0,141.06941052069888,84.92885663618009,0.0,False
1002,12,155.0,136.76602527247954,84.92885663618009,0.0,False
1002,13,160.0,131.58704408661913,85.50785730984151,5.0,False
1002,14,110.0,123.25817689932653,90.05526106144086,45.0,False
1002,15,105.0,114.91728286398987,78.22899056281724,50.0,True
1002,16,100.0,98.9333121103651,88.35066051869016,55.0,True
1003,0,125.0,83.91045512206607,131.0052474090865,0.0,False
1003,1,125.0,98.80935764808,129.02283409743967,0.0,False
1003,2,125.0,120.78612670761271,129.030001884615,0.0,False
1003,3,125.0,125.82949063029274,7.232324646888955,0.0,False
1003,4,125.0,125.69049869165582,7.232324646888955,0.0,False
1003,5,125.0,125.53517565970874,7.232324646888955,0.0,False
1003,6,125.0,125.75215296892915,7.527906582107434,0.0,False
1003,7,125.0,125.31631697991237,9.243959783362342,0.0,False
1003,8,125.0,124.51311605243482,9.174165134990545,0.0,False
1003,9,125.0,124.79847654336278,5.7568942223773405,0.0,False
1003,10,125.0,125.13724804020822,7.564474263165195,0.0,False
1003,11,125.0,124.7986482874218,6.294122736835732,0.0,False
1003,12,125.0,124.45451116218187,5.720454497245811,0.0,False
1003,13,125.0,118.89261744263898,45.56293210479615,0.0,False
1003,14,125.0,113.05179277034867,47.31390529403231,0.0,False
1003,15,125.0,107.40620504403925,48.48481749155181,0.0,False
1003,16,110.0,91.15413167143781,126.70782808127692,15.0,False
1004,0,145.0,143.8908484638779,12.105597764333737,5.0,False
1004,1,140.0,142.1219428734774,11.155808766639439,0.0,False
1004,2,140.0,140.12767890845575,12.819900984002544,0.0,False
1004,3,140.0,138.47842569707635,11.775526717744867,0.0,False
1004,4,135.0,137.42333747100005,12.11728669612296,5.0,False
1004,5,135.0,136.680939276382,12.614867345931827,5.0,False
1004,6,135.0,135.49463788935628,13.822508699222453,5.0,False
1004,7,135.0,133.42346068503994,12.89681695056916,5.0,False
1004,8,135.0,132.33936659846728,7.94362900816094,5.0,False
1004,9,135.0,133.0814936991834,12.67159864726429,5.0,False
1004,10,135.0,135.54095617174943,25.86553675612936,5.0,False
1004,11,135.0,137.47221818770387,23.312059962319523,5.0,False
1004,12,135.0,140.00185638729397,23.312059962319523,5.0,False
1004,13,140.0,141.0827218969153,23.312059962319523,0.0,False
1004,14,140.0,136.70993227643876,57.11146507512595,0.0,False
1004,15,145.0,131.4738786636528,68.03034046927914,5.0,False
1004,16,145.0,124.34008013015962,73.22974580635767,5.0,False
1005,0,130.0,127.75804010004417,15.824370187936523,10.0,False
1005,1,130.0,128.42732338912163,14.778403953212859,10.0,False
1005,2,130.0,125.42423592742509,30.12322178797693,10.0,False
1005,3,130.0,123.18519636851426,31.38737585448608,10.0,False
1005,4,130.0,122.28466543398477,31.38737585448608,10.0,False
1005,5,115.0,121.15815080617952,31.38737585448608,5.0,False
1005,6,115.0,120.78768048234473,32.80808968700792,5.0,False
1005,7,115.0,118.2787312593604,28.027732008883575,5.0,False
1005,8,120.0,118.08221507608583,28.81107734893145,0.0,False
1005,9,115.0,115.33188018436796,49.89151794284054,5.0,False
1005,10,115.0,117.02195197309766,17.539969553903504,5.0,False
1005,11,120.0,119.48963619275487,11.613090874561905,0.0,False
1005,12,120.0,119.49973503182305,10.09692080025522,0.0,False
1005,13,120.0,119.1384681953544,10.09692080025522,0.0,False
1005,14,120.0,112.40613294222433,55.973906323742014,0.0,False
1005,15,120.0,111.40418805995517,39.17494376474717,0.0,False
1005,16,115.0,107.4509221415857,34.07995431165881,5.0,False
1006,0,140.0,148.18172798792347,38.60373647055775,0.0,False
1006,1,140.0,124.53831314885164,172.70116013579738,0.0,False
1006,2,140.0,107.27592910005681,172.70116013579738,0.0,False
1006,3,145.0,90.59765967137831,172.70116013579738,5.0,False
1006,4,140.0,82.38430997357611,143.3934680305723,0.0,False
1006,5,140.0,100.4190021060464,143.94714779830235,0.0,False
1006,6,140.0,117.86458890770828,144.4469665512192,0.0,False
1006,7,140.0,140.89586800994076,7.562173328166409,0.0,False
1006,8,140.0,140.84132743584337,10.049768604969216,0.0,False
1006,9,140.0,141.13140010565633,10.533498473494404,0.0,False
1006,10,140.0,131.6481544569921,66.45182242939003,0.0,False
1007,0,140.0,134.07057527660513,38.48906240160102,0.0,False
1007,1,140.0,132.32505797484978,42.31494227836028,0.0,False
1007,2,140.0,136.85366833829508,17.496313773591694,0.0,False
1007,3,140.0,137.9327227973726,14.489256006110338,0.0,False
1007,4,140.0,138.81257401835558,6.5342935749476965,0.0,False
1007,5,140.0,134.7027829567828,30.507293878335673,0.0,False
1007,6,140.0,130.41327861305564,37.75642538515264,0.0,False
1007,7,135.0,108.56630284648888,142.29682302851052,5.0,False
1007,8,130.0,90.86986026812569,137.6109500276542,10.0,False
1007,9,110.0,73.70918686230553,138.33851014087756,30.0,False
1007,10,95.0,72.53806615950828,162.11148601823544,45.0,True
1007,11,65.0,78.13403746562477,162.1114860182354,75.0,True
1007,12,70.0,85.50251127573894,162.1114860182354,70.0,True
1007,13,70.0,81.12219940610191,162.111486025247,70.0,True
1008,0,125.0,125.28388906161209,9.060701437998048,0.0,False
1008,1,125.0,125.1980596991675,13.66346964075845,0.0,False
1008,2,125.0,125.60942405016948,23.786536175034982,0.0,False
1008,3,125.0,121.82631157112681,26.128942930519244,0.0,False
1008,4,125.0,119.98469856878907,26.405483307363824,0.0,False
1008,5,125.0,118.36365875298341,26.55987603535212,0.0,False
1008,6,125.0,118.6149540480811,26.55987603535212,0.0,False
1008,7,125.0,119.0904702540468,26.55987603535212,0.0,False
1008,8,125.0,119.1063303032638,26.62656710339425,0.0,False
1008,9,125.0,119.24386767955126,27.15813528734853,0.0,False
1008,10,125.0,120.78462501332416,26.31564985104687,0.0,False
1008,11,125.0,119.76180077202439,28.319558364437214,0.0,False
1008,12,125.0,119.45641314817297,24.26476876001857,0.0,False
1008,13,125.0,118.65651368732856,24.26476876001857,0.0,False
1008,14,125.0,118.80509583706376,24.26476876001857,0.0,False
1008,15,125.0,119.69383352436499,24.7994621181019,0.0,False
1008,16,125.0,120.92078451163503,33.47039476965071,0.0,False
1009,0,140.0,123.41648756451502,90.90832892778828,5.0,False
1009,1,140.0,128.1273338241706,162.07470856125659,5.0,False
1009,2,140.0,138.94607771434138,85.16436728884044,5.0,False
1009,3,140.0,145.27649655630015,34.642353548079285,5.0,False
1009,4,140.0,145.54758972479013,25.314808611009482,5.0,False
1009,5,140.0,137.32666963405552,153.94202145760593,5.0,False
1009,6,140.0,111.18579502608242,145.52316844202855,5.0,False
1009,7,140.0,108.08889694985778,145.54922145403918,5.0,False
1009,8,140.0,107.62013209418761,145.54922145403918,5.0,False
1009,9,140.0,107.72122423908694,145.54922145403918,5.0,False
1009,10,140.0,94.37077000250072,145.54924732326873,5.0,False
1009,11,135.0,76.54847572140822,145.9291345632921,0.0,False
1010,0,135.0,133.73006775076573,12.697966736795067,5.0,False
1010,1,135.0,133.53227603179246,12.697966736795067,5.0,False
1010,2,135.0,133.38938791685402,11.853663604054802,5.0,False
1010,3,135.0,133.3171778441282,11.476191903613156,5.0,False
1010,4,135.0,133.49890287420558,11.979268044733843,5.0,False
1010,5,135.0,132.59321076213425,14.63258273790403,5.0,False
1010,6,130.0,131.21220329065943,7.584909151129679,0.0,False
1010,7,130.0,130.55466737537535,6.810148679084577,0.0,False
1010,8,130.0,129.9317923408667,4.510159587695355,0.0,False
1010,9,130.0,118.33746553644659,130.95502146341755,0.0,False
1010,10,130.0,99.0061967013274,130.9523849258534,0.0,False
1010,11,130.0,82.90001628861827,130.9524173704999,0.0,False
1010,12,130.0,78.77128200491997,131.38283004089058,0.0,False
1010,13,130.0,75.33150708251837,130.01444089549705,0.0,False
1010,14,95.0,69.82697188476807,130.1572294458918,35.0,True
1010,15,95.0,65.5875974517869,129.92805516769354,35.0,True
1010,16,95.0,59.55907799471869,125.8504619351455,35.0,True
1011,0,130.0,124.30712483727194,160.96021027305142,0.0,False
1011,1,130.0,120.55051933448466,160.3812650539742,0.0,False
1011,2,130.0,109.83018019812313,136.09964120079553,0.0,False
1011,3,130.0,127.39145106782358,39.41633197959267,0.0,False
1011,4,130.0,133.8716213789523,40.33298981785198,0.0,False
1011,5,130.0,129.84546559340274,29.58185678161246,0.0,False
1011,6,130.0,130.1591520433217,31.53887769156097,0.0,False
1011,7,130.0,130.41842447526867,31.53887769156097,0.0,False
1011,8,130.0,130.0928491117054,31.53887769156097,0.0,False
1011,9,130.0,129.96520598562003,31.53887769156097,0.0,False
1011,10,130.0,131.54893064500618,34.77717337346908,0.0,False
1011,11,130.0,130.44444142476388,43.680011936003865,0.0,False
1011,12,130.0,126.76598417592463,43.54457253008978,0.0,False
1011,13,130.0,128.98997890310406,18.62711368260804,0.0,False
1011,14,130.0,125.1723191773599,44.61014462432894,0.0,False
1011,15,125.0,120.45453594681923,46.324285459574355,5.0,False
1011,16,110.0,114.6187046319669,57.37235284220375,20.0,False
1012,0,100.0,86.00947096592022,137.81802212051056,30.0,True
1012,1,135.0,102.26652834723065,137.81802212051056,5.0,False
1012,2,130.0,118.08100676460221,137.82032999102665,0.0,False
1012,3,130.0,132.34504929016097,11.812891933002447,0.0,False
1012,4,130.0,131.5835738722368,11.812891933002447,0.0,False
1012,5,130.0,130.17277193321965,36.582351650240824,0.0,False
1012,6,130.0,131.21077148586812,11.499958888878439,0.0,False
1012,7,130.0,130.51077398553875,8.457924670119809,0.0,False
1012,8,130.0,126.555067448837,26.134801029316577,0.0,False
1012,9,130.0,122.77012786289066,32.83736092056043,0.0,False
1013,0,130.0,131.1349471022964,8.089363030901112,0.0,False
1013,1,130.0,130.50100089194385,6.574745313805181,0.0,False
1013,2,130.0,130.22622368613082,6.597100031974037,0.0,False
1013,3,130.0,129.88551448601316,12.148529554388631,0.0,False
1013,4,130.0,128.99221512269514,2.2420260852576064,0.0,False
1013,5,130.0,129.33455065973868,3.572509798511817,0.0,False
1013,6,130.0,128.9071365895993,35.05887921450132,0.0,False
1013,7,130.0,131.51213965480324,16.550601639420492,0.0,False
1013,8,130.0,133.1344829765882,13.598232483587367,0.0,False
1013,9,135.0,134.06661758322298,13.37874294371585,5.0,False
1013,10,135.0,130.3461454457365,44.414099366954744,5.0,False
1013,11,135.0,118.3152586472893,141.88994232598898,5.0,False
1013,12,135.0,108.41738989057819,141.89393326344285,5.0,False
1013,13,135.0,102.37745008685353,141.89102452352856,5.0,False
1013,14,110.0,96.16402181841185,144.06291250870572,20.0,False
1013,15,100.0,91.85878623151076,139.57805720101996,30.0,True
1013,16,105.0,89.66083206843558,137.109692537966,25.0,True
1014,0,145.0,134.58994065609383,40.679272797497205,0.0,False
1014,1,145.0,139.4317877475036,44.2000024457971,0.0,False
1014,2,150.0,142.59365942500642,41.11294075968408,5.0,False
1014,3,145.0,143.1965638181081,23.173219958925614,0.0,False
1014,4,145.0,144.62004314716617,21.287416343350742,0.0,False
1014,5,145.0,143.73584902079665,22.16692287853735,0.0,False
1014,6,145.0,143.2741025034122,22.16569563191996,0.0,False
1014,7,140.0,135.97512472238188,35.769083453434746,5.0,False
1014,8,140.0,135.7504987674367,36.255392333404615,5.0,False
1014,9,140.0,133.81127441780447,32.88586758998548,5.0,False
1014,10,140.0,136.04620907883296,36.10191521019064,5.0,False
1014,11,140.0,134.93505450190167,35.01928087317965,5.0,False
1014,12,140.0,123.75344283517803,146.4421166365428,5.0,False
1014,13,135.0,121.75632128543097,53.36131469338079,10.0,False
1014,14,115.0,121.03094125130117,53.36131469338079,30.0,False
1014,15,110.0,117.43675247772767,53.36131469338079,35.0,False
1014,16,105.0,108.14471583610076,67.02311017396843,40.0,True
1015,0,140.0,114.71275341156208,146.48425590619,0.0,False
1015,1,145.0,141.98991222735896,30.759248383346375,5.0,False
1015,2,140.0,142.76388621515707,9.135224190155185,0.0,False
1015,3,140.0,141.89239467906924,9.135224190155185,0.0,False
1015,4,140.0,140.1670737452495,14.775024134649641,0.0,False
1015,5,140.0,140.54346993234228,12.968787892734781,0.0,False
1015,6,140.0,140.6084673660689,12.968787892734781,0.0,False
1015,7,140.0,140.17073174553903,14.66109306568606,0.0,False
1015,8,140.0,139.68054672275426,11.833850977634796,0.0,False
1015,9,140.0,137.3504371863316,14.210037566846992,0.0,False
1015,10,140.0,137.72495845942512,7.868998720457029,0.0,False
1015,11,140.0,138.86935065122873,14.699512101495657,0.0,False
1015,12,140.0,140.59098511788562,14.289203465369411,0.0,False
1015,13,140.0,135.45715430568578,45.01643024612514,0.0,False
1015,14,140.0,113.61398245628725,148.3360952696575,0.0,False
1015,15,140.0,103.92103006961328,148.3360952696575,0.0,False
1015,16,100.0,85.67849295434812,148.41917217736872,40.0,True
1016,0,140.0,137.4304043600035,63.86696074462924,5.0,False
1016,1,140.0,139.671520520311,42.13410338505504,5.0,False
1016,2,145.0,138.1204444554161,59.533280552820685,0.0,False
1016,3,145.0,143.4536229656644,13.98512960007676,0.0,False
1016,4,145.0,144.00651213050025,16.46450116621051,0.0,False
1016,5,145.0,145.52037131561985,10.616619913318743,0.0,False
1016,6,145.0,126.11062719964697,149.75272258004665,0.0,False
1016,7,145.0,107.31965579410407,147.85921680133745,0.0,False
1016,8,145.0,116.58820281550962,147.85651412402856,0.0,False
1016,9,145.0,116.85709366516143,147.94129403495245,0.0,False
1016,10,145.0,116.18579482259013,149.634450706145,0.0,False
1016,11,145.0,116.27365876529508,147.8480193029681,0.0,False
1016,12,145.0,115.60580635106899,147.8480193029681,0.0,False
1016,13,145.0,118.28598570073068,147.84229872638267,0.0,False
1016,14,145.0,146.61398964044955,12.158973341945341,0.0,False
1016,15,145.0,147.59806165234428,14.687886132202124,0.0,False
1016,16,150.0,146.49302991466948,51.91567707827109,5.0,False
1017,0,175.0,162.56052676900217,76.32431205142281,45.0,True
1017,1,175.0,174.21890126558677,20.791646052867208,45.0,True
1017,2,175.0,176.59229529727924,19.004348481216425,45.0,True
1017,3,175.0,173.312654366286,33.88160137763569,45.0,True
1017,4,180.0,171.8108025939596,33.88160137763572,50.0,True
1017,5,180.0,146.57074805752325,183.31349917621353,50.0,True
1017,6,175.0,138.2222582304178,183.31349917621353,45.0,True
1017,7,155.0,129.91904316731674,183.31349917621353,25.0,False
1017,8,135.0,118.05617356051111,183.34438170935837,5.0,False
1017,9,135.0,116.11387735308851,185.9452735115336,5.0,False
1017,10,125.0,109.87018060633287,158.93004430840716,5.0,False
1017,11,110.0,94.46985719272772,135.20835352442913,20.0,False
1017,12,105.0,101.49639543390751,135.15631936822456,25.0,True
1017,13,110.0,112.46635564913275,45.47795410187176,20.0,False
1017,14,110.0,98.7918484026806,135.2242457388194,20.0,False
1017,15,85.0,87.17731394633688,135.24913350818318,45.0,True
1017,16,85.0,65.99890084644113,136.42766512308296,45.0,True
1018,0,135.0,131.06309132458574,98.18773219177831,20.0,False
1018,1,140.0,132.23424147781873,94.57532286067237,15.0,False
1018,2,135.0,128.58322212579094,86.31372540942073,20.0,False
1018,3,145.0,134.54379604858076,89.40639581384187,10.0,False
1018,4,150.0,139.33054867730553,95.12288630606821,5.0,False
1018,5,160.0,139.12783693220044,95.12288630606818,5.0,False
1018,6,160.0,146.58415029262665,99.83427724269993,5.0,False
1018,7,160.0,158.49699153047564,31.278484147971426,5.0,False
1018,8,160.0,160.5704211811781,17.679440685148876,5.0,False
1018,9,160.0,160.5135827824279,17.838374217788697,5.0,False
1018,10,160.0,162.36604115681936,12.691679998712772,5.0,False
1018,11,160.0,162.42744924255248,13.039341200584005,5.0,False
1018,12,160.0,149.20865967058978,78.41340793476724,5.0,False
1018,13,160.0,141.9099513099893,89.42505529858201,5.0,False
1018,14,160.0,134.47454918817033,78.41340793476724,5.0,False
1018,15,140.0,132.68942285351116,78.41340793476724,15.0,False
1018,16,135.0,120.69492630629323,166.636167226043,20.0,False
1019,0,145.0,143.20657179831377,16.50480290678425,0.0,False
1019,1,145.0,142.41008374935336,12.804013235321946,0.0,False
1019,2,145.0,142.85964127088144,15.100206702454585,0.0,False
1019,3,145.0,144.7128479443441,14.069076844199571,0.0,False
1019,4,145.0,146.08263773277264,10.213952885954484,0.0,False
1019,5,145.0,145.83333280964038,10.213952885954484,0.0,False
1019,6,145.0,145.2711215683449,12.182063992926857,0.0,False
1019,7,145.0,145.52850130505777,11.225709327106955,0.0,False
1019,8,145.0,143.63295217914703,18.557249723095453,0.0,False
1019,9,145.0,141.3161051360067,23.81662734872306,0.0,False
1019,10,145.0,131.56306433384123,67.16520613657853,0.0,False
1019,11,140.0,123.82850903531104,63.456720926875136,5.0,False
1019,12,135.0,117.1205850749706,59.97045234285922,10.0,False
1019,13,130.0,113.13779465855798,57.21581867939808,15.0,False
1019,14,120.0,110.8011931512654,58.54434868884947,25.0,False
1019,15,120.0,108.55145415559122,47.656956068566146,25.0,False
1019,16,115.0,106.07175839681925,42.985340669451276,30.0,False
1020,0,155.0,152.57087421402753,6.935782994369845,0.0,False
1020,1,155.0,152.81790053214107,6.3725703563283105,0.0,False
1020,2,155.0,153.135671775459,6.361977984551743,0.0,False
1020,3,155.0,153.77731651229354,6.255885259612484,0.0,False
1020,4,155.0,154.59625964610356,4.615800895390748,0.0,False
1020,5,155.0,154.72675030986332,4.433995416050607,0.0,False
1020,6,155.0,154.8396106096403,3.947259951080639,0.0,False
1020,7,155.0,154.22362176914476,6.028633832621807,0.0,False
1020,8,155.0,154.2652116851964,5.962411667704174,0.0,False
1020,9,155.0,154.94420804464343,5.87916981578843,0.0,False
1020,10,155.0,154.75813239858297,5.708436744247507,0.0,False
1020,11,155.0,155.04739064645736,6.74123246505863,0.0,False
1020,12,155.0,154.7121198562607,5.760384046021954,0.0,False
1020,13,155.0,153.1472261673052,11.472951081744782,0.0,False
1020,14,155.0,152.66155132826694,13.138251379791512,0.0,False
1020,15,155.0,150.80745096294422,18.447605910541085,0.0,False
1020,16,150.0,149.3460264449397,20.875004301391215,5.0,False
1021,0,135.0,132.13082806552416,10.230415306934404,0.0,False
1021,1,135.0,132.94379285188603,8.689356208491375,0.0,False
1021,2,135.0,133.8214680397739,6.000911793498602,0.0,False
1021,3,135.0,134.15939769345215,6.000911793498602,0.0,False
1021,4,135.0,134.5084686602843,6.828233045427339,0.0,False
1021,5,135.0,134.45682648624367,6.182610547759168,0.0,False
1021,6,135.0,135.73177919968438,9.98103361233973,0.0,False
1021,7,135.0,136.1261525855031,4.918404561274144,0.0,False
1021,8,135.0,135.94730941283206,4.252511001929776,0.0,False
1021,9,135.0,135.75578334082843,4.544352727936257,0.0,False
1021,10,135.0,135.3716511305201,6.7249442170311795,0.0,False
1021,11,135.0,135.2414595369116,6.126897946601275,0.0,False
1021,12,135.0,135.39747125974014,6.126897946601275,0.0,False
1021,13,135.0,134.6546038077716,9.661133741763393,0.0,False
1021,14,135.0,133.51491092391504,6.814078544242193,0.0,False
1021,15,135.0,132.04574030180729,25.398877167922862,0.0,False
1021,16,135.0,115.66324818103423,136.7130363519232,0.0,False
1022,0,145.0,145.76526668744933,8.613440605313315,5.0,False
1022,1,145.0,145.82989409761575,8.613440605313315,5.0,False
1022,2,145.0,144.9090890298188,12.218371812122541,5.0,False
1022,3,145.0,145.34208860800223,10.206803174618017,5.0,False
1022,4,145.0,143.82406884498909,18.42977872198412,5.0,False
1022,5,145.0,142.55157143683962,16.012656450819065,5.0,False
1022,6,140.0,141.14956912468858,16.408567145909757,0.0,False
1022,7,140.0,138.78952821486664,14.248615453716837,0.0,False
1022,8,135.0,136.55743398862026,16.96753474917071,5.0,False
1022,9,135.0,133.80156414766756,13.667909146979028,5.0,False
1022,10,135.0,133.44666372325526,17.009595391060415,5.0,False
1022,11,130.0,132.72403563785042,11.384774248416576,10.0,False
1022,12,130.0,131.74476128185984,14.764459758911286,10.0,False
1022,13,130.0,129.8201852532272,15.512990386010046,10.0,False
1022,14,130.0,124.43926905389601,53.13766133126194,10.0,False
1022,15,125.0,119.13195908247503,50.37259282113253,15.0,False
1022,16,125.0,114.91830286830397,50.37259282113253,15.0,False
1023,0,145.0,144.84333885724814,16.76753667813435,5.0,False
1023,1,150.0,147.11050280327592,23.670147119453276,0.0,False
1023,2,150.0,149.3784830452331,10.189788722118777,0.0,False
1023,3,150.0,149.81403011079956,6.0778983564528914,0.0,False
1023,4,150.0,149.3779700940811,11.979097954650513,0.0,False
1023,5,150.0,150.0481616024761,5.436903830788225,0.0,False
1023,6,150.0,149.37383388938753,7.212018376171045,0.0,False
1023,7,150.0,150.62946451387586,9.028235331532954,0.0,False
1023,8,150.0,151.68002721844982,10.62117498985495,0.0,False
1023,9,150.0,152.08943998924985,12.166346277542914,0.0,False
1023,10,150.0,152.08578462094155,22.177799890393743,0.0,False
1023,11,155.0,152.87917242260713,11.344190667802707,5.0,False
1023,12,155.0,151.8018046986929,17.942978540211755,5.0,False
1023,13,155.0,149.80027600368294,24.575234284654385,5.0,False
1023,14,155.0,148.5745047893687,24.255903365921768,5.0,False
1023,15,140.0,145.08732362550015,28.898447976193523,10.0,False
1023,16,135.0,139.96247687853315,45.22335956767539,15.0,False
1024,0,135.0,136.8305929610074,15.975843212566375,5.0,False
1024,1,140.0,137.98630449523918,8.215326772335374,0.0,False
1024,2,140.0,137.73572735690348,7.872804347349955,0.0,False
1024,3,140.0,136.42920752346612,21.6422999319618,0.0,False
1024,4,135.0,135.4354870789726,27.705015622938717,5.0,False
1024,5,135.0,135.17147339979223,27.705015622938717,5.0,False
1024,6,135.0,115.86439339944734,141.91355442886245,5.0,False
1024,7,135.0,111.15719723340614,141.93985378244673,5.0,False
1024,8,135.0,114.94474725500017,143.72723772386323,5.0,False
1024,9,135.0,114.27962080964058,144.04827004191907,5.0,False
1024,10,140.0,116.53944129792659,144.04827004191907,0.0,False
1024,11,140.0,118.8053345635269,144.25822093510678,0.0,False
1024,12,140.0,116.68753640603019,144.04827004191907,0.0,False
1024,13,140.0,122.46065228561874,144.0482700419208,0.0,False
1024,14,140.0,141.48834307492123,6.266300129766051,0.0,False
1024,15,140.0,141.49866400801767,7.570425671289769,0.0,False
1024,16,140.0,140.8364321246178,6.434547467336671,0.0,False
1025,0,125.0,123.17939661485946,8.058583242712345,5.0,False
1025,1,125.0,123.2058458321676,10.09656311460165,5.0,False
1025,2,125.0,124.20949190020055,4.276604496941374,5.0,False
1025,3,125.0,123.99054511906046,4.276604496941374,5.0,False
1025,4,125.0,123.9982096876576,4.317963215933787,5.0,False
1025,5,125.0,124.15430936833936,6.5559933906986885,5.0,False
1025,6,125.0,122.9956136711834,12.959771227505328,5.0,False
1025,7,125.0,121.70703300307547,13.424448899164261,5.0,False
1025,8,120.0,120.49574026422444,13.149968945022025,0.0,False
1025,9,120.0,119.0881003081592,17.760686649664308,0.0,False
1025,10,120.0,117.7269019141786,15.300886672504149,0.0,False
1025,11,120.0,117.95976483259739,15.30099171883731,0.0,False
1025,12,120.0,117.46341179034312,15.888414245995236,0.0,False
1025,13,120.0,117.24841031189189,14.72481113921495,0.0,False
1025,14,120.0,118.29694410828024,13.877614457031612,0.0,False
1025,15,120.0,117.50497076903174,13.877614457031612,0.0,False
1025,16,120.0,115.07574234606608,32.339942875968504,0.0,False
1026,0,140.0,142.61330495338876,29.895625185204892,0.0,False
1026,1,140.0,141.7262571049023,32.947853528493084,0.0,False
1026,2,140.0,138.99401839336778,20.10783048801798,0.0,False
1026,3,140.0,138.70656606050943,20.10783048801798,0.0,False
1026,4,140.0,140.76998251683224,20.412427663313792,0.0,False
1026,5,145.0,141.5137597691843,33.43850997759037,5.0,False
1026,6,145.0,137.66641878484924,37.414511960813485,5.0,False
1026,7,140.0,133.18965161517133,34.18431276015497,0.0,False
1026,8,135.0,131.45632140634532,34.18431276015497,5.0,False
1026,9,135.0,130.46677850607816,34.18431276015497,5.0,False
1026,10,140.0,132.45005518399344,34.18431276015497,0.0,False
1026,11,130.0,130.6021923437368,34.18431276015497,10.0,False
1026,12,125.0,127.4666809632971,31.869597005205407,15.0,False
1026,13,125.0,122.89198170472291,53.06705600990172,15.0,False
1026,14,130.0,104.56607402100107,145.841635142418,10.0,False
1026,15,135.0,90.19264112765406,145.84370824311418,5.0,False
1026,16,130.0,79.18291010356496,145.9505271645325,10.0,False
1027,0,85.0,74.64466218004009,153.10646820229482,65.0,True
1027,1,145.0,92.9133891466828,153.10646820229482,5.0,False
1027,2,145.0,107.81577978181704,153.10646820229482,5.0,False
1027,3,145.0,124.44027868808608,153.10905281581654,5.0,False
1027,4,150.0,142.57574547704505,38.89714646919461,0.0,False
1027,5,145.0,143.500058334296,41.2329639830196,5.0,False
1027,6,145.0,143.9911383816386,42.88526599860819,5.0,False
1027,7,150.0,146.41950796777107,40.9346538122048,0.0,False
1027,8,155.0,148.77081086604167,42.95597483006992,5.0,False
1027,9,155.0,148.65256312983738,60.8641584870291,5.0,False
1027,10,155.0,155.80441338513552,23.052748013971723,5.0,False
1027,11,155.0,156.3014328300808,10.583458591111508,5.0,False
1027,12,155.0,151.92649450362242,35.6559604902651,5.0,False
1027,13,155.0,146.05364586722297,67.07056442411493,5.0,False
1027,14,145.0,123.40676995344751,160.1943395962844,5.0,False
1028,0,145.0,133.34874611752733,67.60012045942048,0.0,False
1028,1,145.0,132.43224402884022,68.8480893930146,0.0,False
1028,2,140.0,127.73269160030041,70.17398030087386,5.0,False
1028,3,145.0,129.37066998524702,70.17398030087386,0.0,False
1028,4,145.0,129.95093631409313,70.17398030087386,0.0,False
1028,5,150.0,130.48298820170658,71.74752055488472,5.0,False
1028,6,140.0,126.24396375797863,67.94731057829691,5.0,False
1028,7,140.0,125.34047389447554,67.94731057829691,5.0,False
1028,8,145.0,135.07646286047452,68.05635173280943,0.0,False
1028,9,145.0,145.22298094928803,38.76392626037031,0.0,False
1028,10,145.0,148.0652136879835,25.345075390222462,0.0,False
1028,11,150.0,151.07438259083665,32.760845449882,5.0,False
1028,12,155.0,152.88443684209201,36.7608066982873,10.0,False
1028,13,150.0,150.69502100636313,51.775163321244634,5.0,False
1028,14,155.0,151.45016994172784,47.15019959342375,10.0,False
1028,15,160.0,149.87117608226234,47.15019959342375,15.0,False
1028,16,150.0,142.94307468735065,73.63995600510418,5.0,False
1029,0,150.0,148.06046979585764,11.289093541886558,0.0,False
1029,1,150.0,147.66947419881103,9.05622981199852,0.0,False
1029,2,150.0,147.44245595277386,9.29865690066481,0.0,False
1029,3,150.0,148.07191740770952,9.35598835351027,0.0,False
1029,4,150.0,148.50182586747152,3.971916447136749,0.0,False
1029,5,150.0,148.6042865917185,5.591414941001858,0.0,False
1029,6,150.0,148.72740494191194,5.226469930522882,0.0,False
1029,7,150.0,149.62815429809177,7.267519487492763,0.0,False
1029,8,150.0,150.0969565651344,8.246676472223527,0.0,False
1029,9,150.0,150.85749865589324,9.975975793128441,0.0,False
1029,10,150.0,151.67198314975386,10.403500481308669,0.0,False
1029,11,150.0,139.37566179628763,155.88304798367284,0.0,False
1029,12,155.0,140.72696075586143,53.693331593832866,5.0,False
1029,13,155.0,134.675128603945,57.71586367913825,5.0,False
1029,14,120.0,112.11701740278397,155.89710878707962,30.0,False
1029,15,110.0,92.76832108615473,155.65530582851167,40.0,False
1029,16,105.0,73.53556326556095,156.19125772610207,45.0,True
1030,0,125.0,126.45224092161749,13.059506970746412,5.0,False
1030,1,130.0,128.3602954444923,17.13475701238147,0.0,False
1030,2,130.0,130.18341449326104,16.357303540949914,0.0,False
1030,3,130.0,131.84128626056983,13.018685246636693,0.0,False
1030,4,135.0,136.70619374433235,29.850595765995024,5.0,False
1030,5,135.0,139.31516434360597,29.646367287500652,5.0,False
1030,6,135.0,143.19208408493773,37.24204383654691,5.0,False
1030,7,135.0,146.7946137058589,35.36531142855526,5.0,False
1030,8,140.0,147.7208409320813,33.84697368500494,10.0,False
1030,9,155.0,150.73784331031246,33.84697368500494,25.0,False
1030,10,155.0,152.30400133975417,34.10526221116385,25.0,False
1030,11,160.0,152.26403330334531,30.309315680575594,30.0,False
1030,12,150.0,149.55076569489037,30.309315680575594,20.0,False
1030,13,155.0,148.49679312965912,32.46550750393186,25.0,False
1030,14,150.0,147.28816121338116,24.882994060980906,20.0,False
1030,15,140.0,145.98217524914875,35.0937277026258,10.0,False
1030,16,140.0,125.4578981435651,163.7388438644047,10.0,False
1031,0,145.0,146.5130717352668,12.90866917702354,5.0,False
1031,1,145.0,145.08148972848716,11.58088533556014,5.0,False
1031,2,145.0,143.80805433421517,17.44708803436751,5.0,False
1031,3,145.0,142.14905138261972,16.502385458467245,5.0,False
1031,4,140.0,141.2864960669658,17.0152154773927,0.0,False
1031,5,140.0,139.0954657359938,16.153166671350192,0.0,False
1031,6,140.0,138.14069462523423,7.687775039863965,0.0,False
1031,7,140.0,138.6354921484168,9.164976285869471,0.0,False
1031,8,140.0,138.6946040839862,8.99803446150301,0.0,False
1031,9,140.0,140.10178186577608,14.890933601788134,0.0,False
1031,10,140.0,141.05405406662965,11.076093827774315,0.0,False
1031,11,140.0,140.57817627355902,11.180244662100364,0.0,False
1031,12,140.0,139.50337562644282,27.50950224350163,0.0,False
1031,13,140.0,136.44977297551983,30.298084871942635,0.0,False
1031,14,140.0,135.18302267789235,30.704015106867615,0.0,False
1031,15,140.0,134.5309720157402,30.704015106867615,0.0,False
1031,16,135.0,124.56959766991679,61.32822725304803,5.0,False
1032,0,140.0,146.87330506288336,31.82060456075064,5.0,False
1032,1,140.0,147.59969125332145,30.791180653985236,5.0,False
1032,2,140.0,144.08198491863095,20.73688352780175,5.0,False
1032,3,140.0,141.20906229419202,14.08829465906831,5.0,False
1032,4,140.0,141.23330671821589,8.416646164910333,5.0,False
1032,5,145.0,142.29989386977022,8.488783330227022,0.0,False
1032,6,145.0,142.76569386145056,8.42058914063918,0.0,False
1032,7,145.0,143.63117609147832,5.603152639650119,0.0,False
1032,8,145.0,143.41409251831283,5.603152639650119,0.0,False
1032,9,145.0,143.19825910915196,5.8497626008965256,0.0,False
1032,10,145.0,143.13183675368538,5.325365476777961,0.0,False
1032,11,145.0,143.28013784009144,5.616338934375932,0.0,False
1032,12,145.0,143.1256964850151,5.454430417445451,0.0,False
1032,13,140.0,140.09669653039126,38.81304236718708,5.0,False
1032,14,140.0,135.39644483927003,40.56435108897385,5.0,False
1032,15,140.0,126.81104587452191,69.89126262125357,5.0,False
1032,16,140.0,121.57646450353054,69.732522194699,5.0,False
1033,0,160.0,159.57384455675884,13.208998208726115,10.0,False
1033,1,160.0,159.5083607565337,13.208998208726115,10.0,False
1033,2,160.0,159.85683330122188,13.208998208726115,10.0,False
1033,3,160.0,158.8571206859839,37.20703256313783,10.0,False
1033,4,160.0,156.21055661488725,34.02207361340234,10.0,False
1033,5,160.0,154.1812012976607,36.26180652335216,10.0,False
1033,6,150.0,151.0935828479327,29.31124746790735,0.0,False
1033,7,150.0,151.07507727781305,29.31124746790735,0.0,False
1033,8,145.0,148.24246500941695,29.31124746790735,5.0,False
1033,9,145.0,146.32813519026215,29.31124746790735,5.0,False
1033,10,145.0,143.90662105372556,24.69492058291786,5.0,False
1033,11,145.0,144.993119325877,18.35766570652561,5.0,False
1033,12,145.0,145.84920397518604,15.956294056399997,5.0,False
1033,13,145.0,146.24929543796713,15.956294056399997,5.0,False
1033,14,145.0,145.59898298426853,14.524689642147308,5.0,False
1033,15,145.0,140.41174758679963,45.97879555940487,5.0,False
1033,16,145.0,138.5735035540834,45.712897148771276,5.0,False
1034,0,130.0,89.41318458864998,139.0303439045722,20.0,False
1034,1,135.0,107.61150571261038,145.34093230461858,15.0,False
1034,2,140.0,134.84946008568966,30.571239243617157,10.0,False
1034,3,145.0,136.20739719228138,32.13616016450746,5.0,False
1034,4,145.0,138.2018229070577,31.77194800234662,5.0,False
1034,5,145.0,141.4763786284872,33.668626578708185,5.0,False
1034,6,150.0,146.43430105715007,35.9484113121968,0.0,False
1034,7,150.0,149.68596951563936,16.013734892241104,0.0,False
1034,8,150.0,150.9237879870087,11.622701309211976,0.0,False
1034,9,150.0,150.70765348551174,13.017190278245948,0.0,False
1034,10,150.0,149.321179288136,19.928593868115456,0.0,False
1034,11,150.0,148.53007373314122,15.386828001260056,0.0,False
1034,12,150.0,149.04177610433,15.386828001260056,0.0,False
1034,13,150.0,149.7494475129552,17.975741599034365,0.0,False
1034,14,150.0,150.39933318157512,20.86566148476649,0.0,False
1034,15,150.0,152.01600831860668,28.179222791935217,0.0,False
1034,16,155.0,135.5500530219032,168.11272210882638,5.0,False
1035,0,145.0,146.39142855558546,9.634776600651946,0.0,False
1035,1,145.0,147.02342346722435,9.825357966228438,0.0,False
1035,2,145.0,146.51492447811182,11.341962316934087,0.0,False
1035,3,145.0,145.63788926873607,7.502709692155406,0.0,False
1035,4,145.0,144.61030296040445,10.441561906017512,0.0,False
1035,5,145.0,144.9834196246417,7.350243589703268,0.0,False
1035,6,145.0,144.8413443238338,6.720872030346044,0.0,False
1035,7,145.0,145.22629208009846,9.231987735349122,0.0,False
1035,8,145.0,145.2074734900905,8.094912082510291,0.0,False
1035,9,145.0,145.67792682102535,10.4771933528651,0.0,False
1035,10,145.0,148.4042255891789,25.604419656360534,0.0,False
1035,11,145.0,152.27775930768905,38.40046209033184,0.0,False
1035,12,145.0,157.50334134877613,38.05593512773348,0.0,False
1035,13,150.0,141.97081131399327,117.82220189405794,5.0,False
1035,14,155.0,134.96972411971475,117.05715503472888,10.0,False
1035,15,160.0,144.12427465378175,117.05715503472888,15.0,False
1035,16,170.0,148.64655518310158,125.45138586284372,25.0,True
1036,0,165.0,165.13705243128624,10.845006601629194,0.0,True
1036,1,165.0,165.61570187428507,10.845006601629194,0.0,True
1036,2,165.0,165.87374600589783,12.567254504865332,0.0,True
1036,3,165.0,165.01960921256773,8.713657343353674,0.0,True
1036,4,165.0,133.58940636165383,168.9601960155669,0.0,True
1036,5,165.0,125.62900766697416,168.98066320376793,0.0,True
1036,6,165.0,131.41175904814202,172.6588974850459,0.0,True
1036,7,165.0,132.9549445040407,172.42423597645129,0.0,True
1036,8,170.0,132.53403531793137,172.42423597645129,5.0,True
1036,9,170.0,122.62583726505807,172.42423597645129,5.0,True
1036,10,160.0,104.11118810458302,172.42423597645129,5.0,False
1036,11,145.0,116.53225471031047,172.43130748305276,20.0,False
1036,12,155.0,137.44722130261627,75.11935199910356,10.0,False
1036,13,150.0,136.13211882218496,77.00392374243636,15.0,False
1036,14,150.0,135.98582993852673,71.13841261188956,15.0,False
1036,15,145.0,135.7586406129716,82.4989149360077,20.0,False
1036,16,140.0,141.00084341433603,85.45789829370344,25.0,False
1037,0,130.0,130.8855517277275,16.827293906425183,0.0,False
1037,1,130.0,131.29072481065214,23.203676137676723,0.0,False
1037,2,130.0,130.10134596012898,11.90639942244826,0.0,False
1037,3,130.0,130.18287750789625,12.378035672034926,0.0,False
1037,4,130.0,130.46221848906015,10.321802695911188,0.0,False
1037,5,130.0,131.13291652028252,6.073828207649754,0.0,False
1037,6,130.0,130.42054113867567,9.381246900816976,0.0,False
1037,7,130.0,128.6290773369468,11.958377804662149,0.0,False
1037,8,125.0,126.65856805227627,16.79019604845145,5.0,False
1037,9,125.0,125.67916443149957,15.889801850713809,5.0,False
1037,10,125.0,125.20175569978325,14.785780218952937,5.0,False
1037,11,125.0,122.95484095359323,17.178038871970315,5.0,False
1037,12,125.0,118.42445297403154,52.560886904456865,5.0,False
1037,13,120.0,113.39033914412866,48.47850346695007,10.0,False
1037,14,120.0,114.65921001408482,75.83752360355898,10.0,False
1037,15,120.0,121.63589561295798,78.56790072996696,10.0,False
1037,16,125.0,120.30771459983082,80.15641017525377,5.0,False
1038,0,135.0,79.01115513348044,137.61123732179544,5.0,False
1038,1,135.0,80.2123721155083,141.58936386381606,5.0,False
1038,2,135.0,83.05284049557977,155.7227868128512,5.0,False
1038,3,140.0,84.20291751038187,157.86540652357178,10.0,False
1038,4,145.0,93.55057082639408,157.37607945233142,15.0,False
1038,5,140.0,110.1742018883212,157.37607945233142,10.0,False
1038,6,140.0,130.15697183515343,157.37924368191534,10.0,False
1038,7,140.0,140.73751664345133,29.63728843190978,10.0,False
1038,8,135.0,139.7972669845574,29.45269805285305,5.0,False
1038,9,135.0,138.29354755196357,30.1179166838249,5.0,False
1038,10,130.0,134.39818598037735,29.6992372371152,0.0,False
1038,11,130.0,130.79416130697422,17.520642937212045,0.0,False
1038,12,130.0,128.82260929489374,12.128981071473177,0.0,False
1038,13,125.0,126.4588477956525,11.887941628818254,5.0,False
1038,14,125.0,124.08516102671061,17.740194521819774,5.0,False
1038,15,125.0,122.61974043739244,18.42828665363531,5.0,False
1038,16,125.0,118.93636979807793,32.80281409222688,5.0,False
1039,0,130.0,115.91538998600629,58.59125076865925,5.0,False
1039,1,130.0,124.06238792796947,40.4473396476954,5.0,False
1039,2,130.0,132.43067230588048,54.61866576633044,5.0,False
1039,3,130.0,131.4410224243228,47.30427786516472,5.0,False
1039,4,135.0,133.20591349259882,12.20994909332272,0.0,False
1039,5,135.0,134.34868063425844,9.76004740937016,0.0,False
1039,6,135.0,134.74234851858083,6.458358550454079,0.0,False
1039,7,135.0,134.97720070925885,5.286074231732215,0.0,False
1039,8,135.0,135.00905408044918,5.294617963145328,0.0,False
1039,9,135.0,119.80334079495447,138.51269478753503,0.0,False
1039,10,135.0,105.36360280997248,136.90473597037948,0.0,False
1039,11,135.0,99.28833568336577,137.14575202195206,0.0,False
1039,12,135.0,93.98802751481587,136.36593799656467,0.0,False
1039,13,95.0,87.28597102692038,135.68558524256954,40.0,True
1039,14,90.0,79.29195000406624,135.68558524256954,45.0,True
1039,15,85.0,71.98542865214569,133.6566146343724,50.0,True
1040,0,125.0,126.35480022162987,11.02404292282445,0.0,False
1040,1,125.0,125.62719469819812,7.102706019742627,0.0,False
1040,2,125.0,125.54954286104297,7.102706019742627,0.0,False
1040,3,125.0,126.08394776033907,9.42520797498041,0.0,False
1040,4,130.0,127.6274117088136,11.746911041751545,5.0,False
1040,5,125.0,127.36673721172434,12.39396697518768,0.0,False
1040,6,130.0,127.15852351805404,16.659256080660725,5.0,False
1040,7,125.0,125.38861032591359,19.59894513304566,0.0,False
1040,8,125.0,123.01350357315678,25.84765652265662,0.0,False
1040,9,125.0,117.14030464308478,50.91886004090286,0.0,False
1040,10,120.0,113.03110433582032,48.315229328483014,5.0,False
1040,11,115.0,110.73029191861346,48.04398943180746,10.0,False
1040,12,115.0,113.74927963260453,63.704629881157786,10.0,False
1040,13,110.0,116.2437742070756,63.72302062135944,15.0,False
1040,14,110.0,109.18449089728163,76.80167494172842,15.0,False
1040,15,95.0,102.47187538318802,80.63358489847079,30.0,True
1040,16,85.0,99.11158748375571,80.33969394585381,40.0,True
1041,0,145.0,147.3300243715683,12.165362811142614,0.0,False
1041,1,150.0,148.11043484726477,7.34414181046489,5.0,False
1041,2,150.0,148.80778867270726,9.191067820267392,5.0,False
1041,3,150.0,149.25748377491644,9.536481859428136,5.0,False
1041,4,150.0,148.56069649881027,11.876648759694973,5.0,False
1041,5,150.0,148.44407813136277,12.391345036581896,5.0,False
1041,6,145.0,147.0043494538819,18.894802284326715,0.0,False
1041,7,145.0,145.13787154224275,20.811639647209716,0.0,False
1041,8,140.0,144.71686033132093,28.075167386520178,5.0,False
1041,9,140.0,142.20948862433616,18.963423086202823,5.0,False
1041,10,140.0,139.95397788548507,19.331287440420994,5.0,False
1041,11,140.0,137.61635361265687,12.405271581407078,5.0,False
1041,12,135.0,133.66043218872508,46.46340551636959,10.0,False
1041,13,135.0,124.81622856417002,61.029659954919765,10.0,False
1041,14,135.0,116.57436107646878,68.75390685754577,10.0,False
1041,15,135.0,100.52055089632557,136.55591683682633,10.0,False
1041,16,105.0,83.65244742454651,136.6632032263747,40.0,True
1042,0,155.0,155.25287042820554,19.115254607173625,0.0,False
1042,1,155.0,156.0772867307482,20.45492191746945,0.0,False
1042,2,160.0,158.47365379564582,13.096100132893866,5.0,False
1042,3,160.0,156.9416612096692,24.75104280758532,5.0,False
1042,4,160.0,155.68184414036523,24.701305532399658,5.0,False
1042,5,155.0,153.71019515770413,23.365090819951376,0.0,False
1042,6,160.0,155.1829212419811,26.182979123919637,5.0,False
1042,7,155.0,155.45776182367183,29.128773120026466,0.0,False
1042,8,155.0,149.73375105265708,43.23779466906949,0.0,False
1042,9,150.0,148.2639195762097,36.9527397267415,5.0,False
1042,10,140.0,141.3428655855478,50.48322515854257,15.0,False
1042,11,145.0,137.49394666879405,60.637165859819035,10.0,False
1042,12,120.0,134.3046235503676,55.46232349787307,35.0,False
1042,13,120.0,130.77693728068658,56.15972199251415,35.0,False
1042,14,120.0,121.5068412608308,26.566644170536094,35.0,False
1042,15,120.0,107.17896513609196,150.13576627157315,35.0,False
1042,16,115.0,88.70936261031657,134.34221703315288,40.0,False
1043,0,135.0,81.49014335281919,134.7511783828606,0.0,False
1043,1,135.0,98.22181351921786,135.14665274309272,0.0,False
1043,2,135.0,117.4818408693656,135.98942669942755,0.0,False
1043,3,135.0,132.56526778337147,9.635171860571887,0.0,False
1043,4,130.0,132.00280304777203,8.05441556590641,5.0,False
1043,5,130.0,131.8454059759896,7.984296296859725,5.0,False
1043,6,130.0,130.68409237041516,37.173468848516634,5.0,False
1043,7,130.0,132.43630606484112,7.984296296859725,5.0,False
1043,8,130.0,132.37595719043716,7.209987845367124,5.0,False
1043,9,135.0,132.6144760826848,8.659643184909243,0.0,False
1043,10,135.0,132.95358010481553,10.430692817195137,0.0,False
1043,11,135.0,133.59382694070663,5.690637139324764,0.0,False
1043,12,135.0,133.29056054551148,7.937748934945262,0.0,False
1043,13,135.0,124.11372552102941,55.50671600230841,0.0,False
1043,14,135.0,118.28776593780627,57.087143242935056,0.0,False
1044,0,135.0,133.97153006832247,40.128467228607406,50.0,False
1044,1,135.0,131.32570838520112,46.59756647556165,50.0,False
1044,2,135.0,108.28825493278086,139.78270763143547,50.0,False
1044,3,135.0,110.92449972044543,139.78270763143547,50.0,False
1044,4,140.0,85.60975274221143,139.78622325261546,55.0,False
1044,5,120.0,68.41041013374522,139.8054809109153,35.0,False
1045,0,155.0,155.2681250720928,14.555249672379489,5.0,False
1045,1,155.0,153.4905445958427,15.289943734862902,5.0,False
1045,2,150.0,151.9369975241393,12.47355821348458,0.0,False
1045,3,150.0,150.77460559124142,12.125871376012611,0.0,False
1045,4,150.0,149.5319835440504,7.445010899803123,0.0,False
1045,5,150.0,148.507207529414,11.54463896238883,0.0,False
1045,6,150.0,145.515662649589,22.08505008375056,0.0,False
1045,7,145.0,141.82164389282042,33.3909372740857,5.0,False
1045,8,145.0,138.81698171570966,30.78044488040713,5.0,False
1045,9,145.0,135.96728450825094,30.78044488040713,5.0,False
1045,10,145.0,133.8046763711961,32.571576822069645,5.0,False
1045,11,135.0,130.83507115273133,28.78239420885849,15.0,False
1045,12,130.0,129.3666591935108,24.67433030912737,20.0,False
1045,13,130.0,129.5784447811734,26.342991238142886,20.0,False
1045,14,130.0,125.59399028118445,76.82699316999495,20.0,False
1045,15,130.0,107.62300071916465,143.64102250843598,20.0,False
1045,16,130.0,92.5385146713118,143.70465265284528,20.0,False
1046,0,135.0,133.63053838049265,35.46394538751136,0.0,False
1046,1,140.0,133.01350751143283,37.37464013039015,5.0,False
1046,2,140.0,136.17724214376378,22.496853860002673,5.0,False
1046,3,140.0,137.67338044824993,16.206617860147162,5.0,False
1046,4,140.0,138.06549231578148,11.433175884861328,5.0,False
1046,5,140.0,138.8445248040839,8.546826076503777,5.0,False
1046,6,140.0,137.81213110287476,14.8266562907327,5.0,False
1046,7,140.0,137.07382075213212,11.352099667030586,5.0,False
1046,8,135.0,136.34076439582938,8.243990353771437,0.0,False
1046,9,135.0,131.4841345857293,40.35582184914712,0.0,False
1046,10,135.0,126.03104618559077,42.31852267645931,0.0,False
1046,11,135.0,119.9449404797086,49.3092978824902,0.0,False
1046,12,135.0,113.64125866554224,53.06652207757253,0.0,False
1046,13,115.0,111.50405660058816,51.7050725112386,20.0,False
1046,14,100.0,107.94262422003382,52.20142864790225,35.0,True
1046,15,100.0,102.79880803502276,45.252039645225864,35.0,True
1046,16,100.0,103.5335238417157,44.47013131457524,35.0,True
1047,0,175.0,104.97774641930326,180.35120560992792,5.0,True
1047,1,175.0,126.34099065741526,180.35120560992792,5.0,True
1047,2,175.0,147.8111081650485,180.35147778423186,5.0,True
1047,3,175.0,171.78139899187698,24.857817093834683,5.0,True
1047,4,175.0,171.44815506024358,24.857817093834683,5.0,True
1047,5,175.0,170.6504305607956,25.10956105416483,5.0,True
1047,6,170.0,168.0289074404153,20.161926469366307,0.0,True
1047,7,170.0,169.57951222714763,11.473841449577918,0.0,True
1047,8,170.0,168.1283102741486,16.790706816631626,0.0,True
1047,9,170.0,165.55701111975878,32.42035713435206,0.0,True
1047,10,170.0,151.6946387025228,175.0684648140074,0.0,True
1048,0,180.0,164.95198554330156,72.1486921166385,50.0,True
1048,1,175.0,159.7939355158349,71.84084379559388,45.0,True
1048,2,130.0,153.89834444142082,71.84084379559388,0.0,False
1048,3,130.0,148.36383973568212,73.54240635532199,0.0,False
1048,4,130.0,142.1989755930107,70.60909761224198,0.0,False
1048,5,130.0,135.65401906425254,64.18149209606017,0.0,False
1048,6,130.0,130.14254087553854,26.004169800713072,0.0,False
1048,7,135.0,132.93717054937616,11.328153248787615,5.0,False
1048,8,135.0,133.7634552079667,6.248311390184028,5.0,False
1048,9,135.0,133.28676936469603,7.87669407636713,5.0,False
1048,10,135.0,133.67580265553357,7.8615282187623166,5.0,False
1048,11,135.0,132.9976002720751,6.693290629582094,5.0,False
1048,12,135.0,132.5858200167125,8.281393088922556,5.0,False
1048,13,130.0,131.4164988600085,14.561557867361401,0.0,False
1048,14,130.0,128.25887978330638,25.191206374592696,0.0,False
1048,15,130.0,127.50681922988879,17.32237085686438,0.0,False
1048,16,130.0,129.2973752115541,30.519878141424186,0.0,False
1049,0,130.0,127.64083765450394,14.173246332866682,5.0,False
1049,1,125.0,126.02518572372777,10.349463934969947,0.0,False
1049,2,125.0,124.58854916876243,9.449076560916055,0.0,False
1049,3,125.0,123.11652426509087,8.505560706084552,0.0,False
1049,4,125.0,122.35654029476976,10.050661695987245,0.0,False
1049,5,120.0,121.59624556921166,6.946380736571683,5.0,False
1049,6,120.0,120.60957424097404,6.638949246418747,5.0,False
1049,7,120.0,120.33148537991632,6.3837131715159785,5.0,False
1049,8,120.0,120.27176923894949,6.201501120203702,5.0,False
1049,9,120.0,120.11011477571876,5.756622300424013,5.0,False
1049,10,120.0,119.47208553351331,5.756622300424013,5.0,False
1049,11,120.0,119.0002852663097,13.035530374658691,5.0,False
1049,12,120.0,121.55513858610865,15.9542966539382,5.0,False
1049,13,120.0,121.82092203134596,29.333066666628653,5.0,False
1049,14,120.0,108.1509023259635,135.17242730944432,5.0,False
1049,15,125.0,93.24076428322024,135.17212886762093,0.0,False
1049,16,110.0,77.84669533201432,135.17212886762093,15.0,False
1050,0,130.0,131.01814158357732,7.993299610302017,0.0,False
1050,1,130.0,131.3684357971552,10.298976720994375,0.0,False
1050,2,130.0,131.21597576676547,9.808257573680294,0.0,False
1050,3,130.0,131.6022773228037,9.808257573680294,0.0,False
1050,4,130.0,132.18511401897098,10.910339127537668,0.0,False
1050,5,135.0,132.70433381937045,6.9600035253793635,5.0,False
1050,6,135.0,132.21535024168645,12.196536918484355,5.0,False
1050,7,130.0,130.4582495535345,17.735486715954607,0.0,False
1050,8,130.0,127.44985965369483,25.40790342871162,0.0,False
1050,9,130.0,125.04590445547765,22.224813142570312,0.0,False
1050,10,125.0,124.24182730629198,24.390557258142238,5.0,False
1050,11,125.0,123.3406583603052,19.926152230554706,5.0,False
1050,12,125.0,119.76908010673729,32.06601029840475,5.0,False
1050,13,120.0,116.32881765268563,31.934593499881714,10.0,False
1050,14,120.0,112.16765062506975,40.876792160000434,10.0,False
1050,15,120.0,107.83605756283697,48.625012046202855,10.0,False
1050,16,120.0,103.12453672697465,54.538215754316184,10.0,False
1051,0,135.0,133.8233326772048,5.09137144398025,0.0,False
1051,1,135.0,133.44730592379304,4.458616345690814,0.0,False
1051,2,135.0,133.0335218126973,2.5775612180993903,0.0,False
1051,3,135.0,132.58758355203926,5.059923500641048,0.0,False
1051,4,135.0,127.48657839392176,134.87652707246792,0.0,False
1051,5,135.0,104.33937029495304,134.93030424466565,0.0,False
1051,6,130.0,87.75365442557595,134.93030424466565,5.0,False
1051,7,135.0,71.24149813088002,134.93030424466565,0.0,False
1051,8,135.0,92.37788035673226,157.84953684105827,0.0,False
1051,9,135.0,109.87641846616758,149.9219404544693,0.0,False
1051,10,135.0,125.89357278113297,149.92814321807103,0.0,False
1051,11,135.0,108.00657303540923,149.94733277503818,0.0,False
1052,0,160.0,157.8578689689801,16.2472924159417,0.0,False
1052,1,160.0,159.34830479134422,16.71246823198777,0.0,False
1052,2,160.0,160.96431086258454,15.611805524353002,0.0,False
1052,3,160.0,162.62054739346067,10.220918821522986,0.0,False
1052,4,165.0,163.34592289435759,3.4222451482523013,5.0,True
1052,5,165.0,162.95783755187284,10.572851935159349,5.0,True
1052,6,165.0,162.44219067580315,7.443398565781251,5.0,True
1052,7,160.0,161.47935584220306,7.309285300693517,0.0,False
1052,8,160.0,160.85017880249234,5.5756657328384165,0.0,False
1052,9,160.0,160.60665802319292,5.403900745036992,0.0,False
1052,10,160.0,160.02715796613919,4.795670649466132,0.0,False
1052,11,160.0,159.34153352874864,5.006183588626271,0.0,False
1052,12,160.0,158.45866470224772,14.56561515990876,0.0,False
1052,13,160.0,158.7279547347,3.328807817999575,0.0,False
1052,14,160.0,148.20711916246708,74.08709462249007,0.0,False
1052,15,160.0,126.57252975568731,160.63614153010553,0.0,False
1052,16,160.0,106.55235308596315,161.0100651103026,0.0,False
1053,0,135.0,137.01682039112544,7.515436917244756,5.0,False
1053,1,135.0,136.77754327347165,7.515419254054336,5.0,False
1053,2,135.0,136.4651504227897,7.515419254054336,5.0,False
1053,3,135.0,136.7844966027835,7.515419254054336,5.0,False
1053,4,135.0,139.31710960595817,30.296020869977298,5.0,False
1053,5,140.0,143.2058560396552,31.929694169008997,0.0,False
1053,6,140.0,143.06655877523048,30.58078624810281,0.0,False
1053,7,140.0,142.58747193621025,30.58078624810281,0.0,False
1053,8,140.0,142.51359503258706,31.415924314441213,0.0,False
1053,9,140.0,142.97973083070323,29.94681963767664,0.0,False
1053,10,140.0,130.212930508446,166.71753765827836,0.0,False
1053,11,140.0,142.5594485962531,35.10515067169774,0.0,False
1053,12,140.0,138.4750375554493,16.812460220163814,0.0,False
1053,13,140.0,138.23462979933655,10.618483630524622,0.0,False
1053,14,140.0,137.99002917693295,8.909416061962759,0.0,False
1053,15,140.0,138.3069697569669,10.138939391085046,0.0,False
1053,16,140.0,126.0414254199729,141.25496954051843,0.0,False
1054,0,160.0,157.00041381879478,32.190825267611075,10.0,False
1054,1,155.0,156.81378432884935,30.07263217759973,5.0,False
1054,2,155.0,157.26104197581827,30.07263217759973,5.0,False
1054,3,160.0,151.4594530715935,62.238685309419495,10.0,False
1054,4,160.0,153.36538752132344,61.620749958508554,10.0,False
1054,5,160.0,154.18314573848164,61.620749958508554,10.0,False
1054,6,155.0,153.51134251342532,61.620749958508554,5.0,False
1054,7,150.0,149.98821498727716,63.75609358144544,0.0,False
1054,8,150.0,136.79072985044525,162.60713130690004,0.0,False
1054,9,150.0,125.39218997107457,156.535391330845,0.0,False
1054,10,150.0,109.44526174959732,155.05915184315757,0.0,False
1054,11,150.0,91.02119684027289,155.05915184315757,0.0,False
1054,12,150.0,72.90345387706245,155.28008146386293,0.0,False
1055,0,120.0,117.7504765030326,4.639275294971242,0.0,False
1055,1,120.0,118.49173779541107,4.961208295693666,0.0,False
1055,2,120.0,118.64988824381612,3.4624655584076436,0.0,False
1055,3,120.0,118.77418634296113,3.265004247996842,0.0,False
1055,4,120.0,118.9632048811248,3.568384781578004,0.0,False
1055,5,120.0,118.89621519779452,3.7287710730546735,0.0,False
1055,6,120.0,118.53064365014899,5.044817382531747,0.0,False
1055,7,120.0,118.37617902110544,4.349655412759276,0.0,False
1055,8,120.0,118.25807578658443,3.527296242261059,0.0,False
1055,9,120.0,118.55891509639164,6.609312382178487,0.0,False
1055,10,120.0,121.0238238907069,17.581637644379953,0.0,False
1055,11,120.0,122.2251795910822,16.741841622409652,0.0,False
1055,12,120.0,123.25340711881057,16.741841622409652,0.0,False
1055,13,125.0,123.86224742917426,17.93021670142879,5.0,False
1055,14,125.0,124.6594450948814,15.453677300278969,5.0,False
1055,15,125.0,120.2255647224521,44.77550390391575,5.0,False
1055,16,125.0,117.64205555550829,42.30836128788839,5.0,False
1056,0,130.0,129.6315227247292,5.244079700469825,0.0,False
1056,1,130.0,129.2286397267773,3.4392086746825044,0.0,False
1056,2,130.0,129.39918423356386,4.083414299413491,0.0,False
1056,3,130.0,129.30381994585647,3.556420847260867,0.0,False
1056,4,130.0,128.94729432364377,4.221951961368134,0.0,False
1056,5,130.0,129.8471124842204,4.941327138144189,0.0,False
1056,6,130.0,130.28904680962688,5.694990746468463,0.0,False
1056,7,130.0,130.31022609427185,7.047249887782925,0.0,False
1056,8,130.0,130.62676355035936,7.152766313226877,0.0,False
1056,9,130.0,130.90949512335777,5.242348596626044,0.0,False
1056,10,130.0,128.96320821342567,41.32236791504266,0.0,False
1056,11,130.0,130.60979345418812,7.074553859320275,0.0,False
1056,12,130.0,130.05071775856894,13.193654606016707,0.0,False
1056,13,130.0,126.90428241506056,21.733108560538795,0.0,False
1056,14,130.0,124.3932298963064,22.44092928247136,0.0,False
1056,15,130.0,101.2885560908122,132.1837799395055,0.0,False
1056,16,130.0,84.851478924641,130.5973369858186,0.0,False
1057,0,135.0,134.7937220216011,8.079983618536517,0.0,False
1057,1,135.0,135.11126378764956,11.187770984147747,0.0,False
1057,2,135.0,135.8724660231594,5.113924917224182,0.0,False
1057,3,135.0,135.2198878792026,9.135558493875862,0.0,False
1057,4,135.0,134.48486124543908,9.97538538360206,0.0,False
1057,5,135.0,132.72512935249236,12.267547547628709,0.0,False
1057,6,130.0,132.31800272855645,11.357387414503123,5.0,False
1057,7,130.0,131.65910213185228,9.276997823486326,5.0,False
1057,8,130.0,131.2907442150601,9.079861808729177,5.0,False
1057,9,130.0,131.04813203206345,8.27727063672684,5.0,False
1057,10,130.0,113.5326867669411,134.5002444169113,5.0,False
1057,11,130.0,97.0474664737471,134.49783108739808,5.0,False
1057,12,130.0,80.96496604064805,134.49783108739808,5.0,False
1059,0,145.0,146.0942031572642,19.72247347485657,0.0,False
1059,1,145.0,144.05115944351837,35.94651070680359,0.0,False
1059,2,145.0,145.2814634650617,40.60348697724709,0.0,False
1059,3,145.0,146.2417485855027,39.81519749095227,0.0,False
1059,4,150.0,147.78785569887978,39.81519749095227,5.0,False
1059,5,150.0,148.4728303153144,39.81519749095227,5.0,False
1059,6,150.0,148.52577212441363,39.81519749095227,5.0,False
1059,7,150.0,149.61972907819893,9.883008222539928,5.0,False
1059,8,150.0,149.18614479056234,48.12438675111903,5.0,False
1059,9,150.0,149.27196163960127,11.437969257670716,5.0,False
1059,10,150.0,147.80091757655038,7.597046971406911,5.0,False
1059,11,145.0,143.39248092472,35.032503189461664,0.0,False
1059,12,145.0,141.69730758555656,31.828777480765197,0.0,False
1059,13,145.0,118.49534869683781,148.31621843487721,0.0,False
1059,14,145.0,99.99122009392433,148.32589341007264,0.0,False
1059,15,140.0,84.30139598143772,148.71891687844834,5.0,False
1060,0,135.0,81.19131194657946,133.95589108646487,5.0,False
1060,1,135.0,97.89302264961344,133.92899479397508,5.0,False
1060,2,135.0,114.5019830988991,133.92899479397508,5.0,False
1060,3,135.0,132.6662270689191,2.7603064390057455,5.0,False
1060,4,135.0,132.62279787616373,2.8874584261106975,5.0,False
1060,5,135.0,132.63436697226552,3.4133500890536936,5.0,False
1060,6,135.0,132.34467033756854,6.272190916875886,5.0,False
1060,7,130.0,131.81341666751266,5.961055766491128,0.0,False
1060,8,130.0,131.72080100621943,5.436236467034902,0.0,False
1060,9,130.0,129.26754107001253,35.23962073593894,0.0,False
1060,10,130.0,126.049315022654,34.703110681072474,0.0,False
1060,11,125.0,122.86561277890874,34.703110681072474,5.0,False
1060,12,120.0,119.26995496859958,34.703110681072474,10.0,False
1060,13,110.0,116.4638301252596,34.703110681072474,20.0,False
1060,14,105.0,113.82626742528005,34.703110681072474,25.0,True
1060,15,105.0,110.9501170748537,34.70608166017567,25.0,True
1060,16,105.0,107.3467323005129,14.098809731261156,25.0,True
1061,0,130.0,127.22595107968431,15.30962702818114,0.0,False
1061,1,130.0,126.85513117636943,14.049466408659228,0.0,False
1061,2,130.0,127.66451324647079,23.228560034158008,0.0,False
1061,3,130.0,125.64021560178368,19.026529427618925,0.0,False
1061,4,130.0,127.85481679999226,10.001867922141813,0.0,False
1061,5,130.0,128.7208217166536,6.771283141621396,0.0,False
1061,6,130.0,123.834993161327,39.08944833964638,0.0,False
1061,7,125.0,122.915747899618,27.35834649840838,5.0,False
1061,8,125.0,122.43914799030166,29.23639989428584,5.0,False
1061,9,125.0,122.28438102998075,28.285828255970713,5.0,False
1061,10,125.0,117.74186457242793,32.42761603074155,5.0,False
1061,11,115.0,114.63846189391957,32.755845413892985,15.0,False
1061,12,105.0,99.15255913896928,127.95185548346156,25.0,True
1061,13,100.0,92.19844988184305,127.94316868541232,30.0,True
1061,14,100.0,76.07446408654626,127.94289283309644,30.0,True
1061,15,95.0,61.721459176417596,127.97551612379509,35.0,True
1062,0,145.0,147.27634057008578,7.361949161735282,0.0,False
1062,1,150.0,147.90306151746094,6.444869615832317,5.0,False
1062,2,150.0,148.1660095443214,4.850722112953832,5.0,False
1062,3,150.0,148.17885604690363,3.8971299620628486,5.0,False
1062,4,150.0,149.3837408953799,11.930146069382289,5.0,False
1062,5,145.0,146.68735964215088,15.769781876786851,0.0,False
1062,6,145.0,145.91272113337192,16.707159380210555,0.0,False
1062,7,145.0,144.85692614420097,16.707159380210555,0.0,False
1062,8,145.0,144.96299248413106,16.707159380210555,0.0,False
1062,9,145.0,145.1116457147394,16.707159380210555,0.0,False
1062,10,145.0,146.22481344297452,16.707150199066206,0.0,False
1062,11,145.0,147.60474667257066,34.48533154211606,0.0,False
1062,12,145.0,131.14158723380217,157.66152566282307,0.0,False
1062,13,145.0,111.21435408315452,157.67956514845082,0.0,False
1062,14,150.0,93.67891475829279,157.6795651484428,5.0,False
1062,15,110.0,91.64097689221948,157.6795651484428,35.0,False
1063,0,140.0,137.37496484864104,33.26744826272618,5.0,False
1063,1,140.0,139.34937347014312,32.28638131172718,5.0,False
1063,2,135.0,134.9808059017544,15.24844135292345,0.0,False
1063,3,135.0,133.57555433550914,16.573419288474724,0.0,False
1063,4,135.0,133.87317448327988,16.573419288474724,0.0,False
1063,5,135.0,133.80503539566402,16.87556671460939,0.0,False
1063,6,130.0,132.4344338376134,12.83365373777957,5.0,False
1063,7,135.0,133.08324039352917,18.39245758019885,0.0,False
1063,8,130.0,132.59967004505083,36.15891901244731,5.0,False
1063,9,130.0,131.45498489243076,14.149499037738863,5.0,False
1063,10,130.0,131.8887229909055,14.149499037738863,5.0,False
1063,11,130.0,117.73928560676917,139.2435773270325,5.0,False
1063,12,130.0,101.06614111742027,144.45782671422046,5.0,False
1063,13,130.0,83.54026241113243,138.0027894317618,5.0,False
1063,14,130.0,68.66572344504283,148.17051459486646,5.0,False
1063,15,95.0,49.48894888806316,131.00405355809224,40.0,True
1064,0,140.0,85.79716735313743,145.34092636312795,5.0,False
1064,1,140.0,104.00928027951979,145.34092636312795,5.0,False
1064,2,140.0,121.12839195890633,145.34092636312795,5.0,False
1064,3,140.0,116.57858592338877,145.3127059300596,5.0,False
1064,4,140.0,98.99849675664103,145.52644945577563,5.0,False
1064,5,140.0,100.71586989106258,144.3864990962562,5.0,False
1064,6,135.0,99.21277939687344,144.3864990962562,0.0,False
1064,7,135.0,99.33657333814826,144.3864990962562,0.0,False
1064,8,130.0,97.61127574673449,145.76465078425304,5.0,False
1064,9,130.0,87.83340824639055,130.01083188454206,5.0,False
1064,10,130.0,100.76430676832032,129.65180674607834,5.0,False
1064,11,130.0,121.07442145885103,134.58122396110718,5.0,False
1064,12,130.0,122.33706585209377,52.57965872181573,5.0,False
1064,13,130.0,117.4026752528199,52.09242094451609,5.0,False
1064,14,130.0,114.28790303190074,52.09242094451609,5.0,False
1064,15,130.0,109.71597023929331,52.09242094451609,5.0,False
1064,16,90.0,96.63460446729354,134.1268340578866,45.0,True
1065,0,170.0,170.52413888032848,16.672890429300367,75.0,True
1065,1,170.0,169.8841526058263,13.089966388746689,75.0,True
1065,2,170.0,168.02849452452637,31.91886064182131,75.0,True
1065,3,170.0,165.23155518659394,31.398500342218426,75.0,True
1065,4,170.0,167.37794961801686,31.398500342218426,75.0,True
1065,5,170.0,167.79108712353465,31.398500342218426,75.0,True
1065,6,170.0,165.6653014107832,38.78318832819306,75.0,True
1065,7,170.0,161.53721266378304,32.813145596115646,75.0,True
1065,8,145.0,156.1316182550508,73.45692309787351,50.0,False
1065,9,145.0,143.27510803233926,77.68564850957789,50.0,False
1065,10,145.0,139.2709783580958,77.68564850957789,50.0,False
1065,11,115.0,131.3302655684898,79.5021265642725,20.0,False
1065,12,110.0,121.97802932829606,87.79066230828022,15.0,False
1065,13,100.0,108.83650102909218,90.04253833142974,5.0,True
1065,14,95.0,105.26772222901143,65.41798692056956,0.0,True
1065,15,95.0,91.00344411198603,111.64350808122114,0.0,True
1065,16,95.0,81.99816982401416,111.66850684528987,0.0,True
1066,0,130.0,130.4936797995955,23.16636941104302,20.0,False
1066,1,130.0,129.16170807161583,23.16636941104302,20.0,False
1066,2,125.0,127.94288919464374,24.660207060226455,15.0,False
1066,3,125.0,126.53442300100211,21.015171718918012,15.0,False
1066,4,125.0,111.8917276291458,135.88174806603945,15.0,False
1066,5,120.0,121.05477963124717,36.28657114807997,10.0,False
1066,6,115.0,117.13340124896206,31.68174293104886,5.0,False
1066,7,115.0,116.9753567726491,31.68174293104886,5.0,False
1066,8,115.0,116.36724345954164,31.68174293104886,5.0,False
1066,9,110.0,114.40593970721386,39.61677562914434,0.0,False
1066,10,110.0,110.56603645196923,28.4856197237213,0.0,False
1066,11,110.0,96.2664705157003,115.13186610589595,0.0,False
1066,12,110.0,110.05075899397188,15.182242618260346,0.0,False
1066,13,110.0,109.3287878335034,13.922439851306734,0.0,False
1066,14,110.0,106.89103564921994,33.19995502719537,0.0,False
1066,15,105.0,99.64916399659788,116.80363461597705,5.0,True
1066,16,105.0,101.7466585179855,30.362671962210868,5.0,True
1067,0,125.0,73.96764091105835,132.48733628860202,10.0,False
1067,1,130.0,91.30965706123803,138.68280420581624,15.0,False
1067,2,125.0,105.18098012332163,137.5505119941535,10.0,False
1067,3,125.0,123.19045204971361,28.015692293885124,10.0,False
1067,4,125.0,122.62834660390372,31.59420750721455,10.0,False
1067,5,125.0,122.40557637693668,35.52754369847803,10.0,False
1067,6,115.0,119.16057818998733,31.606767862106594,0.0,False
1067,7,115.0,116.43587307388472,39.500712395938365,0.0,False
1067,8,110.0,111.25904722569814,45.33283687043661,5.0,False
1067,9,110.0,108.33340154843526,20.725663813951044,5.0,False
1067,10,110.0,107.55258803384366,20.57527680836091,5.0,False
1067,11,105.0,106.82876904693114,20.57527680836091,10.0,True
1068,0,145.0,142.6392632363271,6.70643833132408,5.0,False
1068,1,140.0,142.38111225472346,6.70643833132408,0.0,False
1068,2,140.0,141.5045538734567,10.08254743659117,0.0,False
1068,3,140.0,140.36099476812268,9.135771225429266,0.0,False
1068,4,140.0,139.34016229809683,4.99494887086297,0.0,False
1068,5,140.0,139.02853246054272,4.99494887086297,0.0,False
1068,6,140.0,139.44439085928747,5.7189420633471855,0.0,False
1068,7,140.0,139.54771567843324,6.287322295126927,0.0,False
1068,8,140.0,138.8449034338568,5.470523602270646,0.0,False
1068,9,140.0,138.29222973789618,7.00220669837131,0.0,False
1068,10,140.0,138.20110819157716,6.635696721207722,0.0,False
1068,11,140.0,138.07326455795953,6.635696721207722,0.0,False
1068,12,140.0,137.95312680411735,6.831230925536346,0.0,False
1068,13,140.0,129.07109476933869,142.65051504852508,0.0,False
1068,14,135.0,107.78567482820263,139.42672672652137,5.0,False
1068,15,135.0,90.36116101178558,137.58817291584316,5.0,False
1069,0,140.0,138.09396147769283,13.884141217772765,10.0,False
1069,1,140.0,138.81414170578782,13.901802477687482,10.0,False
1069,2,140.0,139.38133888458125,12.427230709316603,10.0,False
1069,3,140.0,139.1752576128872,14.293267928361246,10.0,False
1069,4,135.0,137.46304815396385,15.78894760760366,5.0,False
1069,5,135.0,135.1194103475297,20.178572566835413,5.0,False
1069,6,130.0,132.46108382100675,28.495199460228065,0.0,False
1069,7,130.0,129.1757730002528,20.085726049238218,0.0,False
1069,8,130.0,127.72926458942442,18.596124605931237,0.0,False
1069,9,125.0,122.74406463509503,30.581346774631584,5.0,False
1069,10,125.0,118.58726114768656,30.446925030488813,5.0,False
1069,11,120.0,115.0257173102169,28.062790338458115,10.0,False
1069,12,115.0,112.52563156064146,24.197253045751467,15.0,False
1069,13,110.0,111.05427737274906,24.197253045751467,20.0,False
1069,14,105.0,111.05649931040998,26.078029670780765,25.0,True
1069,15,105.0,107.8516185390366,22.77690698253913,25.0,True
1069,16,105.0,102.11624716393871,44.30456795269818,25.0,True
1070,0,135.0,101.0483095895244,152.27849059364928,20.0,False
1070,1,145.0,123.41233680713945,161.6329218288173,10.0,False
1070,2,145.0,141.12230891237303,35.98485007322772,10.0,False
1070,3,145.0,142.19686838073085,85.97818773749313,10.0,False
1070,4,150.0,149.46494774893114,30.64189510513691,5.0,False
1070,5,155.0,151.5415782214935,28.898286574720345,0.0,False
1070,6,155.0,155.35203222553926,20.59574855764083,0.0,False
1070,7,160.0,157.16917742881716,18.070679114934222,5.0,False
1070,8,160.0,157.46861756413085,19.641413882207644,5.0,False
1070,9,155.0,155.05766332200935,25.810299114060257,0.0,False
1070,10,160.0,157.8107873883082,6.537715474815343,5.0,False
1070,11,160.0,157.4498325473676,14.967615171567246,5.0,False
1070,12,160.0,159.45450154694905,8.241856038679174,5.0,False
1070,13,160.0,158.3922821557331,11.595308156290997,5.0,False
1070,14,160.0,156.72038412178935,48.16695064582409,5.0,False
1070,15,160.0,148.75666506372224,48.16695064582409,5.0,False
1070,16,160.0,132.47108941783193,102.38675202620436,5.0,False
1071,0,110.0,108.98548556925401,15.111968776368656,5.0,False
1071,1,105.0,107.475125629259,8.592974884747235,0.0,True
1071,2,105.0,107.64630119022492,8.523468113523535,0.0,True
1071,3,105.0,107.75829014771044,7.9163691797771065,0.0,True
1071,4,105.0,106.8805840782787,13.810495257770214,0.0,True
1071,5,105.0,106.35008869810076,10.771847445216594,0.0,True
1071,6,105.0,106.62776266886047,13.695140223478745,0.0,True
1071,7,105.0,105.27943496757905,13.266486632829924,0.0,True
1071,8,105.0,103.92207155516924,6.040942986642236,0.0,True
1071,9,105.0,104.56026234128808,10.118669900060837,0.0,True
1071,10,105.0,104.39881254295493,6.843299664049283,0.0,True
1071,11,105.0,104.7410992358766,7.02305876633028,0.0,True
1071,12,105.0,104.44310470665717,9.179143257267867,0.0,True
1071,13,105.0,87.04838665057235,107.91609813732376,0.0,True
1071,14,105.0,79.31852565929756,107.93941560404836,0.0,True
1071,15,105.0,63.50828361233637,107.938726392779,0.0,True
1071,16,100.0,50.68947711459052,111.43523105187057,5.0,True
1072,0,185.0,183.49166709551372,10.429557896788197,55.0,True
1072,1,185.0,182.17520407031208,35.27888038990301,55.0,True
1072,2,180.0,181.92032957986538,8.231296323208227,50.0,True
1072,3,180.0,156.6862203979677,187.16936616165953,50.0,True
1072,4,185.0,134.30876789811643,187.18034388939788,55.0,True
1072,5,185.0,111.9595856379023,188.8837114779245,55.0,True
1073,0,130.0,122.24046921263735,26.943990415632683,130.0,False
1073,1,125.0,101.17856334309754,134.39624943575953,125.0,False
1073,2,125.0,84.66230118154046,131.09377748630183,125.0,False
1074,0,130.0,131.77769378881175,16.15688078193608,0.0,False
1074,1,130.0,131.03299791434492,16.15688078193608,0.0,False
1074,2,130.0,128.51716877739497,34.51872339441168,0.0,False
1074,3,130.0,127.66746801237609,12.731198516362852,0.0,False
1074,4,130.0,128.28737645751121,7.903129790962339,0.0,False
1074,5,130.0,128.05737995384376,10.67604695179422,0.0,False
1074,6,130.0,129.00155528369314,6.152140608440277,0.0,False
1074,7,130.0,129.33910976461468,8.01536437286461,0.0,False
1074,8,130.0,127.96781162865904,25.433634746659095,0.0,False
1074,9,130.0,129.0201614626445,5.914004765298301,0.0,False
1074,10,130.0,128.80777663487993,5.637938464106497,0.0,False
1074,11,130.0,126.83028824444084,14.641901691772944,0.0,False
1074,12,125.0,124.72583338398387,19.93209096366978,5.0,False
1074,13,130.0,126.85765215201866,21.683736006631705,0.0,False
1074,14,130.0,119.05065373090488,64.83262627351776,0.0,False
1074,15,130.0,114.57487828140538,61.14878273464056,0.0,False
1074,16,110.0,109.39764570497404,61.14878273464056,20.0,False
1075,0,135.0,81.22129992160887,135.07163575005583,0.0,False
1075,1,135.0,98.28255633353096,136.42058231964077,0.0,False
1075,2,135.0,116.12819436617936,141.87484783384684,0.0,False
1075,3,135.0,134.7075624051245,12.047658031432064,0.0,False
1075,4,135.0,134.70996388998313,11.551036704697225,0.0,False
1075,5,135.0,134.91222862389665,11.313328477159587,0.0,False
1075,6,135.0,136.99231072936635,26.23303135275188,0.0,False
1075,7,135.0,138.23579192609395,19.67099456780369,0.0,False
1075,8,140.0,139.81737371150297,19.670930496422415,5.0,False
1075,9,140.0,141.30226078811634,19.822369427228438,5.0,False
1075,10,140.0,140.31236611969575,19.670930496422415,5.0,False
1075,11,140.0,139.96189618636973,19.73972029248938,5.0,False
1075,12,140.0,140.33540044150732,19.289819222368294,5.0,False
1075,13,140.0,138.19489215822168,53.637887562570754,5.0,False
1075,14,135.0,136.64697444552095,21.27185891301727,0.0,False
1075,15,135.0,136.27290511600594,23.13995723557767,0.0,False
1076,0,140.0,85.3484172895395,148.4977424052053,0.0,False
1076,1,140.0,103.52360877830998,148.4977424052053,0.0,False
1076,2,140.0,121.54826494298861,148.49774240520676,0.0,False
1076,3,140.0,141.19017695982035,14.919098451428681,0.0,False
1076,4,140.0,140.00251152272213,9.742952809498433,0.0,False
1076,5,140.0,141.00543179538525,9.528027771044293,0.0,False
1076,6,140.0,142.78324805738794,14.754966270568588,0.0,False
1076,7,145.0,142.41841095954467,17.075169403267154,5.0,False
1076,8,140.0,142.46342209575457,14.577579006414368,0.0,False
1076,9,140.0,141.60194833486094,14.577579006414368,0.0,False
1076,10,140.0,136.09523015968276,46.26226422721993,0.0,False
1076,11,140.0,114.56292982460475,149.97222019835786,0.0,False
1076,12,140.0,96.74400868265579,149.97926902735372,0.0,False
1077,0,140.0,134.43800006866192,74.93784898445965,20.0,False
1077,1,150.0,135.76590894209872,74.93784898445965,10.0,False
1077,2,155.0,142.65864628499844,77.73489660269456,5.0,False
1077,3,160.0,153.45112841719282,37.54918570301115,0.0,False
1077,4,160.0,157.25620609006273,23.540250161472045,0.0,False
1077,5,160.0,160.3326099826841,8.964328762849334,0.0,False
1077,6,160.0,161.11314853147545,8.964328762849334,0.0,False
1077,7,160.0,161.74207535873933,8.41799308152639,0.0,False
1077,8,160.0,161.72429336367574,9.05111660501558,0.0,False
1077,9,160.0,162.00170056456346,7.313575594202575,0.0,False
1077,10,160.0,161.89077903594472,9.198384602951762,0.0,False
1077,11,160.0,161.69240041260647,6.483102169754261,0.0,False
1077,12,160.0,144.79697320211534,163.80781200291437,0.0,False
1077,13,160.0,122.68522737615984,167.91078826735563,0.0,False
1077,14,160.0,101.63057794950129,163.69237903947783,0.0,False
1078,0,170.0,167.90592107495496,5.0466461013585615,5.0,True
1078,1,165.0,167.1670644981453,5.7369098472657925,0.0,True
1078,2,165.0,166.72349487976874,2.9083298880390487,0.0,True
1078,3,165.0,166.79929348044385,2.9083298880390487,0.0,True
1078,4,165.0,166.89545818080344,2.9983566024982906,0.0,True
1078,5,165.0,166.80556338223158,2.9083298880390487,0.0,True
1078,6,165.0,166.7584608616928,3.9256618920215374,0.0,True
1078,7,165.0,166.0024654614708,3.9390045748102693,0.0,True
1078,8,165.0,165.61898890058143,5.497844850080156,0.0,True
1078,9,165.0,164.6190103599004,10.088001435541315,0.0,True
1078,10,165.0,162.99020716296175,14.583344661840812,0.0,True
1078,11,165.0,160.8712973997877,16.885394883225274,0.0,True
1078,12,160.0,159.60550892793387,15.174647965068658,5.0,False
1078,13,160.0,158.02218625476607,14.987960970037335,5.0,False
1078,14,155.0,156.59261945239695,11.521022386520684,10.0,False
1078,15,155.0,156.1492580231217,9.837444915434588,10.0,False
1078,16,155.0,139.84895263609846,105.18086320650927,10.0,False
1079,0,130.0,125.58285675137216,32.934295174696274,0.0,False
1079,1,130.0,101.88696825823176,142.14975395153024,0.0,False
1079,2,125.0,85.35187082129133,142.14975395153024,5.0,False
1079,3,125.0,73.39629665320048,141.811915766163,5.0,False
1079,4,130.0,67.9211039237753,141.811915766163,0.0,False
1079,5,130.0,84.33399748842876,141.811915766163,0.0,False
1079,6,130.0,99.71054520680958,141.811915766163,0.0,False
1079,7,130.0,118.89285629062812,141.79958679561827,0.0,False
1079,8,130.0,131.38314216189457,31.58568798761685,0.0,False
1079,9,130.0,127.32806516122338,52.683251993940175,0.0,False
1079,10,130.0,123.85057068282661,149.28923173368287,0.0,False
1079,11,130.0,126.97723509377708,52.683251993940175,0.0,False
1079,12,130.0,107.45417230519966,149.3016025399809,0.0,False
1079,13,130.0,91.64948063129768,149.2857946587379,0.0,False
1080,0,140.0,138.28987069151694,31.652875406822233,0.0,False
1080,1,140.0,138.68986981207328,5.82930140265546,0.0,False
1080,2,140.0,138.78080996532873,6.456757071874421,0.0,False
1080,3,140.0,139.22148620113342,8.912654713343471,0.0,False
1080,4,140.0,139.80283443016287,8.015115193843116,0.0,False
1080,5,140.0,140.6610828538094,9.458356086946452,0.0,False
1080,6,140.0,140.45084864915052,8.484973854369855,0.0,False
1080,7,140.0,139.93183051953,37.8413591913213,0.0,False
1080,8,140.0,126.00815611468371,144.38402815598684,0.0,False
1080,9,140.0,123.54786868111279,73.47884779119967,0.0,False
1080,10,140.0,116.73885558768508,73.47884779119967,0.0,False
1080,11,140.0,118.99821407115276,72.01924476294944,0.0,False
1080,12,140.0,119.34154675837097,74.39155046640546,0.0,False
1080,13,140.0,117.82315289653233,72.8672440737446,0.0,False
1080,14,135.0,117.0353509982337,72.8672440737446,5.0,False
1080,15,125.0,113.51820536502538,143.73658175233717,15.0,False
1080,16,120.0,118.72561249397727,73.32999385212369,20.0,False
1081,0,140.0,139.41510692845273,15.680605319305386,0.0,False
1081,1,140.0,139.57987566127755,16.871975898154574,0.0,False
1081,2,135.0,135.62901348397483,27.022865857166323,5.0,False
1081,3,135.0,134.11511302973443,24.980596511657012,5.0,False
1081,4,135.0,135.98177119639672,24.980596511657012,5.0,False
1081,5,140.0,136.8475850746673,24.980596511657012,0.0,False
1081,6,135.0,136.37967314062692,24.980596511657012,5.0,False
1081,7,135.0,135.8100984963404,24.980596511657012,5.0,False
1081,8,135.0,134.90758672213718,23.725013711827472,5.0,False
1081,9,135.0,135.6260732110192,23.937845825705494,5.0,False
1081,10,135.0,136.85202050570086,14.797616981051021,5.0,False
1081,11,140.0,138.46939695036514,17.672189659389886,0.0,False
1081,12,140.0,137.52032225881686,14.276109142115786,0.0,False
1081,13,140.0,138.47965983409478,14.443633845580052,0.0,False
1081,14,140.0,139.63214563443148,11.270858908115287,0.0,False
1081,15,140.0,139.58515675213275,11.815744125514755,0.0,False
1081,16,140.0,138.34522463683876,14.785977286293416,0.0,False
1082,0,145.0,81.64531489267114,148.36675411772586,30.0,False
1082,1,145.0,99.20882762943428,146.71607055534295,30.0,False
1082,2,145.0,116.46028409582402,146.71607055534295,30.0,False
1082,3,145.0,141.42861414346123,146.6767232180468,30.0,False
1082,4,145.0,143.3168495608674,7.22938923470528,30.0,False
1082,5,145.0,141.43147839808464,18.616329738707663,30.0,False
1082,6,145.0,139.02886484882129,25.190747151468457,30.0,False
1082,7,140.0,132.98362432742704,42.80774224725684,25.0,False
1082,8,140.0,126.79117292887823,42.98207032002304,25.0,False
1082,9,135.0,124.46519867806933,40.58757245963103,20.0,False
1082,10,120.0,119.59765918932365,63.14653960160385,5.0,False
1082,11,115.0,107.76151140675589,65.79203501162658,0.0,False
1082,12,110.0,108.0011320311616,63.99287713363344,5.0,False
1082,13,105.0,105.265232760143,57.05354806018366,10.0,True
1082,14,105.0,86.77397033360026,123.366236556193,10.0,True
1083,0,140.0,137.9261637816849,7.054395895219471,0.0,False
1083,1,140.0,137.92556409303987,9.749314506380074,0.0,False
1083,2,140.0,138.8713652036575,5.453546923733256,0.0,False
1083,3,140.0,139.84184694642835,9.2565137773245,0.0,False
1083,4,140.0,113.845126534489,142.88359081079645,0.0,False
1083,5,140.0,101.56227502207051,142.89067471162156,0.0,False
1083,6,140.0,109.84493065977573,146.9115429313854,0.0,False
1083,7,145.0,111.35233177557701,152.96802804570132,5.0,False
1083,8,145.0,111.85002570504973,150.62327003621348,5.0,False
1083,9,145.0,112.18422996728808,150.62327003621348,5.0,False
1083,10,145.0,104.3877697765646,150.63566806896708,5.0,False
1083,11,150.0,123.36531432652603,151.5196133956044,10.0,False
1083,12,150.0,147.51480302250832,12.252603686378876,10.0,False
1083,13,150.0,148.65456737871185,8.437534554359075,10.0,False
1083,14,150.0,144.47270821135794,29.396132812362723,10.0,False
1083,15,145.0,141.32051607894195,39.18989875698561,5.0,False
1083,16,150.0,112.47498933684498,151.4864325946291,10.0,False
1084,0,135.0,83.96191419800029,140.7378530580585,0.0,False
1084,1,135.0,78.94799741618165,139.77341255889579,0.0,False
1084,2,130.0,83.00736006704179,132.07086904433413,5.0,False
1084,3,130.0,99.55067767122905,132.70141050301186,5.0,False
1084,4,130.0,116.34513199189884,135.4748365131495,5.0,False
1084,5,130.0,132.04733948659532,10.056215451447287,5.0,False
1084,6,135.0,133.33964409266594,12.175552489803806,0.0,False
1084,7,135.0,134.29373548296115,11.992959079916744,0.0,False
1084,8,135.0,135.20677752066243,12.385705951834751,0.0,False
1084,9,135.0,137.0434181459518,12.835957535370966,0.0,False
1084,10,140.0,138.1621358780527,10.979936315048803,5.0,False
1084,11,140.0,139.4518597118213,8.496927609166505,5.0,False
1084,12,140.0,140.34580948007252,6.588549525129963,5.0,False
1084,13,140.0,140.10055111163683,7.281193885020542,5.0,False
1084,14,140.0,138.3477171843785,11.514284382420641,5.0,False
1084,15,140.0,138.53803008134898,12.72548481427043,5.0,False
1084,16,140.0,128.51328383721003,76.07056304177462,5.0,False
1085,0,160.0,161.02830560304807,27.41456093310879,10.0,False
1085,1,160.0,161.26961585240818,27.392922951954915,10.0,False
1085,2,160.0,161.42794386369792,27.24053791211827,10.0,False
1085,3,155.0,159.75098165495453,32.71874395403691,5.0,False
1085,4,155.0,155.72303347323881,40.78266423261297,5.0,False
1085,5,155.0,151.15296582152547,27.871076779185245,5.0,False
1085,6,150.0,149.53988160249042,17.4066722467945,0.0,False
1085,7,150.0,148.80282534248437,18.09069225465248,0.0,False
1085,8,150.0,148.39430258386855,14.967120510460376,0.0,False
1085,9,150.0,147.58856026778057,14.514432241453648,0.0,False
1085,10,145.0,145.92236435530558,16.352248372094692,5.0,False
1085,11,145.0,144.99958637165963,16.745941753622134,5.0,False
1085,12,145.0,143.94350729589542,19.202366343809217,5.0,False
1085,13,145.0,143.32518444798023,24.193826311468996,5.0,False
1085,14,140.0,140.38741267214533,25.766675387199598,10.0,False
1085,15,135.0,132.17838180351643,57.789070111363486,15.0,False
1085,16,135.0,123.03077891526108,53.8471793677775,15.0,False
1086,0,130.0,76.24921637076652,131.40159636051118,10.0,False
1086,1,130.0,60.04303708795801,131.41789989777706,10.0,False
1086,2,135.0,67.02029442032587,143.32448330915366,5.0,False
1086,3,140.0,69.16578283718329,144.66202497124422,0.0,False
1086,4,140.0,67.36480809015232,144.66202497124422,0.0,False
1086,5,140.0,76.31558267725644,144.66202497124422,0.0,False
1086,6,140.0,93.64428377376697,144.66202497124422,0.0,False
1086,7,140.0,111.3099144620442,144.66202497124422,0.0,False
1086,8,140.0,136.23199837790438,144.6700415763586,0.0,False
1086,9,140.0,141.2254908770611,6.85767966984875,0.0,False
1086,10,140.0,140.4150854987336,6.3834859599896845,0.0,False
1086,11,140.0,139.9851940227722,5.550161250819315,0.0,False
1086,12,140.0,140.2905367776536,5.432907202346826,0.0,False
1086,13,140.0,140.34894586443556,5.165262787850708,0.0,False
1086,14,140.0,140.13997678543265,5.751355978613162,0.0,False
1086,15,140.0,123.98742237159618,142.6017229157923,0.0,False
1086,16,140.0,108.44637009173967,142.59918152596262,0.0,False
1087,0,120.0,89.52095303003597,128.25888480561554,20.0,False
1087,1,120.0,73.37790886554316,126.78616418738461,20.0,False
1087,2,120.0,80.1246517498221,126.78616418738461,20.0,False
1087,3,125.0,82.43497778247227,135.14367573129445,25.0,False
1087,4,105.0,75.57591370513947,130.00087018937575,5.0,True
1087,5,95.0,68.32948037585288,130.00087018937575,5.0,True
1087,6,100.0,72.56224031370944,130.00049555142667,0.0,True
1087,7,100.0,85.47089801851506,130.00049555142667,0.0,True
1087,8,105.0,106.98289960165891,129.94170421692846,5.0,True
1087,9,105.0,104.20896847704006,129.93834054059676,5.0,True
1087,10,100.0,102.58988612181902,84.74119927156514,0.0,True
1087,11,100.0,83.07696894857546,113.51622782046145,0.0,True
1087,12,100.0,84.40261974203446,113.5003839536442,0.0,True
1088,0,130.0,129.5776538504199,14.452714658321057,0.0,False
1088,1,130.0,131.06660982841555,14.278811301249789,0.0,False
1088,2,135.0,132.5537139296848,18.56591921741881,5.0,False
1088,3,135.0,132.73513826058382,35.66529560095729,5.0,False
1088,4,135.0,134.03114762769334,13.932714686176553,5.0,False
1088,5,135.0,132.31299898806938,17.263790459472943,5.0,False
1088,6,135.0,131.45745247051636,17.263790459472943,5.0,False
1088,7,135.0,131.58464869257327,17.263790459472943,5.0,False
1088,8,135.0,131.91881268330897,17.263790459472943,5.0,False
1088,9,135.0,131.7079456609247,17.19595653536865,5.0,False
1088,10,130.0,126.10766816885497,30.50475708357527,0.0,False
1088,11,130.0,126.12921047993775,25.20299276540011,0.0,False
1088,12,125.0,124.03501639819822,25.54175770526504,5.0,False
1088,13,125.0,112.46118174662229,136.07290525669924,5.0,False
1088,14,120.0,96.54868983557388,136.27377816220044,10.0,False
1088,15,115.0,79.70109473843492,138.14468273365762,15.0,False
1088,16,110.0,62.479961091800696,132.89503909021963,20.0,False
1089,0,105.0,110.51252599007644,65.58842057819658,5.0,True
1089,1,110.0,109.47315764334482,39.529578210175885,0.0,False
1089,2,115.0,114.463644552574,41.358359916927355,5.0,False
1089,3,115.0,119.87933581279772,46.54721194041272,5.0,False
1089,4,130.0,125.02113803084957,37.41120421835039,20.0,False
1089,5,135.0,128.05103305828118,49.78620781760951,25.0,False
1089,6,135.0,133.38270181758236,28.890295783819056,25.0,False
1089,7,135.0,112.97702621195107,143.15932894704568,25.0,False
1089,8,140.0,102.32895057441202,143.15932894704568,30.0,False
1089,9,140.0,110.4449617899412,143.15932894704568,30.0,False
1089,10,140.0,111.1406266217418,143.15932894704568,30.0,False
1089,11,140.0,110.5109678366718,143.15932894704568,30.0,False
1089,12,140.0,102.77798867639157,143.15932894704568,30.0,False
1089,13,95.0,89.54459140758921,142.47808650000582,15.0,True
1089,14,90.0,96.26845575623442,139.94753344713334,20.0,True
1089,15,110.0,112.37730127710834,52.2728158073452,0.0,False
1089,16,90.0,104.39731064765365,72.16207464346266,20.0,True
1090,0,135.0,137.25614495286965,20.012576154203884,5.0,False
1090,1,135.0,136.65184790731416,18.653762751251662,5.0,False
1090,2,135.0,137.47708440596276,16.78658818484334,5.0,False
1090,3,135.0,138.27034417806692,16.78658818484334,5.0,False
1090,4,140.0,139.91323904099912,17.40309191407883,0.0,False
1090,5,140.0,140.42816497579474,15.796718572950908,0.0,False
1090,6,140.0,142.91242043330988,26.268492157953574,0.0,False
1090,7,140.0,139.62278427211507,13.989365914891152,0.0,False
1090,8,140.0,142.2248158647312,27.00120475116509,0.0,False
1090,9,140.0,134.5389179764144,160.78240042113012,0.0,False
1090,10,140.0,146.21355934727495,25.203969803961797,0.0,False
1090,11,140.0,145.1374303484488,25.203969803961797,0.0,False
1090,12,140.0,144.23352953305545,25.203969803961797,0.0,False
1090,13,140.0,143.698664320354,27.125387752751095,0.0,False
1090,14,140.0,145.67662624245924,29.459849458522967,0.0,False
1090,15,140.0,141.87268124598646,64.86704799890092,0.0,False
1090,16,140.0,125.87060212618482,159.19883919772695,0.0,False
1091,0,135.0,90.89692926334749,141.02630975011812,0.0,False
1091,1,130.0,81.21388853790462,141.04091578588603,5.0,False
1091,2,125.0,82.54355133467156,141.03806118603347,10.0,False
1091,3,125.0,83.21689129173677,141.03806118603347,10.0,False
1091,4,125.0,78.10093926233036,136.33370104289338,10.0,False
1091,5,135.0,87.31652533786188,139.70661689624893,0.0,False
1091,6,135.0,89.37691705208798,138.11754682171193,0.0,False
1091,7,135.0,111.29238836995115,138.09552846890315,0.0,False
1091,8,135.0,132.5561557864103,22.773868594514553,0.0,False
1091,9,135.0,135.1905880398442,6.5182559986223225,0.0,False
1091,10,135.0,134.6837732900487,10.569064150458644,0.0,False
1091,11,135.0,134.54197774921045,8.167626673727966,0.0,False
1091,12,135.0,130.46125825959768,43.19265062975019,0.0,False
1091,13,135.0,104.32704556246894,135.79995870595314,0.0,False
1091,14,135.0,92.61390237192934,136.2815627591718,0.0,False
1091,15,135.0,89.28862517941234,134.98585729334138,0.0,False
1091,16,85.0,78.2738965629248,134.36393860715322,50.0,True
1092,0,120.0,118.32672340682765,6.131514341054881,0.0,False
1092,1,120.0,118.52323403770846,5.155817789040611,0.0,False
1092,2,120.0,118.43801392022641,5.74295585039458,0.0,False
1092,3,120.0,118.9475398663379,4.4116899866392885,0.0,False
1092,4,120.0,118.49612805878637,5.338852469785493,0.0,False
1092,5,120.0,118.59013731001993,31.059228986711673,0.0,False
1092,6,120.0,117.78892685079823,4.076289914976414,0.0,False
1092,7,120.0,117.54779243966622,4.076289914976414,0.0,False
1092,8,120.0,117.67091770682168,4.303811793444282,0.0,False
1092,9,120.0,118.08815922464814,7.91741817585627,0.0,False
1092,10,120.0,118.31869803770923,5.230374157131635,0.0,False
1092,11,120.0,119.00602157794962,9.034609339787323,0.0,False
1092,12,120.0,119.35844338649581,5.83712042106032,0.0,False
1092,13,120.0,119.36641867580101,5.533315281550145,0.0,False
1092,14,120.0,119.13644713857386,6.624839684944391,0.0,False
1092,15,120.0,118.85074390074901,8.097365104028214,0.0,False
1092,16,120.0,114.34423931408547,122.76994419216383,0.0,False
1093,0,135.0,133.32989507020923,2.9465471463336144,0.0,False
1093,1,135.0,133.3950380599324,2.9465471463336144,0.0,False
1093,2,135.0,133.6413077693828,3.736224036825064,0.0,False
1093,3,135.0,129.27109989223948,138.14249457851756,0.0,False
1093,4,135.0,105.68506437432785,137.18112929573425,0.0,False
1093,5,135.0,89.2424514847898,137.18112929573425,0.0,False
1093,6,135.0,72.55626880841812,137.18112929573425,0.0,False
1093,7,135.0,71.48847701763049,133.55294903791074,0.0,False
1093,8,135.0,87.84238687268257,133.55294903791074,0.0,False
1093,9,130.0,103.85139396799039,133.55294903791074,5.0,False
1093,10,130.0,123.08411089202782,133.55968318202213,5.0,False
1093,11,130.0,130.81461313788955,6.573427676546615,5.0,False
1094,0,145.0,143.40767204142156,13.553199492472032,0.0,False
1094,1,145.0,143.86322213529294,12.686061895047828,0.0,False
1094,2,145.0,143.4730930714271,13.492067740614317,0.0,False
1094,3,145.0,143.50787532558542,12.873186449160926,0.0,False
1094,4,145.0,143.41508990440155,12.527385950264573,0.0,False
1094,5,145.0,145.84872665465437,17.996570170618895,0.0,False
1094,6,145.0,143.15967655288264,53.74021423641403,0.0,False
1094,7,145.0,138.52383765191064,53.598581760081046,0.0,False
1094,8,140.0,137.4545779818835,53.42609247411893,5.0,False
1094,9,140.0,136.07502368496696,53.42609247411893,5.0,False
1094,10,140.0,136.32863800412622,53.42609247411893,5.0,False
1094,11,140.0,137.40479488296887,53.42609247411893,5.0,False
1094,12,140.0,135.40462964601727,50.949355656178554,5.0,False
1094,13,135.0,130.85422293082104,73.12817965244628,10.0,False
1094,14,135.0,137.12709261639205,39.80809644520065,10.0,False
1094,15,135.0,136.72752112553786,28.856564219343895,10.0,False
1094,16,135.0,133.55729331049363,34.07065759363796,10.0,False
1095,0,140.0,142.7549371710569,14.31989481340878,0.0,False
1095,1,140.0,141.37595138797207,17.388855264008697,0.0,False
1095,2,140.0,140.82631495682338,21.567547775877216,0.0,False
1095,3,140.0,138.50941080387324,14.443562143535729,0.0,False
1095,4,140.0,111.52350100389114,142.8143740011531,0.0,False
1095,5,135.0,93.83373545075823,139.01561506396283,5.0,False
1095,6,135.0,76.59886143995456,138.65327851573224,5.0,False
1095,7,135.0,59.27972040065017,138.99696802467562,5.0,False
1095,8,135.0,68.42903651671142,143.8404918288952,5.0,False
1095,9,140.0,69.25101624942235,143.8404918288952,0.0,False
1095,10,140.0,61.61501384005582,143.8526594139316,0.0,False
1095,11,140.0,79.53243548753008,143.8404918288952,0.0,False
1095,12,140.0,97.1706864540626,143.8404918288952,0.0,False
1095,13,140.0,115.3487048326691,145.16962381719387,0.0,False
1095,14,140.0,141.29761810914073,11.738295876250874,0.0,False
1095,15,140.0,139.5989384092435,37.386721251003436,0.0,False
1095,16,140.0,138.6122639033904,20.02914944330469,0.0,False
1096,0,120.0,121.95094076408995,9.304331662292213,0.0,False
1096,1,120.0,120.15584015735651,16.328356290080905,0.0,False
1096,2,120.0,117.29752870558492,21.538822601460822,0.0,False
1096,3,120.0,111.2088838629378,36.65368776281248,0.0,False
1096,4,120.0,107.25755042176091,32.8440818723293,0.0,False
1096,5,115.0,106.40344705821802,32.42781131289139,5.0,False
1096,6,115.0,107.25345015070083,42.14189611045812,5.0,False
1096,7,115.0,111.67587715749282,54.065263595381865,5.0,False
1096,8,105.0,110.13077407431794,54.065263595381865,15.0,True
1096,9,90.0,108.8750195558868,54.065263595381865,30.0,True
1096,10,95.0,109.9795342637235,54.065486830082705,25.0,True
1096,11,110.0,119.74833957273826,62.79455715504106,10.0,False
1096,12,125.0,120.24354151672547,61.590651600996054,5.0,False
1096,13,125.0,122.78933040310712,63.35548138711671,5.0,False
1096,14,130.0,120.25913253107608,61.590651600996054,10.0,False
1096,15,120.0,119.31080389726834,68.36385745878069,0.0,False
1096,16,100.0,114.43480086350071,63.6953754068401,20.0,True
1097,0,150.0,150.34490347061046,9.996190084277657,0.0,False
1097,1,150.0,151.11658424334678,11.427258465576983,0.0,False
1097,2,150.0,151.46462856138393,10.667547137472098,0.0,False
1097,3,150.0,151.21838321098494,11.422869179167975,0.0,False
1097,4,150.0,151.49586432714307,10.460648391950457,0.0,False
1097,5,150.0,151.77127239200965,10.460648391950457,0.0,False
1097,6,150.0,151.8127289032536,10.460648391950457,0.0,False
1097,7,150.0,152.58000683616189,14.397267608645649,0.0,False
1097,8,150.0,152.63860530812744,12.381548537483638,0.0,False
1097,9,150.0,152.83254913365315,13.893876828608967,0.0,False
1097,10,155.0,154.07229498614137,16.699138966749842,5.0,False
1097,11,155.0,155.7103947563894,12.632212434625274,5.0,False
1097,12,155.0,156.68643126096111,13.84165117234977,5.0,False
1097,13,155.0,157.22364106047655,11.96270282232237,5.0,False
1097,14,160.0,156.8324545528439,13.517106768491999,10.0,False
1097,15,155.0,154.00774432457476,22.729953604291268,5.0,False
1097,16,155.0,152.48843382914472,21.54635550018139,5.0,False
1098,0,155.0,112.39403799931715,161.6465745174227,5.0,False
1098,1,155.0,131.3154288925991,161.6465745174227,5.0,False
1098,2,155.0,156.62107737705907,11.570979746319722,5.0,False
1098,3,155.0,156.10692392142937,9.647490129210581,5.0,False
1098,4,155.0,156.53783735558164,9.647490129210581,5.0,False
1098,5,155.0,156.94837676543773,9.647490129210581,5.0,False
1098,6,160.0,157.42789872644715,9.110478329894477,0.0,False
1098,7,160.0,157.28923071248627,8.522551111973684,0.0,False
1098,8,160.0,157.2474846924659,8.371658164193917,0.0,False
1098,9,160.0,158.70419147519723,8.957447499225538,0.0,False
1098,10,160.0,159.90890290353246,7.247242087261611,0.0,False
1098,11,160.0,161.11919438320916,9.946412595005484,0.0,False
1098,12,160.0,162.13216270210827,10.128566315765653,0.0,False
1098,13,165.0,163.0715790475861,9.8273838201263,5.0,True
1098,14,165.0,162.93119163081292,9.8273838201263,5.0,True
1098,15,165.0,163.18965769629116,11.051794325550759,5.0,True
1098,16,165.0,164.12351828116533,7.522346879236977,5.0,True
1099,0,135.0,139.05013022703056,20.622874861416847,0.0,False
1099,1,135.0,137.1298787383482,24.35048129771485,0.0,False
1099,2,135.0,137.61539824303875,21.257239291903346,0.0,False
1099,3,135.0,138.24098060835166,21.257239291903346,0.0,False
1099,4,140.0,138.4343336109198,21.257239291903346,5.0,False
1099,5,140.0,140.2446064644576,21.257239291903346,5.0,False
1099,6,140.0,140.6260843419124,23.221391209491856,5.0,False
1099,7,140.0,136.0796424338839,43.61019903383121,5.0,False
1099,8,140.0,130.68708110587758,40.23277062827367,5.0,False
1099,9,140.0,127.58163209346468,43.74030702562685,5.0,False
1099,10,140.0,126.24137563466296,43.74030702562685,5.0,False
1099,11,135.0,124.71940466874932,44.470707591858954,0.0,False
1099,12,120.0,121.74899125842504,42.48132175573666,15.0,False
1099,13,120.0,118.12995422432233,66.3971025626566,15.0,False
1099,14,120.0,111.0339288700811,28.73476605944738,15.0,False
1099,15,115.0,111.1544388616006,30.646830386084616,20.0,False
1099,16,115.0,100.49106802113693,125.50766210814426,20.0,False
1100,0,145.0,141.6673229548937,27.64918407654497,10.0,False
1100,1,140.0,139.64666381698152,15.422717900926301,5.0,False
1100,2,140.0,138.56326212942193,17.14852261181389,5.0,False
1100,3,135.0,137.4481619179967,13.276236872057837,0.0,False
1100,4,135.0,135.18706531374278,18.04331617194677,0.0,False
1100,5,135.0,133.4853952493563,17.893944953455744,0.0,False
1100,6,135.0,132.21248305359651,28.47474072524976,0.0,False
1100,7,135.0,133.94861503084735,18.092988280641364,0.0,False
1100,8,135.0,128.52237569188011,40.66259013247496,0.0,False
1100,9,135.0,123.88091561754855,45.78183997361916,0.0,False
1100,10,130.0,118.59793862624758,44.07103608748076,5.0,False
1100,11,125.0,115.01777266281948,44.07103608748078,10.0,False
1100,12,100.0,110.91850791840025,52.7913293103818,35.0,True
1100,13,100.0,106.06113731365171,54.17717768052188,35.0,True
1100,14,100.0,98.04739298334412,37.31852334214712,35.0,True
1100,15,100.0,96.39836415659047,15.63535710652664,35.0,True
1100,16,95.0,85.85670469856422,102.20484692537896,40.0,True
1101,0,135.0,97.02328894247628,145.70907374625855,0.0,False
1101,1,140.0,114.54182385950708,145.70907374625855,5.0,False
1101,2,135.0,136.58348759506964,16.530518946898837,0.0,False
1101,3,135.0,134.78669089133226,11.933340582373518,0.0,False
1101,4,135.0,133.0083735629097,10.265862597868093,0.0,False
1101,5,130.0,132.1627821438781,10.014314721676016,5.0,False
1101,6,135.0,132.84204542601245,8.976859970469036,0.0,False
1101,7,135.0,133.04300232631115,8.976859970469036,0.0,False
1101,8,135.0,132.94732688802407,11.26318271165809,0.0,False
1101,9,135.0,132.4822865049087,6.627930926377189,0.0,False
1101,10,135.0,132.94047314774144,8.294533361424755,0.0,False
1101,11,135.0,132.92026607847012,8.703529222873314,0.0,False
1101,12,135.0,133.47198270284397,4.790077206640916,0.0,False
1101,13,135.0,132.89420387991862,40.60693488537875,0.0,False
1101,14,135.0,130.61813418884321,59.71517471648855,0.0,False
1101,15,135.0,120.27610692693314,63.74567957900504,0.0,False
1101,16,135.0,115.70940873580956,63.28308096161206,0.0,False
1102,0,135.0,135.81694411466108,13.802282392816295,5.0,False
1102,1,135.0,124.86816562184133,142.713227403908,5.0,False
1102,2,140.0,105.19726979188164,142.70985981598244,0.0,False
1102,3,140.0,103.74599061849739,142.71022781897622,0.0,False
1102,4,140.0,104.94898571671283,142.71022781897622,0.0,False
1102,5,140.0,104.63401274377097,142.71022781897622,0.0,False
1102,6,140.0,104.13392923879695,142.71022781897622,0.0,False
1102,7,140.0,103.86862551010063,143.83051373324093,0.0,False
1102,8,140.0,101.95420683214168,141.12292168650828,0.0,False
1102,9,140.0,119.96386631536913,143.57822514594474,0.0,False
1102,10,140.0,140.14631478056265,11.82531139637328,0.0,False
1102,11,140.0,141.2758825651457,11.386434257752143,0.0,False
1102,12,140.0,141.79677252779177,11.475627837490407,0.0,False
1102,13,145.0,142.4462015135124,11.736207250722856,5.0,False
1102,14,145.0,143.46874456423882,9.18781479194152,5.0,False
1102,15,145.0,142.55788352548137,13.546996716025973,5.0,False
1102,16,145.0,137.36003224596206,44.35283386170266,5.0,False
1103,0,155.0,153.37787887944967,9.899624096528584,10.0,False
1103,1,150.0,151.7740721924245,11.071327489901137,5.0,False
1103,2,150.0,149.74717902924326,14.50061181094452,5.0,False
1103,3,150.0,147.982358825827,12.183829114652752,5.0,False
1103,4,145.0,146.4108433174127,9.153435844666546,0.0,False
1103,5,145.0,145.65702075706363,8.933682067575575,0.0,False
1103,6,145.0,145.388961158557,8.933619570958342,0.0,False
1103,7,145.0,145.05226374879538,9.638264835768155,0.0,False
1103,8,145.0,144.29551840296247,5.553066914395316,0.0,False
1103,9,145.0,144.1847031306176,5.553066914395316,0.0,False
1103,10,145.0,144.33316923544518,5.553066914395316,0.0,False
1103,11,145.0,144.7916998897265,5.340545180081563,0.0,False
1103,12,145.0,145.5132890933548,3.4404905716995415,0.0,False
1103,13,145.0,145.23410790295952,4.501298281831595,0.0,False
1103,14,145.0,144.6151392292678,5.668272941674161,0.0,False
1103,15,145.0,143.99059684504735,4.7792548741584255,0.0,False
1103,16,145.0,144.37391068978545,6.643567545300073,0.0,False
1104,0,155.0,152.5160554648146,15.055534184048298,10.0,False
1104,1,155.0,150.59991000100743,58.7610485439825,10.0,False
1104,2,155.0,150.63742174323994,34.36936090745429,10.0,False
1104,3,155.0,151.5563716683929,18.696835375053126,10.0,False
1104,4,155.0,151.667709148895,18.696835375053126,10.0,False
1104,5,150.0,151.08522511232985,18.696835375053126,5.0,False
1104,6,150.0,148.91305045298833,18.34627601533319,5.0,False
1104,7,145.0,143.3159164793864,61.11164079467453,0.0,False
1104,8,145.0,129.21238568283354,58.6385623402103,0.0,False
1104,9,145.0,127.69411890936688,56.265380076607045,0.0,False
1104,10,145.0,123.85771536038638,55.950477088274084,0.0,False
1104,11,125.0,121.60046221718987,57.74653476741457,20.0,False
1104,12,110.0,116.62162264658876,53.43230520590592,35.0,False
1104,13,110.0,110.34161218830992,53.59374645907444,35.0,False
1104,14,105.0,103.12368425390333,42.20406553681349,40.0,True
1104,15,105.0,108.00819234067757,44.495741456343865,40.0,True
1104,16,110.0,114.01183680928955,43.9400854637733,35.0,False
1105,0,130.0,128.84952456907715,18.534303490718315,5.0,False
1105,1,130.0,128.08373675212414,13.547672807704913,5.0,False
1105,2,130.0,126.65907708357922,10.495501597111868,5.0,False
1105,3,125.0,124.86989833507592,14.64178365525106,0.0,False
1105,4,125.0,123.33816905582906,14.455762982983615,0.0,False
1105,5,125.0,121.83888793191407,26.387139774605686,0.0,False
1105,6,120.0,115.3605273331223,36.91603487235358,5.0,False
1105,7,120.0,107.18469194344681,122.55474556104447,5.0,False
1105,8,115.0,109.6359437094071,30.974210777499835,10.0,False
1105,9,115.0,108.4895801113711,31.45504923957222,10.0,False
1105,10,110.0,107.50190294579623,28.416313936916154,15.0,False
1105,11,110.0,105.51556991879445,27.654185308230026,15.0,False
1105,12,105.0,104.13660177864973,32.212853711016706,20.0,True
1105,13,105.0,104.70050110034676,22.36105326214313,20.0,True
1105,14,110.0,108.19860765660194,27.25270925452908,15.0,False
1105,15,110.0,111.52951626358494,21.528278190623382,15.0,False
1105,16,115.0,113.91913400817367,24.072613574505397,10.0,False
1106,0,130.0,132.42686208956485,15.701702903461864,0.0,False
1106,1,130.0,130.76989260833142,8.35335473268843,0.0,False
1106,2,130.0,130.44229292454037,8.35335473268843,0.0,False
1106,3,130.0,130.49959733730222,9.251360124257573,0.0,False
1106,4,130.0,129.81237208920157,6.1911141466163,0.0,False
1106,5,130.0,129.69282790841933,6.1911141466163,0.0,False
1106,6,130.0,130.57534404888864,9.354713187548825,0.0,False
1106,7,130.0,131.34388683271334,10.689502087999685,0.0,False
1106,8,130.0,132.8021528980672,7.486944058212629,0.0,False
1106,9,135.0,132.87803931366307,6.499394928966552,5.0,False
1106,10,135.0,134.32814944498,9.956337393658998,5.0,False
1106,11,135.0,133.6675305368149,8.530054111408333,5.0,False
1106,12,135.0,133.6777643630143,8.12890141413041,5.0,False
1106,13,135.0,132.6569939863757,14.489922172045596,5.0,False
1106,14,130.0,129.7332547039425,29.58933968000487,0.0,False
1106,15,130.0,126.31437537914672,29.595477096749605,0.0,False
1106,16,130.0,115.3162052683567,137.1499218851144,0.0,False
1107,0,120.0,121.7767619587036,6.113674132109907,0.0,False
1107,1,120.0,122.23174493579248,6.910060388609537,0.0,False
1107,2,120.0,122.20192036442066,6.959707422765206,0.0,False
1107,3,120.0,122.55726829580274,6.467439704657281,0.0,False
1107,4,125.0,122.66095852119975,6.4580803393380535,5.0,False
1107,5,125.0,105.77807590897903,125.58519753122256,5.0,False
1107,6,120.0,90.27597969832098,125.59731686018664,0.0,False
1107,7,125.0,75.00728144038195,125.24128703396948,5.0,False
1107,8,120.0,59.48438374991637,124.5244090632227,0.0,False
1107,9,120.0,79.56422408908375,125.30386287375515,0.0,False
1107,10,120.0,94.74128095478326,125.30386287375515,0.0,False
1107,11,120.0,114.2388595882819,126.1489696257423,0.0,False
1107,12,120.0,117.69057045644139,15.532980463283508,0.0,False
1108,0,145.0,139.94242618839746,30.655975906574056,5.0,False
1108,1,145.0,139.83599446869354,23.61713650926781,5.0,False
1108,2,140.0,139.0220405500292,23.30025248310274,0.0,False
1108,3,140.0,138.11153773478273,23.30025248310274,0.0,False
1108,4,140.0,138.84086036495233,23.30025248310274,0.0,False
1108,5,145.0,140.79741961149614,23.91665228875688,5.0,False
1108,6,140.0,141.01408573868522,27.315918948260318,0.0,False
1108,7,140.0,135.82820940938763,31.76497954103708,0.0,False
1108,8,140.0,134.88000195048645,39.18643449777369,0.0,False
1108,9,140.0,132.29542713100523,39.21866800744088,0.0,False
1108,10,135.0,128.05845573320073,46.642010576124804,5.0,False
1108,11,130.0,121.37304188267149,57.791653966869276,10.0,False
1108,12,120.0,118.43073817830397,59.506610261792616,20.0,False
1108,13,120.0,106.36512183868518,54.00663024739697,20.0,False
1108,14,115.0,102.62544834536322,29.202712613799036,25.0,False
1108,15,95.0,99.01679397744101,23.76397244832131,45.0,True
1108,16,95.0,98.77186049640473,63.1422967345048,45.0,True
1109,0,165.0,165.95015110148654,5.906251871859155,5.0,True
1109,1,165.0,164.83788512733003,7.752219816876249,5.0,True
1109,2,165.0,164.3114143362117,6.934361196136479,5.0,True
1109,3,165.0,163.68643014538534,6.758970356910453,5.0,True
1109,4,165.0,162.978831004748,5.235832042164333,5.0,True
1109,5,160.0,162.04787449025758,6.097370068519979,0.0,False
1109,6,160.0,162.04359992233375,5.079166527710129,0.0,False
1109,7,160.0,161.55371126058424,3.9495742900414257,0.0,False
1109,8,160.0,161.2088163382526,4.552393692916951,0.0,False
1109,9,160.0,160.54908103305667,5.832783300203118,0.0,False
1109,10,160.0,158.9435779264717,13.125451240126637,0.0,False
1109,11,160.0,158.0747061078468,10.305320750297682,0.0,False
1109,12,160.0,157.25665972992394,10.180960971433706,0.0,False
1109,13,160.0,156.87256492184932,10.589286503191602,0.0,False
1109,14,155.0,156.17614185038,9.772859620581158,5.0,False
1109,15,155.0,155.35801846722407,6.250307335252501,5.0,False
1109,16,155.0,154.51456980271948,5.255388041104197,5.0,False
1110,0,100.0,101.03222733062685,3.2089352184310513,0.0,True
1110,1,100.0,101.44645657831371,3.9618726720613893,0.0,True
1110,2,100.0,101.66658736589835,6.3205652797527705,0.0,True
1110,3,100.0,101.97321111414556,3.6806692226764284,0.0,True
1110,4,105.0,102.5576988744999,4.480129820441576,5.0,True
1110,5,100.0,102.54760132657921,3.751133004660062,0.0,True
1110,6,105.0,103.04462795495817,2.7950468677020552,5.0,True
1110,7,105.0,103.08762111310551,2.5599630303776735,5.0,True
1110,8,105.0,102.66748693260487,4.836330099990093,5.0,True
1110,9,105.0,102.14782020005855,8.65108292863843,5.0,True
1110,10,100.0,98.0205618968933,28.623446195358568,0.0,True
1110,11,100.0,95.52304593999133,28.535436928138424,0.0,True
1110,12,100.0,94.71023731741438,26.882530606324153,0.0,True
1110,13,100.0,94.3719741118994,29.26321962510511,0.0,True
1110,14,95.0,91.91740378064954,25.439897150816563,5.0,True
1110,15,90.0,90.08881364642674,24.312311136617154,10.0,True
1110,16,85.0,86.95222548479495,47.430688637862644,15.0,True
1111,0,115.0,115.76101486504263,8.228036988204721,0.0,False
1111,1,115.0,116.22581145288962,6.504457134059521,0.0,False
1111,2,115.0,116.89306395586658,6.99093708166771,0.0,False
1111,3,120.0,117.83167964626546,13.071765024756488,5.0,False
1111,4,120.0,117.79916292692099,8.945625963953859,5.0,False
1111,5,115.0,116.06428034056856,12.981928904715815,0.0,False
1111,6,115.0,116.44356437307906,9.670953492197398,0.0,False
1111,7,120.0,117.97997409185845,10.664789195360697,5.0,False
1111,8,115.0,117.26537033290711,9.755637660397184,0.0,False
1111,9,115.0,117.08629286751083,11.736355143811394,0.0,False
1111,10,115.0,115.0774293837595,18.78564474845068,0.0,False
1111,11,115.0,110.36918663491606,37.43186452819461,0.0,False
1111,12,115.0,109.17399033626445,37.39106622860605,0.0,False
1111,13,115.0,109.42726377493018,38.056473289640124,0.0,False
1111,14,115.0,109.63746245020137,38.98316963464708,0.0,False
1111,15,115.0,109.43814394698347,35.72675149286444,0.0,False
1111,16,115.0,108.74850572932546,35.70540716647993,0.0,False
1112,0,140.0,138.59611782200378,9.703241781434457,5.0,False
1112,1,140.0,138.7403820502313,8.593800782717778,5.0,False
1112,2,140.0,138.94119505386726,8.593800782717778,5.0,False
1112,3,140.0,138.601174995357,9.464532537873453,5.0,False
1112,4,140.0,139.02310736584522,8.593800782717778,5.0,False
1112,5,140.0,139.3000826872008,9.33248759406871,5.0,False
1112,6,140.0,141.14746144974328,23.916801302232074,5.0,False
1112,7,140.0,142.4764536905096,32.16079484370945,5.0,False
1112,8,140.0,142.05416782181734,30.211238433713305,5.0,False
1112,9,140.0,142.4770782205247,30.876395241640523,5.0,False
1112,10,140.0,140.79686555017975,35.92811244778886,5.0,False
1112,11,135.0,138.9907664185014,42.354514966388535,0.0,False
1112,12,130.0,137.72219042850037,38.03831759526628,5.0,False
1112,13,130.0,136.627234395464,38.0383175952675,5.0,False
1112,14,130.0,131.74112479321673,12.682783712095642,5.0,False
1112,15,130.0,131.94061314067955,15.335775126011924,5.0,False
1112,16,130.0,133.73834310341678,22.185647062560548,5.0,False
1113,0,165.0,156.71800120924445,43.02783742873828,15.0,True
1113,1,160.0,148.4101624650948,49.94322538134428,10.0,False
1113,2,155.0,147.10940817113246,47.24220594457162,5.0,False
1113,3,155.0,144.0466781574621,38.25269502195741,5.0,False
1113,4,155.0,145.6996505284026,38.25269502195741,5.0,False
1113,5,155.0,145.7444268714854,38.25269502195741,5.0,False
1113,6,150.0,144.9690664884336,38.25269502195741,0.0,False
1113,7,150.0,141.2088968498462,38.45281527325059,0.0,False
1113,8,150.0,139.32752890740937,64.60057032918378,0.0,False
1113,9,150.0,137.635449103369,66.26248437872351,0.0,False
1113,10,145.0,137.28279047816451,58.62048500087302,5.0,False
1113,11,150.0,140.2484897919169,58.32689657574731,0.0,False
1113,12,150.0,141.63062264697757,58.32689657574731,0.0,False
1113,13,150.0,138.97145656498842,58.32689657574731,0.0,False
1113,14,145.0,137.03346387337024,58.32689657574731,5.0,False
1113,15,145.0,134.39502990829953,65.0829460399134,5.0,False
1113,16,145.0,138.14342157430244,41.87233354959481,5.0,False
1114,0,135.0,138.73618404285608,23.45141241054037,5.0,False
1114,1,140.0,141.06509291351202,20.425282761243153,0.0,False
1114,2,145.0,143.7399583511067,23.24318320571814,5.0,False
1114,3,145.0,145.72755794947756,16.584755695766262,5.0,False
1114,4,145.0,145.42038862968198,20.707354414804286,5.0,False
1114,5,145.0,144.57325551632758,19.440625651803515,5.0,False
1114,6,145.0,143.70536333405593,20.401526363392463,5.0,False
1114,7,145.0,142.8441100204264,20.892743359570147,5.0,False
1114,8,140.0,142.3127760450076,19.215281999441316,0.0,False
1114,9,140.0,140.65413969402118,20.028184103773185,0.0,False
1114,10,140.0,139.3649864625982,13.7539468054444,0.0,False
1114,11,140.0,139.32623755598505,12.230046408706954,0.0,False
1114,12,140.0,139.80467629239385,12.608823245121869,0.0,False
1114,13,140.0,140.76752328074852,11.600389063282648,0.0,False
1114,14,140.0,141.39737205882767,7.662738902456709,0.0,False
1114,15,140.0,139.99093845539954,11.714308885344309,0.0,False
1114,16,140.0,120.35090651825442,142.59489201368493,0.0,False
1115,0,165.0,165.37058019838025,10.012655046584825,0.0,True
1115,1,165.0,166.82298969177614,9.483433659975077,0.0,True
1115,2,165.0,165.7250839842938,14.01801042439331,0.0,True
1115,3,165.0,164.2998579626136,17.223895653112578,0.0,True
1115,4,165.0,162.8142441924818,19.87591771308078,0.0,True
1115,5,165.0,162.30637665811307,19.87591771308078,0.0,True
1115,6,160.0,159.59750204844724,27.905462577800762,5.0,False
1115,7,155.0,156.3060023045133,33.04404586121581,10.0,False
1115,8,155.0,154.809238107442,28.6196919228494,10.0,False
1115,9,155.0,153.88465268567822,19.529397431102836,10.0,False
1115,10,155.0,154.95429011025308,21.08397492345756,10.0,False
1115,11,160.0,156.32835749131291,23.857232153036506,5.0,False
1115,12,160.0,159.60497404739067,37.419096082803776,5.0,False
1115,13,160.0,162.71293606804693,41.1363726852577,5.0,False
1115,14,165.0,166.82658166689964,44.715712804863045,0.0,True
1115,15,165.0,165.55914909236486,65.15263027038637,0.0,True
1115,16,165.0,153.09953592748798,121.22277018187779,0.0,True
1116,0,125.0,126.58359073079758,7.3424643203278634,10.0,False
1116,1,130.0,128.69188620087792,12.754007926644363,5.0,False
1116,2,130.0,131.0989793086451,14.712958813866265,5.0,False
1116,3,135.0,132.75180375880245,15.250373276232168,0.0,False
1116,4,135.0,134.10922212081468,14.206239773412108,0.0,False
1116,5,135.0,135.51903475737282,14.206239773412108,0.0,False
1116,6,140.0,137.8071638781898,17.936629507116223,5.0,False
1116,7,140.0,139.60984967223868,16.672452332651844,5.0,False
1116,8,140.0,140.67638490027448,6.662544735421591,5.0,False
1116,9,140.0,140.51881241440444,7.889156819272017,5.0,False
1116,10,140.0,139.3688070588814,10.824322844018724,5.0,False
1116,11,140.0,137.89411641886537,16.55032886946529,5.0,False
1116,12,140.0,138.5099458451102,14.581592366521875,5.0,False
1116,13,140.0,138.7448462938472,15.148627841635118,5.0,False
1116,14,140.0,138.34742370494862,14.239718954647287,5.0,False
1116,15,140.0,140.62233966443745,25.111660564331146,5.0,False
1116,16,140.0,143.3101499682165,31.25177507029133,5.0,False
1117,0,130.0,128.33903950691894,9.957877536010315,5.0,False
1117,1,130.0,128.1482648762729,10.08732820578534,5.0,False
1117,2,130.0,126.75697187086087,12.977721824029388,5.0,False
1117,3,125.0,125.58104306947212,11.302184996220774,0.0,False
1117,4,125.0,124.72563580938494,11.406172912605399,0.0,False
1117,5,125.0,124.96744566623192,13.671546552023216,0.0,False
1117,6,125.0,124.12124869985084,8.112392608957393,0.0,False
1117,7,125.0,124.83277312804802,8.112392608957393,0.0,False
1117,8,125.0,124.19039437906429,9.565395008961048,0.0,False
1117,9,125.0,122.98841770596218,10.597247179260236,0.0,False
1117,10,125.0,122.81657889755971,11.218954117001772,0.0,False
1117,11,125.0,123.89829498007195,9.491237526831654,0.0,False
1117,12,125.0,124.27240453144792,10.694257671224648,0.0,False
1117,13,125.0,124.508107028584,11.314880366443816,0.0,False
1117,14,120.0,120.68157868805268,25.742241690914312,5.0,False
1117,15,120.0,118.49945223371147,25.212863011113413,5.0,False
1117,16,120.0,117.95307884211005,26.913406124810294,5.0,False
1118,0,140.0,141.7248862769538,21.661619527707074,5.0,False
1118,1,145.0,143.20647638696727,14.15129664766502,10.0,False
1118,2,145.0,142.03955392090992,19.4015239448147,10.0,False
1118,3,140.0,140.6303088895792,19.97618335966564,5.0,False
1118,4,140.0,139.8610163707279,19.741206955006845,5.0,False
1118,5,140.0,140.84310540543905,22.392689808421153,5.0,False
1118,6,140.0,134.8062275444009,43.9585320119555,5.0,False
1118,7,135.0,128.72471974310872,46.831797321597804,0.0,False
1118,8,130.0,125.32992123929556,39.10719088927908,5.0,False
1118,9,125.0,123.49187693957084,39.10719088927908,10.0,False
1118,10,125.0,129.3315910728813,65.0304377047674,10.0,False
1118,11,125.0,135.18735145982052,69.03115777893782,10.0,False
1118,12,125.0,132.50428566359452,68.454134152974,10.0,False
1118,13,130.0,135.05152329123896,69.19910685625379,5.0,False
1118,14,130.0,139.64569345610371,67.29316706160208,5.0,False
1118,15,130.0,144.85144799985474,51.9541393196706,5.0,False
1118,16,140.0,145.98166132624456,45.6904215928362,5.0,False
1119,0,135.0,97.8141754918881,142.0303468113775,0.0,False
1119,1,135.0,114.8054125025005,141.76036777497535,0.0,False
1119,2,135.0,133.21042441103708,15.523290861723567,0.0,False
1119,3,135.0,133.9092586566812,15.523290861723567,0.0,False
1119,4,135.0,133.83464401140557,26.204275399836092,0.0,False
1119,5,135.0,133.09396645672933,18.482800435284886,0.0,False
1119,6,140.0,135.62564724208582,20.127354048818333,5.0,False
1119,7,135.0,133.50608192723226,18.477578124994963,0.0,False
1119,8,130.0,131.12982692139252,16.560593341471034,5.0,False
1119,9,135.0,132.68241444880556,16.560593341471034,0.0,False
1119,10,135.0,132.2402182917753,17.155739652702366,0.0,False
1119,11,135.0,133.95049974834376,19.641855271165042,0.0,False
1119,12,135.0,136.46234459715382,20.121890911030363,0.0,False
1119,13,135.0,137.45466317366186,25.519236914079272,0.0,False
1119,14,130.0,132.41686555935493,34.984550132829526,5.0,False
1119,15,140.0,132.88683213443719,34.9846781041751,5.0,False
1119,16,140.0,125.86845578359542,66.30090910737023,5.0,False
1120,0,140.0,138.41059967714807,17.150337223951794,0.0,False
1120,1,140.0,140.65493645108106,15.71607698112058,0.0,False
1120,2,140.0,142.33890884824402,7.970152272330665,0.0,False
1120,3,145.0,142.87013909908657,5.418342559691666,5.0,False
1120,4,145.0,142.81149908426886,5.360868065182586,5.0,False
1120,5,145.0,142.69907976494252,6.792006497882824,5.0,False
1120,6,140.0,142.09214305220775,8.286279607013057,0.0,False
1120,7,140.0,140.9956379730207,9.298005923609054,0.0,False
1120,8,140.0,139.8711451793934,11.102617103995527,0.0,False
1120,9,140.0,138.82185443331616,8.021154109959241,0.0,False
1120,10,140.0,138.3689527478724,6.913136538486725,0.0,False
1120,11,140.0,138.90144081372907,10.359857360319069,0.0,False
1120,12,140.0,138.4233039581813,8.823954796469053,0.0,False
1120,13,140.0,124.17712619812652,144.04608536354246,0.0,False
1120,14,140.0,131.01798954026793,144.04608536354246,0.0,False
1120,15,135.0,130.50524277192798,144.04608536354246,5.0,False
1120,16,135.0,107.59102099215575,144.04608536354246,5.0,False
1121,0,130.0,83.85926734615286,134.20014938921966,5.0,False
1121,1,130.0,99.58944473197589,134.20014938921966,5.0,False
1121,2,130.0,118.26337272063172,134.1234407290453,5.0,False
1121,3,130.0,129.41318466431534,12.083849737149876,5.0,False
1121,4,130.0,127.48770102591652,19.01963019170384,5.0,False
1121,5,125.0,116.91971111975435,133.1109625725703,0.0,False
1121,6,130.0,98.07967666694901,138.45439583362213,5.0,False
1121,7,125.0,101.55090424238253,128.9027668642915,0.0,False
1121,8,120.0,94.38255488573743,126.21444182158588,5.0,False
1121,9,115.0,76.7302784868759,126.21444182158588,10.0,False
1122,0,115.0,120.05603489838225,28.737188477401247,5.0,False
1122,1,120.0,118.31373944709897,35.01702050900913,0.0,False
1122,2,120.0,117.81338696586545,11.766762400543456,0.0,False
1122,3,120.0,117.73014624073333,11.766762400543456,0.0,False
1122,4,120.0,119.91273374788459,24.57058885422134,0.0,False
1122,5,120.0,121.82562822432332,21.82870634968063,0.0,False
1122,6,125.0,123.60802836668687,21.716803168234108,5.0,False
1122,7,125.0,126.19790803014999,18.12265758424286,5.0,False
1122,8,125.0,128.16881273346849,18.28023362393982,5.0,False
1122,9,125.0,127.83449597862437,18.515056216686773,5.0,False
1122,10,130.0,128.8530421271225,15.268047718627784,10.0,False
1122,11,130.0,129.94713973022832,14.89786147896828,10.0,False
1122,12,130.0,129.65143475826028,37.456417848550856,10.0,False
1122,13,130.0,127.62838515407347,26.23969075969859,10.0,False
1122,14,130.0,124.8888692867137,46.21055924845652,10.0,False
1122,15,125.0,120.84400072811918,138.87907602623304,5.0,False
1122,16,120.0,107.76606465735215,134.22114107809503,0.0,False
1123,0,155.0,154.73644491189654,8.528636942126212,0.0,False
1123,1,155.0,154.30852172465086,7.724708650613593,0.0,False
1123,2,155.0,155.01070827001067,7.69383695918043,0.0,False
1123,3,155.0,155.50318074587136,8.53082958829512,0.0,False
1123,4,155.0,155.64254087472125,8.50609369838574,0.0,False
1123,5,155.0,155.0155450698,9.266263202246023,0.0,False
1123,6,155.0,154.07730914761316,8.50609369838574,0.0,False
1123,7,155.0,154.095011682071,9.792639057133414,0.0,False
1123,8,155.0,155.3203348241975,7.0578849935006645,0.0,False
1123,9,155.0,154.8493580291192,9.44463158048498,0.0,False
1123,10,155.0,153.1786165135308,13.118751823726114,0.0,False
1123,11,150.0,151.25202114687593,13.014745214110235,5.0,False
1123,12,150.0,149.7688842886694,14.540563037978075,5.0,False
1123,13,150.0,145.22682805335586,32.24739619902162,5.0,False
1123,14,150.0,142.75861897101765,31.45548114741102,5.0,False
1123,15,145.0,139.52833684073713,32.071559354666206,10.0,False
1123,16,140.0,136.0004889820663,23.54583615893604,15.0,False
1124,0,120.0,123.01540612650079,42.40949790991188,25.0,False
1124,1,125.0,127.8219712056936,52.289164982732714,20.0,False
1124,2,130.0,131.81263184355282,50.13504909600299,15.0,False
1124,3,150.0,134.96023041929163,50.13504909600299,5.0,False
1124,4,150.0,136.77452849461898,50.13504909600299,5.0,False
1124,5,150.0,139.87372520420553,50.27699535698713,5.0,False
1124,6,150.0,144.40519314277782,39.12305875566078,5.0,False
1124,7,150.0,134.58454120776273,73.05591644777378,5.0,False
1124,8,150.0,135.46447103697136,74.41776843868823,5.0,False
1124,9,145.0,136.2315449515346,79.79210848431512,0.0,False
1124,10,150.0,136.26147224408393,75.64712778805534,5.0,False
1124,11,145.0,135.6606501768243,75.64712778805534,0.0,False
1124,12,145.0,135.30505596718663,75.64712778805534,0.0,False
1124,13,150.0,134.7958580222641,77.04077747151509,5.0,False
1124,14,150.0,143.82485902592404,73.19055575495864,5.0,False
1124,15,150.0,148.89030514485222,83.39542979775939,5.0,False
1124,16,150.0,136.18620910725383,81.35876201935713,5.0,False
1125,0,140.0,141.8205021622618,8.412757198767537,0.0,False
1125,1,145.0,133.99078257369257,149.99526550019337,5.0,False
1125,2,140.0,112.2477351373037,148.15241854171967,0.0,False
1125,3,145.0,94.59834924657068,148.15241854171967,5.0,False
1125,4,145.0,89.53139162735934,148.1958654079701,5.0,False
1125,5,145.0,95.52104924671845,156.32366028421586,5.0,False
1125,6,145.0,94.66067739144358,153.15242764566497,5.0,False
1125,7,135.0,91.64700374690429,153.15242764566497,5.0,False
1125,8,130.0,83.75273870942331,153.15242764566497,10.0,False
1125,9,130.0,99.64648180267262,153.1524276456649,10.0,False
1125,10,130.0,116.26537809740934,153.1524276456649,10.0,False
1125,11,130.0,134.53604537266148,28.499138283807298,10.0,False
1125,12,130.0,131.81692831788422,31.68972811609879,10.0,False
1125,13,130.0,101.21831606396236,133.15575977377603,10.0,False
1125,14,130.0,85.54587939978612,133.19788695312297,10.0,False
1125,15,130.0,69.94887002392407,133.1824819886785,10.0,False
1126,0,130.0,127.6564951942187,19.36033876439018,0.0,False
1126,1,130.0,125.61229749425114,19.369928565847502,0.0,False
1126,2,125.0,124.73849215803881,20.45013393470667,5.0,False
1126,3,125.0,124.14595831836799,16.89375472475477,5.0,False
1126,4,125.0,123.72057847152159,16.923718723469435,5.0,False
1126,5,125.0,123.79468351513249,16.98789236552919,5.0,False
1126,6,125.0,123.27666618479627,16.104518250731402,5.0,False
1126,7,125.0,123.46101304032294,17.537358772149076,5.0,False
1126,8,125.0,125.45764859927115,13.610423741156808,5.0,False
1126,9,125.0,127.45843669330816,24.999989671759963,5.0,False
1126,10,125.0,125.74730989909818,11.23435711367135,5.0,False
1126,11,125.0,119.73544160663602,42.240621052461734,5.0,False
1126,12,125.0,114.8919040828042,45.050008060100026,5.0,False
1126,13,120.0,110.25989444905164,42.3679717330015,10.0,False
1126,14,110.0,105.33440372014641,46.70902884611863,20.0,False
1126,15,90.0,101.54332137398771,55.24314181449796,40.0,True
1126,16,85.0,93.7382550719827,53.191804543208164,45.0,True
1127,0,135.0,134.5784005717326,31.344693609311463,5.0,False
1127,1,135.0,136.37531270424583,23.27535542984033,5.0,False
1127,2,140.0,138.31814731198426,14.501741403635577,0.0,False
1127,3,140.0,138.63646731382525,10.863496050655442,0.0,False
1127,4,140.0,139.59719471921903,9.667962444907829,0.0,False
1127,5,140.0,140.54200449004256,10.016257627430235,0.0,False
1127,6,140.0,140.93711931208077,12.79049908048421,0.0,False
1127,7,140.0,141.18103290472317,12.899847677783441,0.0,False
1127,8,140.0,141.62168330845248,12.844235734242545,0.0,False
1127,9,145.0,142.4043932890057,12.844235734242545,5.0,False
1127,10,145.0,141.85621856875136,24.090523241031633,5.0,False
1127,11,145.0,136.10259160331697,52.98300745534593,5.0,False
1127,12,145.0,128.94511064996908,62.62323256083344,5.0,False
1127,13,145.0,122.08179721363925,60.94412892274012,5.0,False
1127,14,100.0,114.12956598456638,60.71336144880641,40.0,True
1127,15,95.0,109.58298330785425,59.12795848460928,45.0,True
1127,16,100.0,105.66800390484003,62.002311696156625,40.0,True
1128,0,115.0,110.76912107796326,15.259672015311295,5.0,False
1128,1,110.0,108.54020062889488,16.966583395370122,0.0,False
1128,2,110.0,108.06022113059346,15.821553877162074,0.0,False
1128,3,110.0,107.85749972993936,15.821553877162074,0.0,False
1128,4,110.0,107.30945611219029,15.821553877162074,0.0,False
1128,5,105.0,106.76303990273708,18.400450662339892,5.0,True
1128,6,105.0,107.07440348308704,27.20251391913783,5.0,True
1128,7,105.0,85.52607529331918,113.57208631096329,5.0,True
1128,8,105.0,73.1144801698713,113.57208631096329,5.0,True
1128,9,110.0,60.28952765469495,113.57208631096329,0.0,False
1128,10,110.0,67.43974254150582,120.93762067143817,0.0,False
1128,11,100.0,63.66726473456969,112.47164363836316,10.0,True
1128,12,100.0,61.98358278072074,105.06547804159018,10.0,True
1128,13,95.0,54.88963715296142,105.07857650541479,15.0,True
1128,14,95.0,67.56685045525651,110.45880587668634,15.0,True
1128,15,100.0,80.03280315278884,105.05350750103935,10.0,True
1128,16,100.0,98.289170906098,114.00947563942879,10.0,True
1129,0,145.0,126.70936466129477,150.50707191237763,0.0,False
1129,1,145.0,125.66953445349107,150.50707191243572,0.0,False
1129,2,145.0,146.74163606719534,8.18500200610211,0.0,False
1129,3,145.0,146.5706448768632,6.971372228850498,0.0,False
1129,4,145.0,145.8613899523586,6.511839106338385,0.0,False
1129,5,145.0,145.56278474387193,7.8217341758189605,0.0,False
1129,6,145.0,145.1825753013289,7.225026804517739,0.0,False
1129,7,145.0,143.9635521961646,10.71120763494045,0.0,False
1129,8,145.0,142.85018087660112,8.946864119608193,0.0,False
1129,9,145.0,143.72178497713014,15.224314574342742,0.0,False
1129,10,145.0,144.6802451092049,17.731164289075963,0.0,False
1129,11,145.0,143.9512251544347,15.03679316428159,0.0,False
1129,12,145.0,143.73284807916596,15.03679316428159,0.0,False
1129,13,145.0,144.22077265242058,15.03679316428159,0.0,False
1129,14,145.0,144.44384841011723,16.695472720004574,0.0,False
1129,15,145.0,144.98109499216503,18.795525768531576,0.0,False
1129,16,145.0,144.80960191376315,22.003047760169096,0.0,False
1130,0,140.0,118.7128727603097,90.3405777056895,5.0,False
1130,1,135.0,116.73264944102998,90.3405777056895,0.0,False
1130,2,125.0,113.36990761395865,90.41064544155023,10.0,False
1130,3,115.0,106.38529585904391,89.36492513581746,20.0,False
1130,4,125.0,110.06846380166651,78.13109200225958,10.0,False
1130,5,125.0,110.1613412393633,76.47899228424563,10.0,False
1130,6,130.0,110.27852809603037,142.8555837907658,5.0,False
1130,7,135.0,120.4379797688028,61.51455978505351,0.0,False
1130,8,135.0,121.66202583161896,61.51455978505351,0.0,False
1130,9,140.0,122.82589514581477,61.51455978505351,5.0,False
1130,10,140.0,128.2502637647271,61.51455978505351,5.0,False
1130,11,140.0,127.16092184791499,65.08339493760502,5.0,False
1130,12,140.0,126.34441363866746,63.54363275742648,5.0,False
1130,13,140.0,134.88359185273387,57.220361603207564,5.0,False
1130,14,135.0,136.59731793775865,17.635705096846152,0.0,False
1130,15,135.0,133.6237797968459,22.338066351436254,0.0,False
1130,16,135.0,131.53448040744954,28.23852442258395,0.0,False
1131,0,120.0,78.05149751342245,125.62636185753898,5.0,False
1131,1,125.0,93.55038170448154,125.67706205559654,0.0,False
1131,2,125.0,109.56394292683309,127.23951062005116,0.0,False
1131,3,125.0,123.9704024255584,7.706326718888334,0.0,False
1131,4,125.0,124.08409629543719,7.60272827292863,0.0,False
1131,5,125.0,123.90334895272302,7.60272827292863,0.0,False
1131,6,125.0,124.371508617358,7.078320665906915,0.0,False
1131,7,125.0,125.00326288791514,8.70001778774764,0.0,False
1131,8,125.0,125.56331171406845,8.352809224421776,0.0,False
1131,9,125.0,125.02271568730765,5.801818992153059,0.0,False
1131,10,125.0,124.60982335683101,6.835933108489144,0.0,False
1131,11,125.0,119.97855699686117,24.722030149470072,0.0,False
1131,12,125.0,117.5648933722509,25.26840917676371,0.0,False
1131,13,125.0,115.61185987153556,25.34261537443821,0.0,False
1131,14,120.0,108.95061725803504,128.46581893384544,5.0,False
1131,15,110.0,95.77563867908081,123.87941451646293,15.0,False
1131,16,105.0,88.90574773170131,125.3512419397528,20.0,True
1132,0,120.0,120.69967794850794,19.84121645999383,0.0,False
1132,1,120.0,118.60687053156401,28.238743462690493,0.0,False
1132,2,125.0,117.00089835871283,28.550682916724426,5.0,False
1132,3,125.0,116.28644815296921,30.581619487200214,5.0,False
1132,4,120.0,114.34005981042797,28.677399754481115,0.0,False
1132,5,115.0,113.24364489903783,26.547384865419616,5.0,False
1132,6,110.0,113.10821425006962,31.023788989505277,10.0,False
1132,7,110.0,111.13163806976408,26.023298037450715,10.0,False
1132,8,110.0,112.21765181725246,24.29279808784291,10.0,False
1132,9,115.0,114.25190952983336,24.685834093960793,5.0,False
1132,10,115.0,116.85828157842809,17.353911473919055,5.0,False
1132,11,120.0,118.88108809641824,14.084623551873449,0.0,False
1132,12,120.0,121.72870095246786,16.86943857645103,0.0,False
1132,13,120.0,123.2529473709531,20.789212771841918,0.0,False
1132,14,120.0,123.68932037691275,14.58999499690627,0.0,False
1132,15,120.0,123.77163588328534,14.933740193659489,0.0,False
1132,16,125.0,124.67622374668706,13.42917825174544,5.0,False
1133,0,145.0,146.15218852838413,22.731380992795806,0.0,False
1133,1,145.0,143.38145596005023,13.983803913630169,0.0,False
1133,2,145.0,143.1475772050286,9.59085238749907,0.0,False
1133,3,140.0,142.74467437118025,9.124586187720183,5.0,False
1133,4,145.0,143.16549339207276,8.252864625012961,0.0,False
1133,5,145.0,144.72000851531214,10.627697086287725,0.0,False
1133,6,145.0,145.85619973476673,10.95747065863091,0.0,False
1133,7,145.0,145.37298918514708,14.203643538319767,0.0,False
1133,8,145.0,145.17291369723748,11.526468814014038,0.0,False
1133,9,145.0,145.56984798168347,10.651025026205502,0.0,False
1133,10,145.0,140.6616321701086,33.34846853047702,0.0,False
1133,11,145.0,138.67353239729903,32.521662972583925,0.0,False
1133,12,140.0,136.84661285764898,33.23296074201261,5.0,False
1133,13,135.0,134.07595272034874,31.467539527783998,10.0,False
1133,14,135.0,131.62338286120536,27.00155153957232,10.0,False
1133,15,130.0,109.65907187143938,145.21180984947821,15.0,False
1133,16,125.0,90.60681341481008,142.4889901789886,20.0,False
1134,0,130.0,93.72359300659656,134.52163561574116,5.0,False
1134,1,105.0,73.76133488303117,137.8163571960786,20.0,True
1134,2,110.0,79.17585364043073,131.20800373782518,15.0,False
1134,3,125.0,94.87853980580525,131.21331800364192,0.0,False
1134,4,125.0,116.55108230355681,131.21675855896936,0.0,False
1134,5,125.0,120.83296964192166,26.345094403571622,0.0,False
1134,6,125.0,120.91244390538394,27.116698230856358,0.0,False
1134,7,120.0,116.96197692233532,20.191934165089734,5.0,False
1134,8,120.0,117.40570318813899,22.155771199398046,5.0,False
1134,9,120.0,118.79923584501444,13.565929489546988,5.0,False
1135,0,140.0,139.63376854953958,3.249201411611665,0.0,False
1135,1,140.0,139.4588158048594,3.871502047798515,0.0,False
1135,2,140.0,139.18966923061345,4.5338212621766445,0.0,False
1135,3,140.0,134.20362283032145,141.5605526063003,0.0,False
1135,4,140.0,109.84792652062757,141.55312111454964,0.0,False
1135,5,140.0,92.55566866548125,141.56671442117337,0.0,False
1135,6,140.0,97.66098286000796,141.06965664962598,0.0,False
1135,7,140.0,98.85126028353028,149.38716218872767,0.0,False
1135,8,140.0,99.50045858696747,147.98931069040407,0.0,False
1135,9,145.0,99.63116374192872,148.7553714996875,5.0,False
1135,10,145.0,93.11229379197772,149.32245433222795,5.0,False
1135,11,145.0,109.59326298722452,149.32245433222795,5.0,False
1135,12,145.0,136.48930870139827,153.25226166920206,5.0,False
1135,13,150.0,143.13342039664028,35.9293697578767,10.0,False
1135,14,150.0,144.32283254718806,37.659138969877304,10.0,False
1135,15,150.0,137.75271560827707,153.84183330668898,10.0,False
1135,16,150.0,110.62802175725544,153.83442814071978,10.0,False
1136,0,160.0,158.42072842226918,17.639055002596905,15.0,False
1136,1,155.0,147.8952213721087,78.57367351851308,10.0,False
1136,2,155.0,151.24160562822243,79.00114342729891,10.0,False
1136,3,155.0,151.48610471791787,79.17693709641229,10.0,False
1136,4,155.0,149.38203139391499,79.17893157756886,10.0,False
1136,5,150.0,146.9792994140869,71.99624058322895,5.0,False
1136,6,150.0,144.91881637038998,71.0873564117969,5.0,False
1136,7,145.0,141.88800156113268,70.89081663675937,0.0,False
1136,8,145.0,137.52905008721737,66.7636826648869,0.0,False
1136,9,140.0,139.7287491917155,29.816102880942864,5.0,False
1136,10,140.0,134.74123246047012,41.28733887217396,5.0,False
1136,11,140.0,130.17128652346625,35.889190965155095,5.0,False
1136,12,135.0,129.52987282318887,34.56993579762444,10.0,False
1136,13,130.0,125.82644698608671,29.937257326907584,15.0,False
1136,14,120.0,115.20758528888626,59.214710817113016,25.0,False
1136,15,115.0,111.69026540276361,59.214710817113016,30.0,False
1136,16,115.0,93.00965518512078,135.92201277259744,30.0,False
1137,0,135.0,133.56526202322934,8.830319314542407,0.0,False
1137,1,135.0,133.87708504838366,9.277751005605012,0.0,False
1137,2,135.0,133.2723735441684,7.980508832746779,0.0,False
1137,3,135.0,133.0672324166575,7.980508832746779,0.0,False
1137,4,135.0,133.40859376759352,13.782904171403487,0.0,False
1137,5,135.0,134.31476731935618,5.9233589793427655,0.0,False
1137,6,135.0,117.27032176071016,137.296206753652,0.0,False
1137,7,135.0,94.57374042852105,136.82482691258332,0.0,False
1137,8,135.0,92.4192091214289,136.86794184501025,0.0,False
1137,9,130.0,60.93468974248122,136.87866031589036,5.0,False
1138,0,150.0,150.8202243049992,37.87594885840768,5.0,False
1138,1,155.0,152.9393415492177,9.288345295441161,0.0,False
1138,2,155.0,154.36290033636303,13.58467221279409,0.0,False
1138,3,155.0,155.77302607470588,15.711580410318703,0.0,False
1138,4,160.0,157.97035633660448,18.313208252844447,5.0,False
1138,5,160.0,160.06052850121588,10.046929732059056,5.0,False
1138,6,160.0,160.1785864867371,9.770949040012766,5.0,False
1138,7,160.0,160.6408323856839,10.165291233736497,5.0,False
1138,8,160.0,160.0986330019202,15.494663560767492,5.0,False
1138,9,160.0,158.47108762496956,22.006345508464847,5.0,False
1138,10,160.0,156.31523856558996,21.664575349037733,5.0,False
1138,11,160.0,154.09754555092164,24.791669221797292,5.0,False
1138,12,155.0,151.547723115977,21.138577004203142,0.0,False
1138,13,150.0,149.97062349739969,17.39534532702106,5.0,False
1138,14,150.0,142.72502500957765,49.59370759749258,5.0,False
1138,15,145.0,129.1012514464652,151.23275113850195,10.0,False
1138,16,140.0,104.78593928889416,149.35522661472598,15.0,False
1139,0,155.0,107.09894527671294,157.43430378874677,5.0,False
1139,1,155.0,108.33532130513493,158.668742738141,5.0,False
1139,2,155.0,106.67615636145146,157.43430378874677,5.0,False
1139,3,155.0,123.70956462059898,157.43430378645854,5.0,False
1139,4,155.0,152.79522641599482,18.016360747946237,5.0,False
1139,5,150.0,151.33126312499908,16.52638692420024,0.0,False
1139,6,150.0,150.50758842211846,16.52638692420024,0.0,False
1139,7,150.0,149.89428161934575,16.52638692420024,0.0,False
1139,8,150.0,150.06809083924168,19.22993728405052,0.0,False
1139,9,150.0,148.40117986922107,10.655002528499892,0.0,False
1139,10,150.0,149.26424484243734,23.90962359641418,0.0,False
1139,11,150.0,152.58506497187685,16.526527963332654,0.0,False
1139,12,155.0,154.10255212925793,21.51187646596611,5.0,False
1139,13,155.0,154.16157981041349,18.487858278455434,5.0,False
1139,14,155.0,153.59458077883926,18.815668103616588,5.0,False
1139,15,155.0,154.2602923783021,18.256393927925387,5.0,False
1139,16,155.0,153.4236579338224,19.25355002897507,5.0,False
1140,0,135.0,136.0356295995394,7.045480535074859,5.0,False
1140,1,135.0,136.30342759687514,9.12625757044782,5.0,False
1140,2,135.0,134.8879323828058,15.118568556001875,5.0,False
1140,3,135.0,129.92710558223624,43.32162651521077,5.0,False
1140,4,135.0,126.20390085419432,36.85022948700862,5.0,False
1140,5,135.0,125.01644512032551,36.85022948700862,5.0,False
1140,6,135.0,114.40692249961593,139.3416691779306,5.0,False
1140,7,115.0,111.10357258793056,139.79582073519728,15.0,False
1140,8,105.0,103.7401195457333,136.555810273871,25.0,True
1140,9,100.0,86.60611914880407,124.62422902795579,30.0,True
1140,10,95.0,83.62905804287853,124.62422902795579,35.0,True
1140,11,90.0,83.31192314404656,124.62422902795579,40.0,True
1140,12,90.0,78.60410991447527,126.87021042841333,40.0,True
1140,13,90.0,62.41104514719091,107.49884782481564,40.0,True
1140,14,95.0,62.49198978667439,106.74345817545637,35.0,True
1141,0,140.0,137.74476550007014,13.967421557197696,0.0,False
1141,1,140.0,138.03864848755478,13.967421557197696,0.0,False
1141,2,140.0,138.48607257442214,15.227430909356798,0.0,False
1141,3,140.0,138.67786919944052,33.62264618014294,0.0,False
1141,4,140.0,140.46447307323066,20.19238074557765,0.0,False
1141,5,140.0,142.29128723922383,10.094389509292,0.0,False
1141,6,145.0,143.81707638002297,16.11250640722136,5.0,False
1141,7,145.0,144.10071704434503,11.002597272806895,5.0,False
1141,8,145.0,144.26877389991117,9.218564653991791,5.0,False
1141,9,145.0,147.38319494551587,22.93292781172741,5.0,False
1141,10,145.0,147.89817259105325,22.700325252924955,5.0,False
1141,11,145.0,146.52296001843465,22.700325252924955,5.0,False
1141,12,145.0,145.6875283993286,23.003763318853515,5.0,False
1141,13,140.0,144.58647888443403,25.337250501505537,0.0,False
1141,14,140.0,140.1355853521147,42.13568242114302,0.0,False
1141,15,140.0,128.64189554779466,162.32212808906706,0.0,False
1141,16,140.0,105.92846805862706,159.50679202430965,0.0,False
1142,0,160.0,84.9637827485369,163.14105582259103,0.0,False
1142,1,95.0,80.89316130911789,163.14105582259103,65.0,True
1142,2,75.0,78.95960318332004,168.26865169836972,85.0,True
1142,3,75.0,79.21228754235493,175.275675066424,85.0,True
1142,4,80.0,85.91519196863469,175.275675066424,80.0,True
1142,5,135.0,105.17556253640524,175.275675066424,25.0,False
1142,6,150.0,123.31612361240997,175.26430806454294,10.0,False
1142,7,150.0,144.28004277261914,80.04242800258417,10.0,False
1142,8,150.0,145.30711110624668,82.57407309045863,10.0,False
1142,9,160.0,153.18520708226222,63.51206537637742,0.0,False
1142,10,155.0,152.13420326653343,63.12337817970074,5.0,False
1142,11,155.0,149.91437523894103,57.12102611680511,5.0,False
1142,12,155.0,146.5569785730306,46.254535625368604,5.0,False
1142,13,155.0,145.19076685522285,59.64865004300022,5.0,False
1142,14,155.0,139.35657857202543,79.26689762505816,5.0,False
1142,15,155.0,137.52806563027173,82.59650162465331,5.0,False
1142,16,155.0,142.486557717137,81.1661137369475,5.0,False
1143,0,135.0,130.93308025770745,31.04557162015017,0.0,False
1143,1,135.0,133.48603814678373,28.7908102982978,0.0,False
1143,2,135.0,134.84515819418033,29.28826013988909,0.0,False
1143,3,135.0,136.18641994864356,15.055457092100738,0.0,False
1143,4,135.0,136.40083058822182,14.788650738164563,0.0,False
1143,5,135.0,135.98524416636138,14.788650738164563,0.0,False
1143,6,135.0,135.7705480975258,14.788565939355522,0.0,False
1143,7,135.0,128.2051423261529,55.21716777030592,0.0,False
1143,8,135.0,121.38643975956874,47.65841692214549,0.0,False
1143,9,130.0,132.68694661542,106.99721272905916,5.0,False
1143,10,130.0,134.10511946841567,105.98879556630487,5.0,False
1143,11,130.0,134.01795279348482,105.98879556630487,5.0,False
1143,12,135.0,131.38954978533226,105.98879556630487,0.0,False
1143,13,115.0,126.07796585306181,105.98879556630487,20.0,False
1143,14,115.0,124.25009524895174,110.14348711521046,20.0,False
1143,15,110.0,130.04846266289698,107.14072716641246,25.0,False
1143,16,110.0,123.93152361079464,109.48950583783343,25.0,False
1144,0,115.0,71.5797750458857,117.24393476940979,0.0,False
1144,1,120.0,72.68032719586803,124.93619840266294,5.0,False
1144,2,120.0,90.83837375438958,147.88307843568225,5.0,False
1144,3,120.0,104.88414280912437,143.92493531847518,5.0,False
1144,4,120.0,120.62652465103407,29.01120160460617,5.0,False
1144,5,120.0,120.62068513694054,28.469148615258902,5.0,False
1144,6,120.0,120.75986616642886,28.668782032093645,5.0,False
1144,7,120.0,119.7017005390362,38.53277817212633,5.0,False
1144,8,115.0,117.97084896597619,39.46140350594909,0.0,False
1144,9,115.0,115.6476958695868,41.04896525629833,0.0,False
1144,10,110.0,112.08577941730007,13.633603109896868,5.0,False
1144,11,110.0,111.5066392392564,13.073650797820477,5.0,False
1144,12,110.0,109.82005897690551,14.256637099895613,5.0,False
1144,13,110.0,108.6781917924362,15.990631540805552,5.0,False
1144,14,105.0,106.53741217505289,14.406167305554277,10.0,True
1144,15,105.0,107.65121298179491,12.83574353144067,10.0,True
1144,16,110.0,108.78830549958242,17.396934279752017,5.0,False
1145,0,145.0,141.81091854011015,40.230025227970714,0.0,False
1145,1,145.0,141.80783963269724,40.230025227970714,0.0,False
1145,2,145.0,141.36322483585562,40.230025227970714,0.0,False
1145,3,145.0,141.56147971163816,40.230025227970714,0.0,False
1145,4,150.0,142.76231643746215,40.230025227970714,5.0,False
1145,5,150.0,145.06046784740283,77.76512114472771,5.0,False
1145,6,150.0,148.86918385484523,15.124678799751223,5.0,False
1145,7,145.0,141.2545854491009,55.304146091184705,0.0,False
1145,8,145.0,146.08042851232958,42.548754613732285,0.0,False
1145,9,145.0,144.42299734828626,41.70849839765495,0.0,False
1145,10,150.0,144.63867435368763,41.70849839765495,5.0,False
1145,11,150.0,145.49738185597914,41.70849839765495,5.0,False
1145,12,150.0,141.65011197655593,66.50034865798959,5.0,False
1145,13,150.0,143.60429969400832,64.90309769813274,5.0,False
1145,14,150.0,133.69425457145263,164.9310699513931,5.0,False
1145,15,150.0,125.71620504715276,164.79131159734905,5.0,False
1145,16,150.0,126.43252299270713,159.83767989275034,5.0,False
1146,0,145.0,82.25664469382356,154.70827394144294,0.0,False
1146,1,145.0,100.15783765885932,154.70827394144294,0.0,False
1146,2,145.0,117.8261435747824,154.70827394144294,0.0,False
1146,3,145.0,142.82360422481565,154.68971401216348,0.0,False
1146,4,145.0,142.99426953117316,12.679816755432682,0.0,False
1146,5,140.0,141.44829583579033,6.428998182346618,5.0,False
1146,6,140.0,140.781821571554,3.077550533072383,5.0,False
1146,7,140.0,141.0772997589782,4.717765253999545,5.0,False
1146,8,140.0,141.22294682116325,4.298604316290522,5.0,False
1146,9,140.0,141.24059325814179,4.5458572498461365,5.0,False
1146,10,140.0,141.79141271656354,6.654307252627717,5.0,False
1146,11,140.0,142.44408102687382,5.51743735130151,5.0,False
1146,12,140.0,141.65613360716117,8.314783635034445,5.0,False
1146,13,140.0,140.28288355048178,19.421022019888028,5.0,False
1146,14,140.0,133.56302659317498,49.3488437859351,5.0,False
1146,15,140.0,127.23037974354428,52.32761239058533,5.0,False
1146,16,140.0,105.25164883028373,144.97670436394827,5.0,False
1147,0,115.0,114.58061249969141,10.190422453708209,0.0,False
1147,1,115.0,113.96233708812676,11.226202744049871,0.0,False
1147,2,115.0,114.09572016964744,12.911795926893788,0.0,False
1147,3,115.0,113.9833742007513,13.067585672865718,0.0,False
1147,4,115.0,113.53265480526267,13.067585672865718,0.0,False
1147,5,115.0,113.90231530731855,13.06745173264298,0.0,False
1147,6,115.0,114.21223312692742,14.443834798274878,0.0,False
1147,7,115.0,113.9213250746901,14.188006338605149,0.0,False
1147,8,115.0,113.64477975480492,15.919691091168374,0.0,False
1147,9,115.0,115.38169540626164,13.879527996358746,0.0,False
1147,10,115.0,116.9420210099369,10.6683416786136,0.0,False
1147,11,120.0,117.84984825810439,8.562685755514025,5.0,False
1147,12,120.0,112.8319244003212,120.00141847616092,5.0,False
1147,13,120.0,110.96870456282004,33.619935760055796,5.0,False
1147,14,120.0,106.52069901181522,33.85767355349557,5.0,False
1147,15,90.0,103.31413638101769,34.3870335140375,25.0,True
1147,16,90.0,99.24743508019633,33.29363378530158,25.0,True
1148,0,140.0,138.02200362475855,25.86775456119055,5.0,False
1148,1,135.0,136.52025652391185,25.86775456119055,0.0,False
1148,2,135.0,135.2428338695054,25.86775456119055,0.0,False
1148,3,135.0,136.17550003417932,35.539250397928285,0.0,False
1148,4,135.0,133.504747466603,14.620333441659014,0.0,False
1148,5,135.0,132.17991063117591,10.167413355298962,0.0,False
1148,6,135.0,133.8860867343847,8.395659882629843,0.0,False
1148,7,135.0,134.62101983361683,6.846051798551912,0.0,False
1148,8,135.0,134.80272698892355,6.386511663246694,0.0,False
1148,9,135.0,135.6152955141553,10.980985123487358,0.0,False
1148,10,135.0,134.62262434235154,10.039078833344206,0.0,False
1148,11,135.0,129.33795320677777,138.5101757147235,0.0,False
1148,12,135.0,105.8114985193606,138.47895110166198,0.0,False
1148,13,135.0,89.03446071269649,138.47895110166198,0.0,False
1149,0,135.0,129.77666388016826,33.05421777703414,5.0,False
1149,1,135.0,128.153521704505,33.05421777736662,5.0,False
1149,2,135.0,126.82126063607403,39.06049388570878,5.0,False
1149,3,135.0,127.4192458170081,38.685100984099364,5.0,False
1149,4,130.0,125.55551602743733,38.68510098451368,0.0,False
1149,5,130.0,124.31862460014366,41.93619626099725,0.0,False
1149,6,125.0,119.34769134636963,39.55552520930847,5.0,False
1149,7,120.0,117.12377497784709,29.858414788520136,10.0,False
1149,8,115.0,113.0008987432517,29.555588997363415,15.0,False
1149,9,115.0,114.97502987509026,25.926639255154043,15.0,False
1149,10,120.0,117.65368364750368,27.691392208186784,10.0,False
1149,11,120.0,116.73341100692943,20.465477451493925,10.0,False
1149,12,115.0,115.26827648141378,24.49500572098522,15.0,False
1149,13,120.0,121.58648960304829,29.270999006886143,10.0,False
1149,14,120.0,122.1714862608579,20.980182196475468,10.0,False
1149,15,120.0,126.81960880738848,49.761458017294814,10.0,False
1149,16,125.0,127.74625573767244,23.556776244903716,5.0,False
1150,0,145.0,146.6813085424963,19.4411340167228,0.0,False
1150,1,145.0,149.08504141374036,20.20030887522273,0.0,False
1150,2,150.0,150.10287675087335,20.358747257252617,5.0,False
1150,3,150.0,151.06286385556723,19.22270159406031,5.0,False
1150,4,150.0,151.78013821657188,16.50553779441094,5.0,False
1150,5,150.0,152.4702633115771,14.28466861931608,5.0,False
1150,6,150.0,151.63544445760732,16.676439523308062,5.0,False
1150,7,150.0,149.91184375021163,17.674383552347052,5.0,False
1150,8,145.0,147.40555587832898,20.917859412307735,0.0,False
1150,9,145.0,144.00140454001826,14.571628353446357,0.0,False
1150,10,145.0,142.9263189315646,13.25887484674982,0.0,False
1150,11,140.0,141.43225383223543,12.438752906106004,5.0,False
1150,12,140.0,140.9937269590485,13.762472780937543,5.0,False
1150,13,140.0,140.0812871030981,10.730756260536992,5.0,False
1150,14,140.0,139.83731227542106,9.405258618693551,5.0,False
1150,15,140.0,141.08834723512604,25.01130367534506,5.0,False
1150,16,140.0,144.25320693162075,31.758004550488124,5.0,False
1151,0,130.0,75.52432265025271,131.67521484676124,5.0,False
1151,1,130.0,91.20387937662373,131.67521484676124,5.0,False
1151,2,125.0,106.85429509924911,131.67521484676124,0.0,False
1151,3,125.0,127.2472155062092,7.012288790629782,0.0,False
1151,4,125.0,127.144281481936,11.50877265399268,0.0,False
1151,5,125.0,126.07810980192575,3.100755079566511,0.0,False
1151,6,125.0,125.79879988879296,4.344512329815558,0.0,False
1151,7,125.0,125.72479987375982,3.1918907600823445,0.0,False
1151,8,125.0,101.82759493519205,126.57303277541406,0.0,False
1151,9,125.0,86.18864996313535,126.57303277541406,0.0,False
1151,10,125.0,70.47206380105818,126.57303277541406,0.0,False
1151,11,125.0,76.64946324854724,127.49264425287105,0.0,False
1151,12,120.0,75.82319406035496,126.57303277541406,5.0,False
1151,13,120.0,75.36023803319056,126.57303277541406,5.0,False
1151,14,120.0,68.64170820479512,127.53338603955108,5.0,False
1151,15,120.0,82.64463418004719,126.47887562517623,5.0,False
1151,16,120.0,100.47732559009476,144.25236864612734,5.0,False
1152,0,125.0,122.81669360214931,21.562534403046683,5.0,False
1152,1,125.0,124.71764796319896,24.30114951258483,5.0,False
1152,2,130.0,127.22561110332487,20.143049162413533,0.0,False
1152,3,130.0,128.53575940431892,14.005900557053963,0.0,False
1152,4,130.0,126.24877642817184,26.642066652558412,0.0,False
1152,5,130.0,124.66888911880878,27.044436216471524,0.0,False
1152,6,130.0,122.12243580814771,27.044436216471524,0.0,False
1152,7,130.0,120.17031999748848,27.37348511101206,0.0,False
1152,8,115.0,117.27535944848242,45.51150650829605,15.0,False
1152,9,115.0,117.58297502163492,25.650989889222075,15.0,False
1152,10,115.0,117.39004345708541,31.997478849983423,15.0,False
1152,11,130.0,120.96858406763029,34.16342770601969,0.0,False
1152,12,130.0,123.9725037314254,26.123858417117262,0.0,False
1152,13,130.0,126.27327115076099,26.39253104504492,0.0,False
1152,14,130.0,128.75066612852504,22.322487000401566,0.0,False
1152,15,130.0,130.1505743453162,22.589800784242897,0.0,False
1152,16,130.0,129.8067043224687,36.743226136140464,0.0,False
1153,0,150.0,148.44619151532686,36.623396356418695,0.0,False
1153,1,150.0,146.7757217540489,35.65215822648993,0.0,False
1153,2,150.0,149.81190749533118,35.65215822648993,0.0,False
1153,3,155.0,149.0408041024777,39.8450952066254,5.0,False
1153,4,155.0,153.00424307244916,13.200271633273331,5.0,False
1153,5,155.0,152.63360679528375,25.10601801408623,5.0,False
1153,6,150.0,150.29030761975784,24.162361594197193,0.0,False
1153,7,150.0,148.05512029184527,21.984708984413544,0.0,False
1153,8,150.0,148.67006299620078,18.797143423852418,0.0,False
1153,9,150.0,148.80585808261708,21.501956582681885,0.0,False
1153,10,150.0,145.96904283725843,18.40835454045444,0.0,False
1153,11,150.0,145.78845774133904,17.965299588288246,0.0,False
1153,12,150.0,143.62194833913614,36.16357062301218,0.0,False
1153,13,150.0,147.0482300589223,17.351644759078567,0.0,False
1153,14,150.0,149.37379831214207,15.620231940448974,0.0,False
1153,15,150.0,149.73129405629467,15.512805254098396,0.0,False
1153,16,150.0,147.46360540751397,22.537744912275457,0.0,False
1154,0,130.0,127.9561128664236,16.81448968467373,5.0,False
1154,1,125.0,126.25095681696175,10.028684113879095,0.0,False
1154,2,125.0,125.77351257828236,10.028684113879095,0.0,False
1154,3,125.0,126.4899527298841,11.33211410455398,0.0,False
1154,4,125.0,125.91519423581097,9.48846576521727,0.0,False
1154,5,125.0,125.14081156704492,8.609526037643704,0.0,False
1154,6,125.0,125.1030753433082,10.162509234906835,0.0,False
1154,7,125.0,124.52662239214587,8.512513333887597,0.0,False
1154,8,125.0,125.59263866346932,7.531699322166773,0.0,False
1154,9,125.0,126.20732133078216,28.831584857456264,0.0,False
1154,10,125.0,122.66423994180974,26.113110895773232,0.0,False
1154,11,125.0,122.22730692380294,25.77019706276691,0.0,False
1154,12,125.0,122.04405789192337,26.974114935229508,0.0,False
1154,13,125.0,118.47130026733161,32.10427062106298,0.0,False
1154,14,125.0,113.50614389015841,47.188149253595725,0.0,False
1154,15,110.0,104.77031958603021,70.0336349622212,15.0,False
1154,16,105.0,95.47318751454293,74.40279265069458,20.0,True
1155,0,135.0,135.09322054102017,4.014301304300176,0.0,False
1155,1,135.0,135.4113382441967,3.694976525372539,0.0,False
1155,2,135.0,135.75048033005598,2.811591419996347,0.0,False
1155,3,135.0,135.91707205923964,2.4703993252815053,0.0,False
1155,4,135.0,135.86611864196172,2.9086518557202794,0.0,False
1155,5,135.0,135.7288715732222,3.454796934739818,0.0,False
1155,6,135.0,135.5925005345892,2.6344276260958566,0.0,False
1155,7,135.0,135.40999252123027,2.8265094227677423,0.0,False
1155,8,135.0,135.49055684050373,2.90938701107558,0.0,False
1155,9,135.0,135.31829303057998,2.999695518106165,0.0,False
1155,10,135.0,134.8279121475914,4.746229327817304,0.0,False
1155,11,135.0,134.36897846548717,5.502534351390295,0.0,False
1155,12,135.0,134.51280270469854,5.1073933021478695,0.0,False
1155,13,135.0,135.60995191896475,10.366322987692115,0.0,False
1155,14,135.0,136.45939852079496,11.532425630741699,0.0,False
1155,15,135.0,137.75381699108905,15.120294053694579,0.0,False
1155,16,135.0,134.66862726816728,38.562543972691884,0.0,False
1156,0,155.0,156.0826541952731,16.388186586915054,45.0,False
1156,1,155.0,150.37608895686168,72.50481236783507,45.0,False
1156,2,155.0,141.1166021389607,73.8275780431328,45.0,False
1156,3,155.0,136.62697290529695,73.8275780431328,45.0,False
1156,4,160.0,139.16396993244086,73.8275780431328,50.0,False
1156,5,160.0,140.37187561689336,78.21679185995342,50.0,False
1156,6,165.0,143.7509292660887,84.82826464479203,55.0,True
1156,7,165.0,145.16014134216869,85.10397512873567,55.0,True
1156,8,120.0,132.2078951592315,85.46266633883774,10.0,False
1156,9,115.0,119.64336322822439,174.54460616145712,5.0,False
1156,10,115.0,123.78329039540013,174.521195444828,5.0,False
1156,11,110.0,119.81156230838218,174.521195444828,0.0,False
1156,12,110.0,109.21527567198927,174.6209722494376,0.0,False
1156,13,110.0,85.43809977170137,175.07514594169135,0.0,False
1157,0,160.0,161.8186489299601,13.806368184195463,5.0,False
1157,1,160.0,162.52696711832425,10.253928307174164,5.0,False
1157,2,160.0,162.94027481735668,9.68536906895801,5.0,False
1157,3,165.0,163.7440969558058,12.23170032614749,0.0,True
1157,4,165.0,163.4269288898451,10.18576578358946,0.0,True
1157,5,165.0,163.7866899394441,9.850618910355479,0.0,True
1157,6,165.0,163.8808901561711,9.922066770410254,0.0,True
1157,7,165.0,164.15946112284806,12.68388538700529,0.0,True
1157,8,165.0,167.86842192647381,21.61752124349198,0.0,True
1157,9,170.0,170.6506570986751,24.603910098312724,5.0,True
1157,10,170.0,172.17925848740558,18.210954751015493,5.0,True
1157,11,170.0,172.34477784578382,18.210954751015493,5.0,True
1157,12,170.0,171.64761778212323,20.49248249947675,5.0,True
1157,13,170.0,171.87674449374316,19.373744864657283,5.0,True
1157,14,170.0,157.62587144393407,183.52421561224722,5.0,True
1157,15,170.0,147.32679742936546,184.8982880367841,5.0,True
1157,16,170.0,110.86146073046395,182.80287114589552,5.0,True
1158,0,120.0,119.94513133175552,16.366734583831644,5.0,False
1158,1,115.0,119.00900427607766,18.45888594482348,0.0,False
1158,2,115.0,113.97011906895355,18.952971043802734,0.0,False
1158,3,115.0,112.6651775958796,19.805258593785155,0.0,False
1158,4,115.0,110.92269649080131,19.142287969317252,0.0,False
1158,5,115.0,110.60848703991034,19.142287969317252,0.0,False
1158,6,110.0,110.42923766672354,19.142287969317252,5.0,False
1158,7,110.0,111.03558708894343,20.98528082730644,5.0,False
1158,8,110.0,110.55016466108044,21.797898528802648,5.0,False
1158,9,110.0,110.24654437530234,37.719572320205316,5.0,False
1158,10,115.0,102.69934516954757,125.6834754358908,0.0,False
1158,11,115.0,94.33531336059714,125.68203390842476,0.0,False
1158,12,90.0,78.51531973470563,125.70036799208464,25.0,True
1158,13,90.0,64.21838169217288,125.69895784374867,25.0,True
1159,0,130.0,130.22815307653968,14.369236974721133,0.0,False
1159,1,130.0,128.79862208934065,10.260902776696653,0.0,False
1159,2,130.0,127.62340682452486,12.27658721812692,0.0,False
1159,3,130.0,127.27591696751819,13.882623432717722,0.0,False
1159,4,125.0,127.27608790325878,13.302469314096513,5.0,False
1159,5,130.0,128.563090393288,16.59638986343076,0.0,False
1159,6,130.0,129.7509734316078,19.704860051044747,0.0,False
1159,7,130.0,130.113505179335,21.18528838939922,0.0,False
1159,8,130.0,129.92429734376836,18.966765574036373,0.0,False
1159,9,130.0,131.32711685350398,19.59071396137442,0.0,False
1159,10,130.0,132.62322879656682,15.015679303909053,0.0,False
1159,11,135.0,134.58300513102566,26.212220127991685,5.0,False
1159,12,135.0,129.61633024868965,38.76927222240086,5.0,False
1159,13,130.0,126.0831493823438,40.47585819890334,0.0,False
1159,14,130.0,118.64648351052381,57.34852349126021,0.0,False
1159,15,130.0,114.23575535113045,55.137907472962794,0.0,False
1159,16,125.0,106.88187395479959,69.5246047044933,5.0,False
1160,0,130.0,110.33680881364691,134.66321261992687,5.0,False
1160,1,130.0,93.93858250004095,134.85585448113258,5.0,False
1160,2,130.0,84.9714266882359,140.62675502461028,5.0,False
1160,3,130.0,88.84816119765829,139.8152015468181,5.0,False
1160,4,135.0,89.87886190777373,141.56511203583017,0.0,False
1160,5,135.0,90.6341207810963,141.56511203583017,0.0,False
1160,6,140.0,85.44486976076509,141.56886280176514,5.0,False
1160,7,140.0,98.10074081783122,141.56511203583017,5.0,False
1160,8,140.0,114.42726834992378,141.56511203583017,5.0,False
1160,9,140.0,138.5023492725442,7.538300970484755,5.0,False
1160,10,140.0,138.30789724885423,7.131962518791511,5.0,False
1160,11,140.0,136.06268287610112,18.1612419697517,5.0,False
1160,12,135.0,133.49362833925898,24.056948559442887,0.0,False
1160,13,135.0,129.33289809528142,33.969735402689196,0.0,False
1160,14,125.0,121.81791724575751,79.4829731226032,10.0,False
1160,15,110.0,114.7454150559127,76.57903169060049,25.0,False
1160,16,110.0,94.60073887364334,138.62184669298574,25.0,False
1161,0,150.0,147.77472164975595,8.311864156531584,0.0,False
1161,1,150.0,148.7927864659881,11.878629472995158,0.0,False
1161,2,150.0,148.8394100401475,10.927426795626616,0.0,False
1161,3,150.0,149.26511541762477,9.560817038982805,0.0,False
1161,4,150.0,149.75156221646824,9.524364106603485,0.0,False
1161,5,150.0,149.9258168766604,11.274457113653142,0.0,False
1161,6,150.0,150.36250868627948,7.530156532617298,0.0,False
1161,7,150.0,150.73474300199425,7.187908450161473,0.0,False
1161,8,150.0,148.7971064125644,18.985402930002124,0.0,False
1161,9,150.0,147.67687883999042,9.513331003811004,0.0,False
1161,10,150.0,145.47298286758257,23.890455043853223,0.0,False
1161,11,150.0,141.86949184400365,27.678186896765965,0.0,False
1161,12,145.0,139.10156205671035,27.678186896765965,5.0,False
1161,13,140.0,137.86783339805004,27.678186896765965,10.0,False
1161,14,135.0,138.0711619965168,29.716646822054628,15.0,False
1161,15,135.0,138.03361877266624,30.518347571739753,15.0,False
1161,16,140.0,138.60710321123435,43.383230659711515,10.0,False
1162,0,110.0,108.33435821248955,12.300704623331768,0.0,False
1162,1,110.0,110.06659213936477,9.856873940280394,0.0,False
1162,2,110.0,110.63491733194589,10.687008639345379,0.0,False
1162,3,110.0,109.67970356408556,13.671227554125537,0.0,False
1162,4,110.0,110.57846081151108,16.074535007163007,0.0,False
1162,5,115.0,112.28943293975313,15.43392873954231,5.0,False
1162,6,115.0,112.11907899787082,15.223981971179839,5.0,False
1162,7,115.0,113.19432810863434,15.223981971179839,5.0,False
1162,8,115.0,112.14797055696991,17.471925691407264,5.0,False
1162,9,110.0,109.73381442859868,19.950021103910686,0.0,False
1162,10,115.0,111.75928108505369,16.581912278608186,5.0,False
1162,11,115.0,114.09467244720965,21.38264074720624,5.0,False
1162,12,115.0,112.53441114460207,19.65846496238437,5.0,False
1162,13,110.0,109.49601785784361,46.039617821955616,0.0,False
1162,14,110.0,106.42430554133293,43.96307614149691,0.0,False
1162,15,105.0,103.44114191718617,43.96307614149691,5.0,True
1162,16,115.0,109.60182747768425,62.096368302876996,5.0,False
1163,0,135.0,134.34097591522104,17.698183440880456,0.0,False
1163,1,135.0,130.02026580232854,36.5711613956223,0.0,False
1163,2,135.0,123.57387794388029,48.761318573550284,0.0,False
1163,3,130.0,122.00412747227621,35.09255502248301,5.0,False
1163,4,130.0,121.48298084640206,39.86019707428211,5.0,False
1163,5,130.0,122.34571518024028,34.860226875904246,5.0,False
1163,6,130.0,122.77297548944718,36.008441831088234,5.0,False
1163,7,135.0,123.6175210425978,36.01457443788003,0.0,False
1163,8,135.0,124.86891305671534,46.86956455002033,0.0,False
1163,9,135.0,129.8915011372953,36.98250008892744,0.0,False
1163,10,135.0,134.12613938137622,29.91283674482355,0.0,False
1163,11,135.0,127.43940812912498,141.4781393022037,0.0,False
1163,12,135.0,129.2480070421537,38.060793494155746,0.0,False
1163,13,135.0,129.10372276624952,36.9103525246898,0.0,False
1163,14,135.0,126.6758139698504,36.9103525246898,0.0,False
1163,15,125.0,123.68212050304498,36.9103525246898,10.0,False
1163,16,120.0,119.20459681502592,36.9103525246898,15.0,False
1164,0,115.0,101.4456117225619,120.38976697091772,5.0,False
1164,1,115.0,106.45137850879155,45.30628183205076,5.0,False
1164,2,115.0,107.9204647050057,47.52448011929306,5.0,False
1164,3,120.0,111.77262420628554,68.79381298575673,0.0,False
1164,4,120.0,113.45029208987893,56.50702896765141,0.0,False
1164,5,125.0,114.87860461470802,54.66282618568691,5.0,False
1164,6,125.0,109.19573204872921,129.93994470919606,5.0,False
1164,7,130.0,110.8677333759747,132.69324136904865,10.0,False
1164,8,130.0,128.44401804356053,13.39114521828374,10.0,False
1164,9,130.0,104.80432820063368,133.24969352068328,10.0,False
1164,10,130.0,89.08685289728957,133.25179580746092,10.0,False
1165,0,150.0,118.11923564289783,150.26196009199947,0.0,False
1165,1,150.0,117.99821006536921,150.29871227325708,0.0,False
1165,2,150.0,118.51759612684215,151.36529431013955,0.0,False
1165,3,150.0,120.7980090117853,151.35973532688908,0.0,False
1165,4,150.0,146.79634615135967,151.3745353149809,0.0,False
1165,5,150.0,148.46157468851916,5.856802694284596,0.0,False
1165,6,150.0,147.58256847304528,10.649468456440474,0.0,False
1165,7,150.0,147.4385386358128,10.094232246249788,0.0,False
1165,8,150.0,147.82054874087433,11.856427253527528,0.0,False
1165,9,150.0,139.63281799010588,62.88797690310737,0.0,False
1165,10,150.0,136.69143683725014,60.36978906874883,0.0,False
1165,11,145.0,132.80911616821342,60.36978906874883,5.0,False
1165,12,135.0,129.56618478676322,60.36978906874883,15.0,False
1165,13,120.0,127.57237538076023,60.36978906874883,30.0,False
1165,14,120.0,123.37575030177169,60.36978906874883,30.0,False
1165,15,115.0,116.20480655717606,61.86694281043087,35.0,False
1165,16,115.0,100.89904215377125,125.14367998644677,35.0,False
1166,0,125.0,126.28829765614033,14.374846743809229,5.0,False
1166,1,125.0,125.34076610912244,8.436098556231414,5.0,False
1166,2,125.0,126.07747335139075,10.918896664108345,5.0,False
1166,3,125.0,126.79891887359317,11.087240495656502,5.0,False
1166,4,130.0,127.50572276298311,10.62040028728542,0.0,False
1166,5,130.0,127.84737346588663,12.61336036972122,0.0,False
1166,6,130.0,128.69134394460266,10.62040028728542,0.0,False
1166,7,130.0,130.06469370296466,16.207602542951648,0.0,False
1166,8,130.0,132.36751418642748,17.103695798395847,0.0,False
1166,9,135.0,133.53025365934988,12.412337686174425,5.0,False
1166,10,130.0,132.97490548154514,12.96223051131929,0.0,False
1166,11,130.0,132.67333983457544,13.73428452236358,0.0,False
1166,12,135.0,133.20541751746154,12.591366084887994,5.0,False
1166,13,135.0,132.69851663552097,16.706781044381714,5.0,False
1166,14,135.0,129.34599993429967,34.23745367623408,5.0,False
1166,15,125.0,124.40289570606832,38.92787409668682,5.0,False
1166,16,115.0,118.81169103852156,39.28355129340051,15.0,False
1167,0,130.0,129.53056008084428,5.1074775627242985,0.0,False
1167,1,130.0,129.78310964943557,5.444486408739394,0.0,False
1167,2,130.0,131.04398885343346,14.231141035235083,0.0,False
1167,3,130.0,132.5454349617334,9.983474881126256,0.0,False
1167,4,130.0,132.54055023163636,10.446353651214963,0.0,False
1167,5,130.0,133.0212871206545,9.274354535806339,0.0,False
1167,6,135.0,132.99751913111547,8.24075258538943,5.0,False
1167,7,135.0,133.30371589746647,7.762038950210496,5.0,False
1167,8,135.0,133.93578997971096,7.762038950210496,5.0,False
1167,9,135.0,134.0925883767731,10.107389614062669,5.0,False
1167,10,135.0,132.88432928199148,5.045726497242782,5.0,False
1167,11,130.0,132.4118966123229,6.9482783209408865,0.0,False
1167,12,130.0,131.74093869635877,9.447157321983056,0.0,False
1167,13,130.0,130.2148215413057,27.733008140525712,0.0,False
1167,14,130.0,128.80814018959202,18.533419140661096,0.0,False
1167,15,130.0,126.09246349361813,24.18322630730286,0.0,False
1167,16,130.0,121.60557680247162,35.61506161187276,0.0,False
1168,0,130.0,129.95893452597264,9.779321887776646,0.0,False
1168,1,130.0,129.94172713449467,9.779321887776646,0.0,False
1168,2,130.0,129.6080994125455,9.779321887776646,0.0,False
1168,3,130.0,129.2611838937339,10.58111836029947,0.0,False
1168,4,130.0,129.79952225044224,10.97493519516452,0.0,False
1168,5,130.0,130.70990032813768,8.065761709806395,0.0,False
1168,6,130.0,130.11899194443066,7.850256378775441,0.0,False
1168,7,130.0,128.8750943482928,9.978146425689502,0.0,False
1168,8,130.0,127.35858474674741,10.42031885531712,0.0,False
1168,9,125.0,126.95868507994975,6.867051228925789,5.0,False
1168,10,130.0,127.54900804746421,8.54863544906189,0.0,False
1168,11,130.0,127.8803924501332,7.780131430780301,0.0,False
1168,12,130.0,128.23085654198582,8.640291538606306,0.0,False
1168,13,125.0,126.65821122878319,12.278139108218127,5.0,False
1168,14,125.0,126.6675115133545,8.534578509495773,5.0,False
1168,15,130.0,127.73019722832304,18.275492714721082,0.0,False
1168,16,130.0,129.51102664930153,13.701228337387633,0.0,False
1169,0,150.0,149.143592152827,8.116271934665775,0.0,False
1169,1,150.0,149.92594031514642,8.116271934665775,0.0,False
1169,2,150.0,150.31141110328537,9.726305337904364,0.0,False
1169,3,150.0,149.73900331669236,8.168014350126185,0.0,False
1169,4,150.0,150.23952106481875,9.266172414900524,0.0,False
1169,5,150.0,148.8434503619649,17.06289276663145,0.0,False
1169,6,150.0,147.19417405795315,16.315266272719555,0.0,False
1169,7,150.0,146.73736556287705,16.315266272719555,0.0,False
1169,8,145.0,146.0737061847223,16.599952269565733,5.0,False
1169,9,145.0,144.04643761434926,18.75143744171993,5.0,False
1169,10,140.0,140.83922602936534,37.97599810778135,10.0,False
1169,11,140.0,126.59484015655241,78.90325512531695,10.0,False
1169,12,140.0,121.64238478275458,83.86218019549234,10.0,False
1169,13,145.0,126.4572724234127,82.46314854316044,5.0,False
1169,14,145.0,128.3059575744683,84.4972148666201,5.0,False
1169,15,145.0,127.46392730684451,82.82974453546079,5.0,False
1169,16,150.0,130.0921344263002,87.1587401696968,0.0,False
1170,0,115.0,122.0948663215138,33.99009797082023,0.0,False
1170,1,115.0,120.26688863740254,26.24080183962313,0.0,False
1170,2,115.0,121.52199790828298,32.631770407225034,0.0,False
1170,3,115.0,123.58011064911751,39.38217754755827,0.0,False
1170,4,125.0,127.64787988436986,38.01572640783466,10.0,False
1170,5,125.0,130.19574776148372,32.47858673883317,10.0,False
1170,6,130.0,130.76663072967838,30.692705123655145,15.0,False
1170,7,135.0,129.29567907686467,38.37054120602852,20.0,False
1170,8,135.0,127.52890004183932,40.232507756108106,20.0,False
1170,9,120.0,124.36960759389194,40.232507756108106,5.0,False
1170,10,115.0,118.94587534497308,46.79450797026273,0.0,False
1170,11,110.0,114.0331313167492,36.532689570375425,5.0,False
1170,12,110.0,110.79011280453254,21.947283714482154,5.0,False
1170,13,110.0,108.93238683243442,17.439147570399314,5.0,False
1170,14,110.0,108.19174510801776,10.34568021443458,5.0,False
1170,15,110.0,107.22972973622649,13.720420232823571,5.0,False
1170,16,110.0,106.53918563757686,11.863311964445487,5.0,False
1171,0,125.0,127.07204746306992,7.71862432746407,0.0,False
1171,1,125.0,125.5062628057665,10.819912063213636,0.0,False
1171,2,125.0,124.219211709812,9.542589818578065,0.0,False
1171,3,125.0,123.57848232134663,7.928630960435839,0.0,False
1171,4,125.0,123.46230170539783,8.127405754205995,0.0,False
1171,5,125.0,123.26286583978583,6.834173989162352,0.0,False
1171,6,125.0,102.97512817903394,126.27477397649511,0.0,False
1171,7,125.0,87.3611580823391,126.27477397649511,0.0,False
1171,8,125.0,72.07894247921858,126.27533216091088,0.0,False
1172,0,150.0,147.45343047704094,22.76495749312471,0.0,False
1172,1,150.0,147.3138477362854,25.714256925491313,0.0,False
1172,2,150.0,149.21740881735622,8.975019019038285,0.0,False
1172,3,150.0,150.74512094104415,10.16212469899267,0.0,False
1172,4,150.0,150.85006197868705,7.4744317516145315,0.0,False
1172,5,150.0,151.53871745261605,8.121187972389748,0.0,False
1172,6,150.0,152.0762913762241,8.692611972930592,0.0,False
1172,7,150.0,151.59736622528484,8.562098588574287,0.0,False
1172,8,150.0,151.2490853184067,10.165554055643952,0.0,False
1172,9,150.0,147.73079152854785,33.81503771846472,0.0,False
1172,10,155.0,144.8582985903728,36.27530435475252,5.0,False
1172,11,150.0,141.856748594031,34.112370733628026,0.0,False
1172,12,130.0,140.37296065704547,35.14148088604985,20.0,False
1172,13,135.0,138.39042715721098,33.24202112825863,15.0,False
1172,14,135.0,135.77044541627032,28.264256555071412,15.0,False
1172,15,135.0,133.2232072027794,30.795214716606793,15.0,False
1172,16,135.0,130.22580743866385,19.072747316184262,15.0,False
1173,0,140.0,95.4616044651094,143.3185147916173,140.0,False
1173,1,140.0,113.26592188689331,143.35881062488397,140.0,False
1173,2,140.0,136.76060910846184,143.33289606913522,140.0,False
1173,3,140.0,141.48843827597022,7.379780816606882,140.0,False
1173,4,140.0,119.66030371484682,143.40023330596094,140.0,False
1173,5,140.0,102.03848919101665,143.40023330596094,140.0,False
1174,0,140.0,138.27500931383796,20.001238810873602,5.0,False
1174,1,140.0,141.01100610494072,14.242867375548315,5.0,False
1174,2,140.0,142.70757937977254,8.802359016772812,5.0,False
1174,3,145.0,144.35180494284836,10.412029604137757,10.0,False
1174,4,145.0,145.8168620129949,11.159532610695436,10.0,False
1174,5,145.0,145.32571439726135,10.546353804351781,10.0,False
1174,6,145.0,144.15289426324117,52.42232451792135,10.0,False
1174,7,145.0,140.8270837817482,42.907919936937546,10.0,False
1174,8,145.0,138.0066846993919,42.907919936937546,10.0,False
1174,9,145.0,135.28367432606268,42.907919936937546,10.0,False
1174,10,140.0,132.93058708487496,43.02392649674148,5.0,False
1174,11,125.0,126.86781182743972,56.600628078097884,10.0,False
1174,12,120.0,119.81814176513896,51.401220302220736,15.0,False
1174,13,120.0,111.21340154459436,35.55737587194207,15.0,False
1174,14,120.0,111.43373923783793,35.55737587194207,15.0,False
1174,15,115.0,111.35932645047865,35.55737587194207,20.0,False
1175,0,140.0,140.90499750730882,6.479104047910084,0.0,False
1175,1,140.0,141.8334158022898,7.6616303106187615,0.0,False
1175,2,145.0,142.72421894628306,9.64051961857703,5.0,False
1175,3,145.0,143.1501387791562,8.827572730356962,5.0,False
1175,4,145.0,143.93597454905486,8.827572730356962,5.0,False
1175,5,145.0,144.46115594803652,9.588004554552782,5.0,False
1175,6,145.0,145.20340221841087,4.182794718334179,5.0,False
1175,7,145.0,144.9384090735408,5.554110520266619,5.0,False
1175,8,145.0,144.8495995574268,5.228389393146301,5.0,False
1175,9,145.0,144.03103626694093,7.511146999259523,5.0,False
1175,10,145.0,142.98904171022926,7.338031339284072,5.0,False
1175,11,145.0,142.27877236472895,6.645842845932293,5.0,False
1175,12,140.0,141.01248942340607,8.006621141977888,0.0,False
1175,13,140.0,139.51388235124878,10.112554581029457,0.0,False
1175,14,140.0,138.23200972136198,9.417367941194328,0.0,False
1175,15,135.0,137.3217002255983,9.33193621630943,5.0,False
1175,16,135.0,135.94732626485833,8.91248933829263,5.0,False
1176,0,120.0,126.6789792685128,31.66887316506869,0.0,False
1176,1,120.0,123.15208881573902,31.50323739551162,0.0,False
1176,2,120.0,120.73240460561011,43.3980366173913,0.0,False
1176,3,115.0,118.84261359136183,42.93279024981152,5.0,False
1176,4,115.0,117.74968038276334,42.93279024981152,5.0,False
1176,5,115.0,117.54549937643839,42.93279024981152,5.0,False
1176,6,115.0,119.7164489128761,45.818873593243865,5.0,False
1176,7,115.0,114.62787955702811,38.898656232005806,5.0,False
1176,8,115.0,113.35723943035171,12.166400216690135,5.0,False
1176,9,115.0,113.74176944829337,12.19938749698565,5.0,False
1176,10,115.0,115.1535855483257,9.928903147454946,5.0,False
1176,11,115.0,115.98018871702108,7.512703496581011,5.0,False
1176,12,115.0,117.40253615045508,9.257403420707007,5.0,False
1176,13,115.0,116.7686545226493,5.471853072298899,5.0,False
1176,14,115.0,117.75566442768177,11.733497945204547,5.0,False
1176,15,120.0,122.759704659687,42.09390573765732,0.0,False
1176,16,120.0,117.07471533038489,56.752214866283694,0.0,False
1177,0,135.0,132.76741557904694,14.224456430895131,5.0,False
1177,1,130.0,130.93289549607155,14.852665345934739,0.0,False
1177,2,130.0,130.13539775846988,15.8764156015407,0.0,False
1177,3,130.0,128.08681374675268,7.1240281723768675,0.0,False
1177,4,130.0,127.69385769909655,3.2128974965762183,0.0,False
1177,5,130.0,128.03424620670097,4.738204869636164,0.0,False
1177,6,130.0,127.77765356369594,4.819654285867472,0.0,False
1177,7,130.0,128.60696530438145,6.345507035635109,0.0,False
1177,8,130.0,129.14275693685545,7.73998735778666,0.0,False
1177,9,130.0,129.60659673841207,4.619249608744269,0.0,False
1177,10,130.0,129.64280252311238,5.597114863307496,0.0,False
1177,11,130.0,130.4796837919659,4.578223029774534,0.0,False
1177,12,130.0,129.09409105573303,12.255210270383145,0.0,False
1177,13,130.0,127.44536743690267,14.561638376311251,0.0,False
1177,14,130.0,120.73158124932637,45.816812311006714,0.0,False
1177,15,130.0,114.2595083754153,50.63186672249705,0.0,False
1177,16,130.0,108.24359174747732,51.22982474322379,0.0,False
1178,0,150.0,97.02468733038843,156.71511101426339,20.0,False
1178,1,150.0,116.3622634557932,157.09191856046365,20.0,False
1178,2,150.0,136.80389414550746,156.71860874002664,20.0,False
1178,3,150.0,146.90222891802682,43.52800859173753,20.0,False
1178,4,150.0,144.23620716286862,32.848538448452075,20.0,False
1178,5,145.0,141.0627984865751,26.91116035281601,15.0,False
1178,6,140.0,135.7457912942103,48.94771709461928,10.0,False
1178,7,135.0,129.78531905827927,52.334797169661144,5.0,False
1178,8,130.0,114.08912221219313,152.3161284977753,0.0,False
1178,9,120.0,94.0132760512587,140.7928066768948,10.0,False
1178,10,105.0,94.11838730987992,130.27889024480265,25.0,True
1178,11,105.0,92.1961459258374,129.9133030722222,25.0,True
1178,12,105.0,91.98564916993547,135.07867767327903,25.0,True
1178,13,100.0,85.83199396903623,124.84032043419973,30.0,True
1178,14,95.0,87.46499159243943,137.52591979242985,35.0,True
1178,15,95.0,90.1383161786206,136.0146963993938,35.0,True
1178,16,105.0,108.47302631298037,135.49695122915438,25.0,True
1179,0,160.0,162.34704473081715,16.11852734577252,5.0,False
1179,1,160.0,160.7289925350061,17.42906723241839,5.0,False
1179,2,160.0,158.75979471897804,9.558968685461593,5.0,False
1179,3,155.0,157.683367915711,9.102009173020775,0.0,False
1179,4,155.0,156.65663394713138,7.520952807209028,0.0,False
1179,5,155.0,155.85920600795708,4.842937761992687,0.0,False
1179,6,155.0,155.72428287574672,3.425556044430948,0.0,False
1179,7,155.0,155.6617058976289,3.0147069050156006,0.0,False
1179,8,155.0,155.59198404551518,3.246399751877618,0.0,False
1179,9,155.0,154.98278382449638,5.591159393870129,0.0,False
1179,10,155.0,153.9309231819958,10.085049249524758,0.0,False
1179,11,155.0,152.5524521180197,14.627450613768474,0.0,False
1179,12,150.0,151.13263563943323,14.403635932599485,5.0,False
1179,13,150.0,149.7956047190398,15.26734228301649,5.0,False
1179,14,150.0,147.77832023417727,12.472796965884157,5.0,False
1179,15,145.0,146.19015799356586,13.325047233719488,10.0,False
1179,16,145.0,145.83476369605336,11.124995671440615,10.0,False
1180,0,140.0,138.42408405600122,25.30164403183207,5.0,False
1180,1,140.0,136.56317140888854,18.699558555659166,5.0,False
1180,2,140.0,137.60404241149502,18.98582146463714,5.0,False
1180,3,140.0,138.4566819692792,11.566528872766469,5.0,False
1180,4,140.0,138.5599768856529,11.229504993309348,5.0,False
1180,5,140.0,138.93509191144184,15.25835785701426,5.0,False
1180,6,140.0,137.0459716989187,13.972826154494783,5.0,False
1180,7,135.0,135.55361974279987,15.08575335164096,0.0,False
1180,8,135.0,134.94491326836058,8.741097557779312,0.0,False
1180,9,135.0,132.02360154161488,36.63244885067708,0.0,False
1180,10,135.0,127.85996351571428,35.43635393356108,0.0,False
1180,11,105.0,123.77891221269718,36.82086017300146,30.0,True
1180,12,105.0,119.85649725983494,52.207479618722616,30.0,True
1180,13,100.0,114.46061177870045,40.99238937645397,35.0,True
1180,14,100.0,115.14769847903736,48.1982621845129,35.0,True
1180,15,100.0,114.27337461887934,58.21171234722678,35.0,True
1180,16,100.0,110.59052503785793,55.60813566010194,35.0,True
1181,0,140.0,141.77056183270588,5.025247525909066,0.0,False
1181,1,140.0,137.19384210899187,35.91814961502345,0.0,False
1181,2,140.0,135.62952360167006,36.442491614966755,0.0,False
1181,3,140.0,132.0589156052456,36.442491614966755,0.0,False
1181,4,140.0,126.8855948455866,47.12073156925574,0.0,False
1181,5,130.0,107.89906026357056,144.82814875486335,10.0,False
1181,6,115.0,108.82172402891689,142.5196769543179,25.0,False
1181,7,105.0,101.26851973067603,161.35217843495673,35.0,True
1181,8,100.0,80.98494213312252,124.6034845446686,40.0,True
1181,9,95.0,87.56422598069449,130.76546458416453,45.0,True
1181,10,95.0,83.88198790299762,114.86819851544725,45.0,True
1181,11,95.0,73.3216261143067,103.42342560249143,45.0,True
1181,12,95.0,87.25974115664721,121.4482907673913,45.0,True
1181,13,95.0,93.05592444801884,130.89501107924846,45.0,True
1181,14,100.0,95.91505337266425,146.73383265402097,40.0,True
1181,15,120.0,115.23996097954029,169.7595984960545,20.0,False
1181,16,125.0,126.69967547918422,77.72701197988125,15.0,False
1182,0,170.0,142.82553582161427,173.76585000758868,5.0,True
1182,1,170.0,143.52680702650915,173.76585000758868,5.0,True
1182,2,170.0,143.30363691056854,173.76585000758868,5.0,True
1182,3,170.0,143.28665225638207,173.76585000758868,5.0,True
1182,4,170.0,137.8610266400932,174.23985928200622,5.0,True
1182,5,165.0,143.39539008764032,173.21132968739732,0.0,True
1182,6,165.0,165.88271480886266,12.627133010728073,0.0,True
1182,7,165.0,164.58742988638218,7.343804554021659,0.0,True
1182,8,165.0,164.20386051434488,5.910252689807294,0.0,True
1182,9,165.0,163.24649526520707,5.452312001860122,0.0,True
1182,10,160.0,162.11302692833672,7.1372644920280095,5.0,False
1182,11,160.0,161.57705089906423,7.239102176888167,5.0,False
1182,12,160.0,161.63276992068077,8.915152006389434,5.0,False
1182,13,160.0,160.7749720374891,6.987848932776075,5.0,False
1182,14,160.0,160.807089252156,7.143088616318039,5.0,False
1182,15,160.0,162.2832945237704,15.841506768073685,5.0,False
1182,16,160.0,161.0094206484753,30.030916539450942,5.0,False
1183,0,140.0,139.55883077977987,2.5921365714955584,0.0,False
1183,1,140.0,139.08287763618202,4.159411293706285,0.0,False
1183,2,140.0,139.43088048174647,5.48486001360385,0.0,False
1183,3,140.0,139.02488464947263,3.6838292791313165,0.0,False
1183,4,140.0,138.51207493280492,4.592865832768155,0.0,False
1183,5,140.0,138.00908393610288,6.287145999895159,0.0,False
1183,6,140.0,137.66821506786926,4.183994766909763,0.0,False
1183,7,140.0,138.14717884286617,7.116561313445857,0.0,False
1183,8,140.0,139.5026718598528,12.846523515924503,0.0,False
1183,9,140.0,140.82091069835008,12.765477134293064,0.0,False
1183,10,140.0,141.17917783979118,12.722990583166819,0.0,False
1183,11,140.0,142.5386341586364,12.75105591634528,0.0,False
1183,12,145.0,144.04126117982577,13.114030204502825,5.0,False
1183,13,145.0,145.8117834635365,10.293513356611811,5.0,False
1183,14,145.0,144.59064682326235,42.11728377428639,5.0,False
1183,15,145.0,137.12658757410134,53.526911372874835,5.0,False
1183,16,145.0,129.55462074857124,58.954208422050186,5.0,False
1184,0,125.0,70.67960261236618,128.16906668683944,30.0,False
1184,1,125.0,86.40977872566812,128.16906668683944,30.0,False
1184,2,125.0,102.18451479901736,128.16906669607235,30.0,False
1184,3,125.0,125.38075597114036,16.356008647654875,30.0,False
1184,4,125.0,126.56008078078233,3.1112088125426993,30.0,False
1184,5,125.0,115.60663864616943,128.67422751026663,30.0,False
1184,6,125.0,96.36756483000295,128.09118253230037,30.0,False
1184,7,125.0,80.45631792878949,128.09118253230037,30.0,False
1184,8,125.0,64.93156672490001,128.09118253230037,30.0,False
1184,9,90.0,66.06847453818378,137.47563143262937,5.0,True
1185,0,145.0,144.1348190737925,9.991253936399858,0.0,False
1185,1,145.0,144.70358229898892,9.275618666875232,0.0,False
1185,2,145.0,144.56492058977688,9.585061315734322,0.0,False
1185,3,145.0,143.9739388110442,10.832791402339893,0.0,False
1185,4,145.0,144.73273405581747,9.507770921248039,0.0,False
1185,5,145.0,144.88486393258452,9.507770921248039,0.0,False
1185,6,145.0,145.873066868574,9.681137440113844,0.0,False
1185,7,145.0,145.48045150317805,26.961131965952305,0.0,False
1185,8,145.0,141.64710022392305,26.29902623813352,0.0,False
1185,9,145.0,137.81023003641283,36.05155366700134,0.0,False
1185,10,145.0,136.0440049653801,35.850743645951454,0.0,False
1185,11,145.0,128.37722942956728,51.664498561257105,0.0,False
1185,12,140.0,130.0456639682586,51.664498561257105,5.0,False
1185,13,140.0,129.48326510073514,52.89288391516796,5.0,False
1185,14,135.0,128.58132328584455,51.1419971953964,10.0,False
1185,15,140.0,131.31102615090268,52.771882307969676,5.0,False
1185,16,145.0,137.2070802928584,63.238569738061855,0.0,False
1186,0,125.0,123.83109223919428,11.36332637098458,0.0,False
1186,1,125.0,118.90963021734937,128.50730623995935,0.0,False
1186,2,125.0,123.4715923956499,11.36332637098458,0.0,False
1186,3,125.0,123.03392120711001,11.36332637098458,0.0,False
1186,4,120.0,123.1329798559469,22.301140840020523,5.0,False
1186,5,120.0,120.97675531657673,8.048843720171504,5.0,False
1186,6,120.0,121.63106660775283,7.143430117129242,5.0,False
1186,7,120.0,121.75838785727738,10.186582308714037,5.0,False
1186,8,120.0,107.6886200963873,124.85694207509023,5.0,False
1186,9,120.0,92.33376682160122,126.22614746957302,5.0,False
1186,10,120.0,76.6046992574459,123.49129579910272,5.0,False
1186,11,120.0,61.38881698203897,123.49129579910272,5.0,False
1187,0,130.0,128.4154506515949,12.270027445975074,0.0,False
1187,1,130.0,129.78691710971165,11.863795343490779,0.0,False
1187,2,130.0,131.86176628674966,11.264158259662594,0.0,False
1187,3,130.0,132.07797821631388,11.160498218371856,0.0,False
1187,4,135.0,118.28962249446369,136.31337885816083,5.0,False
1187,5,130.0,106.11665377479571,136.30271941069142,0.0,False
1187,6,130.0,106.3254958976931,136.30271941069142,0.0,False
1187,7,130.0,90.65511103992988,136.30271941069142,0.0,False
1187,8,135.0,74.68079147638767,136.32688297928607,5.0,False
1187,9,100.0,69.19673816505785,127.63070063243231,30.0,True
1188,0,165.0,126.78414693849321,170.40969364152974,0.0,True
1188,1,165.0,105.98960055926077,170.49357646496784,0.0,True
1188,2,165.0,107.03765473507183,171.93241058317804,0.0,True
1188,3,165.0,110.20781687450229,165.47510991193323,0.0,True
1188,4,165.0,110.31411487225361,165.92364275750904,0.0,True
1188,5,165.0,110.55935398841905,167.74684260577283,0.0,True
1188,6,165.0,109.7749103501922,170.92453684086968,0.0,True
1188,7,165.0,130.41139066058963,169.49203746376034,0.0,True
1188,8,165.0,156.84533190362785,169.47703519932128,0.0,True
1188,9,165.0,164.7879768096075,8.652847937981448,0.0,True
1188,10,165.0,165.14093967760107,7.861995972632286,0.0,True
1188,11,165.0,165.22132589804193,7.861995972632286,0.0,True
1188,12,165.0,165.54128004698075,8.252069058753989,0.0,True
1188,13,165.0,165.47362296895332,8.541331046384272,0.0,True
1188,14,165.0,164.9148335464004,6.446456509625278,0.0,True
1188,15,165.0,164.4537562910207,6.446456509625278,0.0,True
1188,16,165.0,165.26806723281746,7.7695418239695755,0.0,True
1189,0,140.0,79.0542516272008,145.5414736640697,10.0,False
1189,1,140.0,96.28906831276878,145.5414736640697,10.0,False
1189,2,140.0,112.72972115067135,145.5414736640697,10.0,False
1189,3,140.0,137.17154536336707,145.55330225943655,10.0,False
1189,4,140.0,138.56306596021352,11.658109481247266,10.0,False
1189,5,135.0,135.82358171659442,14.505246783796167,5.0,False
1189,6,135.0,133.98500629715065,14.768535209099554,5.0,False
1189,7,130.0,132.1038651376806,17.702988512770617,0.0,False
1189,8,130.0,131.06997414784948,15.875718803533061,0.0,False
1189,9,130.0,129.99106123354645,15.875718803533061,0.0,False
1189,10,130.0,130.19444544895873,19.819661232669887,0.0,False
1189,11,130.0,129.24056966206834,15.587728574553779,0.0,False
1189,12,130.0,128.0634928498406,10.035183994006132,0.0,False
1189,13,130.0,128.32800238135323,10.21659803392383,0.0,False
1189,14,130.0,129.20447293443107,10.448113454139332,0.0,False
1189,15,130.0,130.75266464302575,8.091320246925122,0.0,False
1189,16,130.0,131.5409972265033,10.19583264803967,0.0,False
1190,0,145.0,145.12985202009864,9.62310380218699,0.0,False
1190,1,145.0,145.46622685817542,9.212555139522948,0.0,False
1190,2,145.0,126.65034824926884,151.0365809803791,0.0,False
1190,3,145.0,108.61598387638138,151.75373000905097,0.0,False
1190,4,145.0,89.93227666547709,149.60093994814477,0.0,False
1190,5,110.0,77.82557961633631,146.7045190869085,35.0,False
1190,6,100.0,81.01160399868688,146.7045190869085,45.0,True
1190,7,100.0,80.75855044091578,145.76449573804106,45.0,True
1190,8,100.0,80.33383977532311,148.2924398822656,45.0,True
1190,9,110.0,80.68339216512427,143.69651734375938,35.0,False
1190,10,140.0,98.43625015478892,143.69651734375938,5.0,False
1190,11,140.0,115.88225894802726,145.49526496238215,5.0,False
1190,12,140.0,137.8437591476711,39.446510462899866,5.0,False
1190,13,140.0,137.27825230847876,23.946572122812412,5.0,False
1190,14,140.0,136.70130853224765,23.946572122812412,5.0,False
1190,15,140.0,137.17142343716077,24.3952266039273,5.0,False
1190,16,140.0,139.09479866083663,34.80917201375327,5.0,False
1191,0,140.0,86.48781333023814,145.77750223059846,5.0,False
1191,1,140.0,103.81856258157123,145.77750223059846,5.0,False
1191,2,140.0,121.55373703687422,145.77750223059846,5.0,False
1191,3,140.0,140.376312668561,9.827015516139284,5.0,False
1191,4,140.0,139.07612733046196,5.575694964753552,5.0,False
1191,5,140.0,138.06896517810807,7.635966912391581,5.0,False
1191,6,135.0,137.05264932590336,10.15944206812523,0.0,False
1191,7,135.0,136.28906443801358,10.953474324510182,0.0,False
1191,8,135.0,135.80423510898095,9.151626624433419,0.0,False
1191,9,135.0,135.1243012642106,10.314681580519874,0.0,False
1191,10,135.0,133.71605829709026,7.660520584673009,0.0,False
1191,11,130.0,132.16058531075208,12.285907572166053,5.0,False
1191,12,130.0,131.5708457364192,10.616437692916989,5.0,False
1191,13,130.0,129.83975459716376,30.231193812122,5.0,False
1191,14,130.0,127.18555050517966,27.631743307018652,5.0,False
1191,15,130.0,123.9240002646346,36.852041898517356,5.0,False
1191,16,125.0,119.01736144570964,32.4054463461343,10.0,False
1192,0,155.0,155.45464088762867,5.338901973463095,5.0,False
1192,1,155.0,155.09370168979865,4.852741952593334,5.0,False
1192,2,155.0,155.49062232803664,7.418815001150335,5.0,False
1192,3,155.0,156.12712852383186,9.688061688186053,5.0,False
1192,4,155.0,157.46741795599908,10.009175528008512,5.0,False
1192,5,160.0,158.6274234962112,10.896439478957973,0.0,False
1192,6,160.0,159.3907626640404,10.14172267060988,0.0,False
1192,7,160.0,160.17999948847455,12.044223913611887,0.0,False
1192,8,160.0,161.8124098274036,9.029008487407708,0.0,False
1192,9,165.0,163.00556610434248,4.293459659896598,5.0,True
1192,10,165.0,163.31420107642273,4.397644418025891,5.0,True
1192,11,165.0,163.85913168690863,3.0816832715137252,5.0,True
1192,12,165.0,163.55387979374584,3.081622524492701,5.0,True
1192,13,165.0,163.07452218484346,5.976142497035539,5.0,True
1192,14,165.0,163.29480053730603,4.556024947575963,5.0,True
1192,15,165.0,162.73796616417187,5.00994069758525,5.0,True
1192,16,160.0,162.00079642926872,8.304577435906083,0.0,False
1193,0,140.0,140.70022165236384,11.091714227983289,5.0,False
1193,1,140.0,141.5893346221158,6.1345977275267956,5.0,False
1193,2,140.0,142.41727717050387,4.706919741253557,5.0,False
1193,3,145.0,142.58670544982567,3.9321850129836093,0.0,False
1193,4,145.0,142.69901511901185,5.100947390225457,0.0,False
1193,5,145.0,142.4129373628374,3.9321850129836093,0.0,False
1193,6,145.0,142.9059208504453,4.0441008567091785,0.0,False
1193,7,145.0,143.42517110270398,6.913851389651484,0.0,False
1193,8,145.0,144.830403869375,8.658743546095451,0.0,False
1193,9,145.0,144.90093656466962,6.879555741848037,0.0,False
1193,10,145.0,144.3279930673749,8.560311838305893,0.0,False
1193,11,145.0,144.3691355461246,8.519809225303476,0.0,False
1193,12,145.0,144.0823601616415,8.519809225303476,0.0,False
1193,13,145.0,143.70614169821934,9.931517336713057,0.0,False
1193,14,145.0,137.29581254659092,60.363304912360775,0.0,False
1193,15,145.0,135.43536473342837,61.6165670954348,0.0,False
1193,16,140.0,128.3493985607316,54.29942705657115,5.0,False
1194,0,130.0,132.788703446021,24.20404686842798,0.0,False
1194,1,130.0,132.5921757645141,27.65068369094844,0.0,False
1194,2,130.0,131.7028554291715,27.65068369094844,0.0,False
1194,3,130.0,130.88166671870277,27.65068369094844,0.0,False
1194,4,130.0,129.69218751196172,29.14997844898899,0.0,False
1194,5,125.0,129.3863867098643,27.65068369094844,5.0,False
1194,6,125.0,129.80757769826482,30.52089547235944,5.0,False
1194,7,130.0,127.88894191297882,15.873658781831267,0.0,False
1194,8,130.0,130.29537319605143,23.33999201981952,0.0,False
1194,9,135.0,132.0578753306312,19.250606437999267,5.0,False
1194,10,135.0,132.15287861272571,19.598504581036963,5.0,False
1194,11,135.0,133.62833353809066,21.32024317778057,5.0,False
1194,12,135.0,134.31448548560473,16.156900679453827,5.0,False
1194,13,135.0,134.59068279999545,12.975570166531469,5.0,False
1194,14,135.0,135.13590893559547,13.180384693043266,5.0,False
1194,15,135.0,134.60609519501784,15.67651092906948,5.0,False
1194,16,135.0,134.59662566131888,13.068280500544432,5.0,False
1195,0,130.0,128.79116545088462,7.877785208003019,5.0,False
1195,1,130.0,129.19770080079888,10.056390567412294,5.0,False
1195,2,130.0,129.731968247753,7.133673153140208,5.0,False
1195,3,130.0,128.23894171796329,9.112747526025103,5.0,False
1195,4,130.0,127.56071766541199,7.597413187139296,5.0,False
1195,5,125.0,127.31463882811498,7.597413187139296,0.0,False
1195,6,125.0,126.24479567634118,8.352743813683603,0.0,False
1195,7,125.0,125.7949022697327,9.061733711230957,0.0,False
1195,8,125.0,124.64523412166831,7.259727266879466,0.0,False
1195,9,125.0,124.25093652144182,4.956306087855836,0.0,False
1195,10,125.0,123.72979998921083,3.182107095904243,0.0,False
1195,11,125.0,124.7982264661511,5.774842947751907,0.0,False
1195,12,125.0,124.79466763716594,5.558566160679845,0.0,False
1195,13,125.0,124.92991243126352,4.792468255459511,0.0,False
1195,14,125.0,117.99560980498994,47.42635218600692,0.0,False
1195,15,125.0,114.22558340433876,47.56876721154954,0.0,False
1195,16,125.0,114.32402465116657,47.56886482833943,0.0,False
1196,0,130.0,98.92560722208725,134.7621881297567,25.0,False
1196,1,130.0,108.38996520020659,134.70053330134158,25.0,False
1196,2,130.0,126.34919505888935,45.01471601299198,25.0,False
1196,3,130.0,118.5775205266456,44.07649939622726,25.0,False
1196,4,125.0,116.74134462474811,138.367037854212,20.0,False
1196,5,130.0,128.84796575629173,47.24715397899081,25.0,False
1196,6,125.0,127.99147131960754,47.24715397899081,20.0,False
1196,7,130.0,129.95844309776442,47.24715397899081,25.0,False
1196,8,130.0,130.71519368574118,47.24715397899081,25.0,False
1196,9,130.0,122.05814259239673,56.6085205138953,25.0,False
1196,10,130.0,127.28599519670392,77.21086222960486,25.0,False
1197,0,150.0,146.9182033128539,22.252234274799207,10.0,False
1197,1,145.0,145.23442868995934,21.582245984320707,5.0,False
1197,2,145.0,136.8913143847165,63.47610983930858,5.0,False
1197,3,145.0,128.7848472140869,59.91693282054712,5.0,False
1197,4,140.0,125.54875204433861,59.218299899373406,0.0,False
1197,5,135.0,121.9678802746399,54.36885787463403,5.0,False
1197,6,130.0,119.7408829827142,45.912866170731846,10.0,False
1197,7,130.0,118.80678276255378,45.912866170731846,10.0,False
1197,8,130.0,116.68644706672673,46.477135257995414,10.0,False
1197,9,125.0,117.34942966272646,39.25550344437454,15.0,False
1197,10,130.0,124.6270454728112,55.49432177752668,10.0,False
1197,11,130.0,134.07281966486656,26.406392703967896,10.0,False
1197,12,130.0,134.96535705975936,23.879831456135236,10.0,False
1197,13,135.0,136.746890595238,23.813530109098195,5.0,False
1197,14,140.0,138.66798114576008,23.813530109098195,0.0,False
1197,15,140.0,133.1249807215806,56.83476194509986,0.0,False
1197,16,145.0,127.8824014944526,63.83882042618822,5.0,False
1198,0,155.0,79.62767484077942,156.42241899532232,90.0,False
1198,1,155.0,98.90406887556746,156.42241899532232,90.0,False
1198,2,155.0,117.97509449525545,156.422444841158,90.0,False
1198,3,155.0,133.84803781690667,156.7868671777971,90.0,False
1198,4,155.0,134.3294700065689,89.77072070946699,90.0,False
1198,5,155.0,122.59087555342036,95.37904143379065,90.0,False
1198,6,100.0,110.8840871123679,94.69093198994952,35.0,True
1199,0,100.0,82.24600589777107,115.5217925947584,0.0,True
1199,1,100.0,98.06664246485656,38.996599610803,0.0,True
1199,2,100.0,86.88817093075282,115.5403235480262,0.0,True
1199,3,100.0,73.04693310330907,115.5366235240792,0.0,True
1199,4,120.0,78.92271862189637,145.66624567867427,20.0,False
1199,5,125.0,87.83485075840426,148.17201217582343,25.0,False
1199,6,125.0,94.0793904454709,148.00956116048036,25.0,False
1199,7,120.0,103.71027463142302,148.00455587895183,20.0,False
1199,8,120.0,121.76695111785804,148.01340100488488,20.0,False
1200,0,125.0,124.89949323711504,12.2447236246406,0.0,False
1200,1,125.0,126.37590818490685,11.263410754495027,0.0,False
1200,2,130.0,127.76504306781932,8.314107698506078,5.0,False
1200,3,130.0,128.1919046498796,4.127635276887631,5.0,False
1200,4,130.0,128.37863475720485,4.413950105463428,5.0,False
1200,5,130.0,129.0817815311124,5.142683039720666,5.0,False
1200,6,130.0,128.52343194302938,6.06334475683623,5.0,False
1200,7,130.0,128.20570543835032,9.620087014329215,5.0,False
1200,8,125.0,126.43552177852058,16.507630143523826,0.0,False
1200,9,125.0,124.36709376670852,18.83916241390267,0.0,False
1200,10,125.0,122.67032438812971,18.96357224568132,0.0,False
1200,11,120.0,120.4596191615575,32.4969738112306,5.0,False
1200,12,120.0,116.44920095884221,33.455202920996996,5.0,False
1200,13,115.0,110.35694116726326,43.9536431195685,10.0,False
1200,14,115.0,104.2870576862721,37.46383047632138,10.0,False
1200,15,110.0,97.48665571944369,116.17892422010357,15.0,False
1200,16,95.0,76.65245066820172,116.2161403161393,30.0,True
1201,0,140.0,137.5688517758111,33.969129807693065,5.0,False
1201,1,140.0,140.91201770764673,8.087748681381271,5.0,False
1201,2,140.0,139.94105297645922,9.662494922100024,5.0,False
1201,3,140.0,139.21982823394356,14.250017632054465,5.0,False
1201,4,140.0,137.7702771709322,20.29937832107315,5.0,False
1201,5,140.0,132.06613107869362,49.34000936606924,5.0,False
1201,6,135.0,132.15339935605118,32.264259503956936,0.0,False
1201,7,130.0,129.953630765058,29.573556681037246,5.0,False
1201,8,130.0,128.45033157658744,27.54674200311473,5.0,False
1201,9,130.0,126.92683669587598,23.702647573139757,5.0,False
1201,10,130.0,126.34974674391755,19.69357828683323,5.0,False
1201,11,130.0,126.42652132328789,35.51430311586371,5.0,False
1201,12,125.0,124.08604848684823,29.73768728474198,10.0,False
1201,13,125.0,123.82692989913708,16.959246795688728,10.0,False
1201,14,125.0,122.05190584698784,35.935993325154044,10.0,False
1201,15,125.0,119.45896659609609,32.3457709111762,10.0,False
1201,16,120.0,117.26101003240105,32.3457709111762,15.0,False
1202,0,130.0,130.91190036574392,19.727086385072383,5.0,False
1202,1,135.0,133.42741896025134,21.162014270851586,0.0,False
1202,2,135.0,136.26582188261008,14.587568858532592,0.0,False
1202,3,140.0,138.49722060808728,12.631673374320314,5.0,False
1202,4,140.0,140.23655726993513,14.23521643212402,5.0,False
1202,5,140.0,141.82675142413007,14.770886699546224,5.0,False
1202,6,145.0,143.0993988732523,21.323631818000962,10.0,False
1202,7,145.0,143.8267474489407,17.334381518780447,10.0,False
1202,8,145.0,143.02683473139112,19.018212917217653,10.0,False
1202,9,145.0,142.3856761997016,19.046153940579842,10.0,False
1202,10,145.0,142.47857107279668,19.046153940579842,10.0,False
1202,11,145.0,136.6807664613753,39.80657152254638,10.0,False
1202,12,140.0,132.4998514652625,39.91736616555794,5.0,False
1202,13,130.0,129.58842456023777,40.760948231165386,5.0,False
1202,14,125.0,126.14882031664048,31.711977284826034,10.0,False
1202,15,120.0,122.79445762792338,40.04837976732996,15.0,False
1202,16,120.0,121.86497489095176,30.572814391860177,15.0,False
1203,0,135.0,136.99255632704376,7.336903187653007,5.0,False
1203,1,135.0,137.168266620942,8.380070710807189,5.0,False
1203,2,135.0,139.6339071655246,23.622206912382353,5.0,False
1203,3,140.0,141.56859855464873,20.96359695437036,0.0,False
1203,4,140.0,141.57683701890377,20.17634615936774,0.0,False
1203,5,140.0,141.61933613517016,20.270738023671555,0.0,False
1203,6,140.0,142.63609949454118,19.983101038560903,0.0,False
1203,7,140.0,143.63836569388258,18.63927264730171,0.0,False
1203,8,140.0,143.68253535628807,22.562404213604964,0.0,False
1203,9,140.0,141.7407904647521,23.68502503150924,0.0,False
1203,10,140.0,139.99134968898008,15.166152898853227,0.0,False
1203,11,140.0,139.2864659409872,11.121276841318632,0.0,False
1203,12,140.0,140.78301336569046,13.389946246599834,0.0,False
1203,13,140.0,142.39123688366882,17.585199752145428,0.0,False
1203,14,140.0,141.54874575522635,19.343993232153707,0.0,False
1203,15,140.0,140.0527341660514,21.827151984903793,0.0,False
1203,16,140.0,140.916240235457,17.69934461764558,0.0,False
1204,0,120.0,120.1816801214263,16.6629718383426,5.0,False
1204,1,120.0,119.11526348901248,13.51459375531418,5.0,False
1204,2,120.0,118.79821237725172,13.51459375531418,5.0,False
1204,3,115.0,117.06745933960143,11.450578715344236,0.0,False
1204,4,115.0,115.78649350974428,11.506551920919506,0.0,False
1204,5,115.0,116.21828602881112,12.76181553693101,0.0,False
1204,6,115.0,114.99692727459184,11.590895116461397,0.0,False
1204,7,115.0,114.26007435807284,19.175353390133154,0.0,False
1204,8,115.0,113.19861239524269,14.316585691593247,0.0,False
1204,9,115.0,112.45293109771097,14.316585691593247,0.0,False
1204,10,115.0,113.0057258532798,15.569189029938698,0.0,False
1204,11,115.0,114.2774990927659,17.62208267233507,0.0,False
1204,12,115.0,118.42916067596491,32.099006667335175,0.0,False
1204,13,115.0,120.07148033128236,33.27825323723067,0.0,False
1204,14,115.0,114.6038153208116,137.85976504361798,0.0,False
1204,15,115.0,96.76353462837643,137.8517185821093,0.0,False
1204,16,120.0,83.10269668276061,137.8517185821093,5.0,False
1205,0,125.0,123.03611436634567,7.752841045012985,0.0,False
1205,1,125.0,123.86993901883521,6.688907228151891,0.0,False
1205,2,125.0,124.20930585036484,7.258725380616127,0.0,False
1205,3,125.0,125.16416929678293,9.753557880277313,0.0,False
1205,4,125.0,124.36270955346214,4.241968115382946,0.0,False
1205,5,125.0,124.67892403344263,5.063831575093232,0.0,False
1205,6,125.0,126.08184093032581,9.167682934705994,0.0,False
1205,7,125.0,127.05860690146726,8.20063526555343,0.0,False
1205,8,130.0,127.5304776979217,6.6551441843876376,5.0,False
1205,9,125.0,127.26180434210269,7.539823188809777,0.0,False
1205,10,125.0,126.94093025264281,10.243069272195129,0.0,False
1205,11,130.0,125.74777335760669,21.42435144944855,5.0,False
1205,12,125.0,124.41908829220112,19.16289022121596,0.0,False
1205,13,125.0,122.35671599696603,22.521024843169016,0.0,False
1205,14,125.0,120.26117140583727,21.18681723594446,0.0,False
1205,15,120.0,118.42142271118061,17.921248796406744,5.0,False
1205,16,120.0,113.46161111938481,54.21210148099354,5.0,False
1206,0,140.0,139.7952735266003,3.479243365826875,5.0,False
1206,1,140.0,140.7746076380211,8.499168626113516,5.0,False
1206,2,140.0,141.45935299275635,9.545015159962333,5.0,False
1206,3,140.0,144.63418852887543,19.534736434513007,5.0,False
1206,4,145.0,146.83652070755426,22.04666084714873,0.0,False
1206,5,145.0,148.1876104223698,21.352571458724128,0.0,False
1206,6,145.0,148.91741292408625,19.07983520976174,0.0,False
1206,7,150.0,150.43184722379286,19.84262684944062,5.0,False
1206,8,150.0,151.1644455998826,14.140499174090905,5.0,False
1206,9,150.0,151.52628465404928,19.74194142836774,5.0,False
1206,10,150.0,151.4434932479434,11.360779054205693,5.0,False
1206,11,150.0,143.85239218592116,74.86011737435282,5.0,False
1206,12,145.0,142.8853262092825,33.73446935495858,0.0,False
1206,13,145.0,141.296489643744,33.399712715990404,0.0,False
1206,14,145.0,140.22867681006545,33.41292554144039,0.0,False
1206,15,145.0,138.0192248712645,33.399712715990404,0.0,False
1206,16,145.0,138.44756665762742,33.399712715990404,0.0,False
1207,0,155.0,152.8619391901941,9.704915638714738,0.0,False
1207,1,155.0,146.73125914366105,157.8850855486225,0.0,False
1207,2,155.0,153.7746125452982,28.05138383628244,0.0,False
1207,3,155.0,153.11617517955727,24.115743521047648,0.0,False
1207,4,155.0,154.0789898782369,24.115743521047648,0.0,False
1207,5,155.0,153.94691015875088,24.115743521047648,0.0,False
1207,6,155.0,153.70576063274882,24.115743521047648,0.0,False
1207,7,155.0,152.84849963177518,26.583705088446067,0.0,False
1207,8,155.0,148.86340508657938,162.04395623379645,0.0,False
1207,9,155.0,154.7052412733773,11.576822018746583,0.0,False
1207,10,155.0,153.75951801422525,7.56539267237352,0.0,False
1207,11,155.0,153.78504622846415,7.770066492480652,0.0,False
1207,12,155.0,153.02892218917637,7.545183163408467,0.0,False
1207,13,150.0,151.89611324866308,4.906830227657679,5.0,False
1207,14,150.0,152.16725896243813,6.184630854285558,5.0,False
1207,15,150.0,140.8816506514524,67.99726112411275,5.0,False
1207,16,150.0,132.8061856987718,68.17920040032125,5.0,False
1208,0,130.0,129.2581098497878,4.266166693463219,0.0,False
1208,1,130.0,128.87750763278166,4.572272754761997,0.0,False
1208,2,130.0,128.9659108247776,4.941379930871335,0.0,False
1208,3,130.0,128.93384060802592,4.231668458933484,0.0,False
1208,4,130.0,128.8312200526162,4.947502086408207,0.0,False
1208,5,130.0,127.37423222221051,20.435621926894626,0.0,False
1208,6,130.0,123.8748729514637,22.405137529480058,0.0,False
1208,7,130.0,124.33563723225743,22.40087709905727,0.0,False
1208,8,125.0,123.68815571279049,22.40087709905727,5.0,False
1208,9,125.0,122.82814164574661,22.43697092166711,5.0,False
1208,10,125.0,123.95280858140259,30.856024794338495,5.0,False
1208,11,125.0,124.58293418011432,28.680510826912254,5.0,False
1208,12,125.0,123.60085547092247,30.848540278997646,5.0,False
1208,13,125.0,126.1790232855855,27.818785963112916,5.0,False
1208,14,125.0,127.76121654128632,17.033612817845253,5.0,False
1208,15,125.0,127.41576902799017,18.257260410951574,5.0,False
1208,16,125.0,127.42832715408426,25.430332545357942,5.0,False
1209,0,125.0,125.02408880149733,9.049890594707179,0.0,False
1209,1,125.0,123.32936911014268,15.33205178527922,0.0,False
1209,2,125.0,122.56655402694979,19.800762553739432,0.0,False
1209,3,120.0,101.431198784371,126.52316310927323,5.0,False
1209,4,120.0,85.62973125006046,123.70896847086837,5.0,False
1209,5,120.0,74.98466910068528,123.86331485837374,5.0,False
1209,6,120.0,81.11342423486063,124.50588060778487,5.0,False
1209,7,120.0,79.85785414273622,122.72895554442057,5.0,False
1209,8,120.0,80.00806887744827,122.72895554442057,5.0,False
1209,9,120.0,79.48184793629049,136.5331783161545,5.0,False
1209,10,120.0,86.6058802875842,125.41845407219003,5.0,False
1209,11,120.0,101.57960375740461,125.00956162963628,5.0,False
1209,12,120.0,123.32710743841955,21.071577845817444,5.0,False
1209,13,125.0,123.65469631322516,18.23430657149339,0.0,False
1209,14,120.0,123.03120468987967,20.903279478155483,5.0,False
1209,15,125.0,124.6577598976936,15.265835533918164,0.0,False
1209,16,125.0,125.70854000509297,15.265835533918164,0.0,False
1210,0,135.0,78.33472203208463,138.00353582116395,0.0,False
1210,1,135.0,94.71745245831119,138.00353582116395,0.0,False
1210,2,135.0,109.6091864107994,138.00353582116395,0.0,False
1210,3,135.0,133.93336200539935,11.275655887804845,0.0,False
1210,4,135.0,133.14983261805097,7.363779472705971,0.0,False
1210,5,135.0,133.08749999621742,7.363779472705971,0.0,False
1210,6,135.0,133.25584195407274,7.363779472705971,0.0,False
1210,7,130.0,132.89286693026992,8.85693291964273,5.0,False
1210,8,135.0,133.37719854944018,5.774601861923202,0.0,False
1210,9,135.0,129.922109818791,46.487900172561936,0.0,False
1210,10,135.0,131.78182770265505,28.074673760647954,0.0,False
1210,11,130.0,130.84450682886327,24.51222111320419,5.0,False
1210,12,135.0,130.00215095357112,29.336075851360647,0.0,False
1210,13,130.0,131.0562280300435,24.472104720041926,5.0,False
1210,14,135.0,131.45577066267307,27.08578013885071,0.0,False
1210,15,135.0,132.352730410673,29.66682296859514,0.0,False
1211,0,135.0,128.48091024426478,30.421670187666038,0.0,False
1211,1,135.0,119.90355549465419,70.97044126702805,0.0,False
1211,2,130.0,117.58176707867572,64.63842547373424,5.0,False
1211,3,120.0,114.67167093843275,63.01719273192127,15.0,False
1211,4,110.0,111.6791385955576,66.18937792618625,25.0,False
1211,5,110.0,106.80235054393361,59.037303321657404,25.0,False
1211,6,110.0,106.44792089195971,49.3541849328289,25.0,False
1211,7,110.0,106.83360572436152,53.19683763087252,25.0,False
1211,8,115.0,111.41792918096165,67.83859509082225,20.0,False
1211,9,120.0,118.6337557503011,31.508647317416532,15.0,False
1211,10,125.0,120.9241417689444,31.508555144360727,10.0,False
1211,11,125.0,122.31409822118343,31.508555144360727,10.0,False
1211,12,130.0,123.79343100624716,40.55019814903346,5.0,False
1211,13,130.0,121.72870363136184,33.76492760212753,5.0,False
1211,14,135.0,127.35196891586592,47.87387114622524,0.0,False
1211,15,140.0,129.8292083218908,47.51895907107044,5.0,False
1211,16,140.0,122.40489568686544,149.86903446722113,5.0,False
1212,0,160.0,162.2743712473864,3.6578968076300953,0.0,False
1212,1,160.0,162.00686833163715,3.3581326005140966,0.0,False
1212,2,160.0,161.74421473376927,3.3581326005140966,0.0,False
1212,3,160.0,161.65781649827815,3.568171096453426,0.0,False
1212,4,160.0,161.63832672574597,3.7730851341885625,0.0,False
1212,5,160.0,161.61590954181375,3.959092207427034,0.0,False
1212,6,160.0,161.29203528438592,5.992209461102618,0.0,False
1212,7,160.0,160.43751841742923,5.486523060805325,0.0,False
1212,8,160.0,159.94083426023678,4.771649609684886,0.0,False
1212,9,160.0,159.74397676858882,3.4393820266559203,0.0,False
1212,10,160.0,159.2176789761729,3.8785359643817117,0.0,False
1212,11,160.0,158.97264139185475,4.122805290699375,0.0,False
1212,12,160.0,158.4546993362326,4.387566411148555,0.0,False
1212,13,160.0,157.5873610332578,7.492873450572944,0.0,False
1212,14,160.0,157.36026956176278,5.753040233311168,0.0,False
1212,15,160.0,157.50714318162392,5.753120167665969,0.0,False
1212,16,155.0,155.3287321056178,18.2032328085852,5.0,False
1213,0,135.0,133.9911286225279,6.236264317090445,0.0,False
1213,1,135.0,134.0128422371231,5.765979854345801,0.0,False
1213,2,135.0,133.95652051190345,5.450675881939958,0.0,False
1213,3,135.0,133.62326759918972,7.415669221427663,0.0,False
1213,4,135.0,130.5795538229118,23.284430800798987,0.0,False
1213,5,135.0,128.55219702612072,24.530898652076374,0.0,False
1213,6,130.0,126.64267414336418,24.530898652076374,5.0,False
1213,7,130.0,125.12520203904899,24.530898652076374,5.0,False
1213,8,120.0,122.23358771180467,35.073214431784365,15.0,False
1213,9,115.0,117.72041558255086,34.45258732919979,20.0,False
1213,10,115.0,113.59019325121434,28.961345943788615,20.0,False
1213,11,115.0,114.19367866938968,24.807714916753838,20.0,False
1213,12,115.0,114.57036148315449,22.809984558751808,20.0,False
1213,13,115.0,115.26692315599435,48.9820318603235,20.0,False
1213,14,110.0,121.49551792654921,52.466683669976106,25.0,False
1213,15,105.0,115.93712712032013,52.22753103489406,30.0,True
1213,16,110.0,101.82753194099634,155.11819830007516,25.0,False
1214,0,125.0,123.8542967206987,10.43810582962125,5.0,False
1214,1,125.0,123.92579194268639,11.417512184410398,5.0,False
1214,2,125.0,124.34486973165787,13.869345909002092,5.0,False
1214,3,125.0,125.69905757825109,19.358164553112132,5.0,False
1214,4,125.0,126.35268452166561,21.5095319058551,5.0,False
1214,5,130.0,129.11550334319452,20.06854499271914,0.0,False
1214,6,130.0,131.7810520312419,19.41429467414295,0.0,False
1214,7,135.0,134.6770164613661,25.919217816126036,5.0,False
1214,8,135.0,135.36723601095534,15.985027512969907,5.0,False
1214,9,135.0,136.07890962693924,11.499902564365783,5.0,False
1214,10,135.0,121.06795903672746,143.02810895526738,5.0,False
1214,11,135.0,104.01504742038358,143.02573646266973,5.0,False
1214,12,130.0,82.2430473555217,140.88435984722332,0.0,False
1214,13,130.0,80.9055302689015,132.55260015092267,0.0,False
1214,14,130.0,81.0610485079964,132.52244210162542,0.0,False
1215,0,135.0,74.61412129193984,137.7285228029941,20.0,False
1215,1,135.0,89.27141786945076,137.7285228029941,20.0,False
1215,2,135.0,106.29443997386751,137.7285228029941,20.0,False
1215,3,130.0,128.1850371615466,139.23134858004602,15.0,False
1215,4,130.0,128.6127593603799,29.084188077262297,15.0,False
1215,5,130.0,125.75023400564595,30.858623593975167,15.0,False
1215,6,125.0,123.79246167878118,23.005525273759545,10.0,False
1215,7,125.0,117.05178209436222,55.94821837300566,10.0,False
1215,8,120.0,109.7909259159183,56.92606640009929,5.0,False
1215,9,110.0,102.90765166031059,78.26930762297542,5.0,False
1215,10,95.0,88.63690261027176,129.85413218590404,20.0,True
1215,11,70.0,74.97421659614626,136.02750302771565,45.0,True
1216,0,145.0,96.80679922180529,149.85444430864345,5.0,False
1216,1,145.0,78.90908289201661,149.85444430864345,5.0,False
1216,2,150.0,84.59927538395041,155.34507469161926,0.0,False
1216,3,150.0,104.29126388430302,157.17197362278,0.0,False
1216,4,150.0,123.91192762080541,157.05562306534034,0.0,False
1216,5,155.0,153.2314244705617,14.823991386798554,5.0,False
1216,6,155.0,151.557959864225,20.025321739234016,5.0,False
1216,7,155.0,150.40178008672655,20.970881367690424,5.0,False
1216,8,155.0,149.34872705885152,21.10738306241859,5.0,False
1217,0,140.0,136.67065384777106,25.545918581510392,5.0,False
1217,1,135.0,134.11285416158742,26.40084051401338,0.0,False
1217,2,135.0,132.60382520133655,21.753240313048806,0.0,False
1217,3,130.0,131.66159272127518,20.674946131558855,5.0,False
1217,4,130.0,125.77804503239503,40.27928857284962,5.0,False
1217,5,125.0,103.83855326101438,134.22398512111218,10.0,False
1217,6,125.0,88.43717847498075,134.22398509219917,10.0,False
1217,7,110.0,73.0135930679503,134.22398509219917,25.0,False
1217,8,135.0,71.68350558805761,138.83827712769235,0.0,False
1217,9,135.0,88.00849686858164,138.83827712769235,0.0,False
1217,10,135.0,104.22120516584975,138.83827712769235,0.0,False
1217,11,135.0,122.49152194756675,138.84574221603796,0.0,False
1218,0,125.0,96.9422569440237,131.89921487231726,125.0,False
1218,1,125.0,95.28785744547527,130.51568072014373,125.0,False
1218,2,125.0,95.67604228685508,128.39170180563545,125.0,False
1218,3,125.0,96.92634373317192,149.64336373122205,125.0,False
1218,4,130.0,102.66361745523479,148.45659453085392,130.0,False
1218,5,130.0,120.11635560348431,147.7112363098879,130.0,False
1218,6,130.0,113.17513556339962,147.76192859511806,130.0,False
1218,7,130.0,97.57039550406581,147.76192859511806,130.0,False
1218,8,130.0,81.47542819406111,147.76192859511806,130.0,False
1219,0,145.0,145.60134809702333,15.980922344788326,0.0,False
1219,1,145.0,144.83116654404972,13.244891951202703,0.0,False
1219,2,145.0,143.9822600971286,12.363737044917372,0.0,False
1219,3,145.0,142.78437190323885,12.41482852293143,0.0,False
1219,4,140.0,141.92277144882507,11.400979604126007,5.0,False
1219,5,140.0,141.57206443959458,8.82169792494608,5.0,False
1219,6,140.0,141.79860217616368,10.038218556879315,5.0,False
1219,7,145.0,142.47247949497466,16.541067162780422,0.0,False
1219,8,145.0,144.06211332373826,10.23090151366921,0.0,False
1219,9,145.0,146.15385329249557,17.257541003015234,0.0,False
1219,10,145.0,147.7940721465183,17.312492007666066,0.0,False
1219,11,150.0,138.82160059376488,75.54564760386617,5.0,False
1219,12,150.0,134.58552982519828,63.69177896467677,5.0,False
1219,13,150.0,125.30759979740638,77.35346160883638,5.0,False
1219,14,95.0,118.33644265687057,77.32100134057038,50.0,True
1219,15,95.0,105.9689457490447,155.96561290425612,50.0,True
1219,16,100.0,106.2507410808042,76.86242719623436,45.0,True
1220,0,145.0,145.7497682596893,12.141104169244699,0.0,False
1220,1,145.0,145.77482694420814,10.97088060169557,0.0,False
1220,2,145.0,145.60994583527176,10.998725526373676,0.0,False
1220,3,145.0,144.5487714448591,10.62412785290104,0.0,False
1220,4,145.0,143.88937844173935,8.627767372795432,0.0,False
1220,5,145.0,134.22300886411284,149.21673579504832,0.0,False
1220,6,140.0,112.22283110620711,147.74740625948428,5.0,False
1220,7,140.0,93.95097792627888,147.4589008889396,5.0,False
1220,8,140.0,75.8644931907093,142.78537730212895,5.0,False
1220,9,155.0,86.77050409761503,161.2163403111325,10.0,False
1220,10,155.0,107.37238322191412,164.11491395312746,10.0,False
1220,11,155.0,126.18902857877988,163.7485333582346,10.0,False
1221,0,145.0,143.69731730587054,12.946669946655021,5.0,False
1221,1,145.0,143.7451755865749,12.946669946655021,5.0,False
1221,2,140.0,142.7123497465527,14.794754384578596,0.0,False
1221,3,140.0,140.99927196424304,17.529574154536135,0.0,False
1221,4,140.0,139.01306038761356,20.382125548728425,0.0,False
1221,5,135.0,135.94663271742903,12.043886420087347,5.0,False
1221,6,135.0,135.2044831993902,10.590957517704652,5.0,False
1221,7,135.0,134.9219538816283,10.90046486775185,5.0,False
1221,8,135.0,134.43236731221342,10.507422228548734,5.0,False
1221,9,135.0,133.89631592799205,8.586769608760022,5.0,False
1221,10,135.0,135.52616154570515,22.137752503987542,5.0,False
1221,11,135.0,135.25851597706205,14.642329984124103,5.0,False
1221,12,135.0,135.59272123157007,16.559856499936288,5.0,False
1221,13,135.0,136.66917621484745,10.368009212838814,5.0,False
1221,14,135.0,137.26864743037436,10.396496554646063,5.0,False
1221,15,135.0,137.81527085391568,9.595006851731966,5.0,False
1221,16,135.0,135.00203204801412,41.86549002730567,5.0,False
1222,0,115.0,116.39298712247897,10.287909990020069,0.0,False
1222,1,115.0,115.13989330228915,9.785079495945482,0.0,False
1222,2,115.0,115.18872887465474,6.245457376203106,0.0,False
1222,3,115.0,115.90162873524022,5.887295861392772,0.0,False
1222,4,115.0,116.6559370298403,8.606597240824001,0.0,False
1222,5,120.0,117.24521642591311,9.501711534462089,5.0,False
1222,6,115.0,117.02049457065931,8.77419914310066,0.0,False
1222,7,120.0,103.15630733548007,121.82106608767518,5.0,False
1222,8,120.0,88.43086854769189,121.8188965901047,5.0,False
1222,9,120.0,74.104654791474,121.8188965901047,5.0,False
1223,0,130.0,105.07812795898205,133.60623116538073,0.0,False
1223,1,130.0,128.71050232589604,11.240783859250314,0.0,False
1223,2,130.0,128.76285544158472,11.069351016474343,0.0,False
1223,3,130.0,129.10740728939652,11.227733777143868,0.0,False
1223,4,130.0,128.2787920276597,10.91124638584347,0.0,False
1223,5,125.0,126.92357503453869,8.857211386682764,5.0,False
1223,6,125.0,126.26452597733393,8.857211386682764,5.0,False
1223,7,125.0,126.70994582057197,10.59296831808392,5.0,False
1223,8,125.0,127.16311264217458,7.4987907164674255,5.0,False
1223,9,125.0,126.72836089189109,11.3133144528624,5.0,False
1223,10,125.0,126.30295552646082,8.920642927556926,5.0,False
1223,11,125.0,126.46002573387518,9.344214687122118,5.0,False
1223,12,125.0,127.30667706167219,10.918166506731197,5.0,False
1223,13,130.0,127.91779966334289,10.800540267262974,0.0,False
1223,14,130.0,129.2527471276695,12.682931568899946,0.0,False
1223,15,130.0,128.64899845160244,27.511364030285662,0.0,False
1223,16,130.0,107.69507859962955,135.5899231842069,0.0,False
1224,0,170.0,168.27981123909166,7.6134337011963,5.0,True
1224,1,170.0,168.32593312152343,6.955574850162122,5.0,True
1224,2,170.0,168.17633609542426,6.823715637263859,5.0,True
1224,3,170.0,168.1783552105295,6.823715637263859,5.0,True
1224,4,170.0,167.6132342012195,6.823715637263859,5.0,True
1224,5,170.0,167.12362710865943,7.644395791897807,5.0,True
1224,6,165.0,166.67345269388343,5.6314481818322975,0.0,True
1224,7,165.0,165.35393506444234,7.382297154506773,0.0,True
1224,8,165.0,165.622597898097,5.0889128914921,0.0,True
1224,9,165.0,165.6630567308967,4.756345152013523,0.0,True
1224,10,165.0,164.9287638107107,4.885161875441753,0.0,True
1224,11,165.0,165.34922053250057,6.571785909694256,0.0,True
1224,12,165.0,164.82897532047394,9.888807532505979,0.0,True
1224,13,165.0,164.25703279069077,9.393454942875849,0.0,True
1224,14,165.0,163.57694814863274,7.963041172012026,0.0,True
1224,15,165.0,160.82947452345368,29.70795579162899,0.0,True
1224,16,165.0,152.3261283053896,167.58179593920428,0.0,True
1225,0,145.0,133.97192821557454,152.89724098139106,5.0,False
1225,1,145.0,146.85009699478732,9.94850851151486,5.0,False
1225,2,145.0,147.52330532101655,10.73951037281526,5.0,False
1225,3,150.0,148.01544158919887,10.73951037281526,10.0,False
1225,4,145.0,147.40233721660618,12.29889538153975,5.0,False
1225,5,150.0,140.41211466993803,78.76245797745024,10.0,False
1225,6,145.0,143.0720536579439,41.66046871427376,5.0,False
1225,7,145.0,141.81683324929335,41.66046871427376,5.0,False
1225,8,145.0,139.9476049611401,47.91204674872752,5.0,False
1225,9,140.0,138.3399775912486,42.965671365090245,0.0,False
1225,10,140.0,135.06071302125753,36.905792785437754,0.0,False
1225,11,135.0,129.7441872938116,37.830693606748284,5.0,False
1225,12,130.0,132.01454046173876,64.72438832559465,10.0,False
1225,13,130.0,130.1426374630791,30.80936060205643,10.0,False
1225,14,125.0,126.90072650477373,32.44059291765974,15.0,False
1225,15,125.0,124.64041609397971,25.385639820866857,15.0,False
1225,16,125.0,118.76412819548898,43.92519942980759,15.0,False
1226,0,130.0,129.1568826901974,8.196476097961778,0.0,False
1226,1,130.0,129.32845014993202,11.397894692354498,0.0,False
1226,2,130.0,129.8617494395172,10.78550322790852,0.0,False
1226,3,130.0,129.4305246481479,14.344285176780573,0.0,False
1226,4,130.0,129.68008335801176,11.839572873242517,0.0,False
1226,5,130.0,130.67895835196745,10.359992210936937,0.0,False
1226,6,130.0,131.79656259932656,8.71924484358479,0.0,False
1226,7,135.0,132.56925021033447,8.71924484358479,5.0,False
1226,8,135.0,132.17460068393635,8.34185349010724,5.0,False
1226,9,135.0,132.4485780952251,7.677761882435789,5.0,False
1226,10,135.0,132.38034387124384,9.876915615782607,5.0,False
1226,11,135.0,133.70195609011586,6.488780030640612,5.0,False
1226,12,135.0,133.98699862422487,3.318711231064924,5.0,False
1226,13,135.0,133.73466112135588,5.2673128089898285,5.0,False
1226,14,135.0,132.8247373065467,8.26153699753688,5.0,False
1226,15,135.0,132.098845186371,13.434842150263279,5.0,False
1226,16,135.0,125.22892389475004,46.9351941351658,5.0,False
1227,0,135.0,134.98837583413084,11.542929806758764,0.0,False
1227,1,135.0,133.9675081030775,8.6127798275744,0.0,False
1227,2,135.0,133.94001145139282,7.708472228203306,0.0,False
1227,3,135.0,129.17766408674396,44.62216438730218,0.0,False
1227,4,135.0,133.86851635704923,7.309885688181652,0.0,False
1227,5,135.0,134.1349447695043,7.487992322912703,0.0,False
1227,6,135.0,133.6886734393261,7.784076963875918,0.0,False
1227,7,135.0,133.88494430505446,6.904538308439612,0.0,False
1227,8,135.0,133.50341304886766,8.79234726240378,0.0,False
1227,9,135.0,130.14973488452273,44.06998122634859,0.0,False
1227,10,130.0,129.33783131110025,43.528312462529016,5.0,False
1227,11,130.0,124.37678467507644,38.14986671612226,5.0,False
1227,12,130.0,108.67850092899198,138.0988257390274,5.0,False
1227,13,110.0,91.73459079175962,131.0084180558362,25.0,False
1227,14,100.0,75.45159325622674,131.86875254932414,35.0,True
1228,0,150.0,99.24142140763553,152.0596131887515,0.0,False
1228,1,150.0,117.84752061558768,151.69559546305229,0.0,False
1228,2,150.0,145.16989467589792,152.0611637941744,0.0,False
1228,3,150.0,150.7081048263708,7.392085402771244,0.0,False
1228,4,150.0,150.71509246493875,5.5144500053344245,0.0,False
1228,5,150.0,150.89409156658226,5.807866647578436,0.0,False
1228,6,150.0,150.60929255765842,11.58276537833126,0.0,False
1228,7,150.0,150.13007372762718,12.215095398481367,0.0,False
1228,8,150.0,148.14550113532516,18.84075295168111,0.0,False
1228,9,150.0,119.67756729081928,153.70740724951176,0.0,False
1228,10,150.0,103.28550424815427,153.843485838851,0.0,False
1228,11,135.0,84.05582572655527,151.33643775320772,15.0,False
1229,0,115.0,118.7631329407886,24.596017341566977,15.0,False
1229,1,120.0,122.93482492783878,28.384087965962948,10.0,False
1229,2,130.0,126.34843787232106,20.358165886025162,0.0,False
1229,3,130.0,128.45033902628768,19.930648256042815,0.0,False
1229,4,135.0,130.63287896168737,21.71040093079283,5.0,False
1229,5,135.0,132.84176430642475,9.42575909813337,5.0,False
1229,6,135.0,133.6012985234649,6.674898879714306,5.0,False
1229,7,135.0,134.36564166427183,11.452973571386138,5.0,False
1229,8,135.0,134.94376257905114,2.9950494054267836,5.0,False
1229,9,135.0,134.43563862557403,3.537636651304325,5.0,False
1229,10,135.0,134.23575144372523,3.956373377019105,5.0,False
1229,11,135.0,133.68618812439036,6.4618744402147,5.0,False
1229,12,135.0,132.87687825413232,8.821319896102509,5.0,False
1229,13,130.0,132.04331036767192,9.475443595250454,0.0,False
1229,14,130.0,130.65834914292273,13.149566106760943,0.0,False
1229,15,130.0,129.1802110561621,10.187915856177469,0.0,False
1229,16,130.0,128.19212604367772,8.755082612313274,0.0,False
1230,0,150.0,147.7004882109216,10.489783483740098,0.0,False
1230,1,150.0,146.37953947948162,12.858158375547902,0.0,False
1230,2,145.0,146.10882663336096,13.368385184298944,5.0,False
1230,3,145.0,145.77712131745923,12.498738492600012,5.0,False
1230,4,145.0,145.48167655709514,11.291925008673559,5.0,False
1230,5,145.0,146.16515786718887,12.215061199101598,5.0,False
1230,6,145.0,146.4025497019209,12.359487715319062,5.0,False
1230,7,145.0,146.56781474253634,12.359487715319062,5.0,False
1230,8,150.0,147.9209100968885,9.657075699337952,0.0,False
1230,9,150.0,147.6429440606422,9.251173411472905,0.0,False
1230,10,150.0,145.38968095786234,26.695501923897638,0.0,False
1230,11,150.0,141.63580112902875,29.73901037685566,0.0,False
1230,12,150.0,143.10112531380761,30.712881766441924,0.0,False
1230,13,150.0,142.89528054731605,30.712881766441924,0.0,False
1230,14,150.0,143.10813969100596,30.712881766441924,0.0,False
1230,15,150.0,142.9503958884025,30.712881766441924,0.0,False
1230,16,150.0,141.7088939677841,30.712881766441924,0.0,False
1231,0,130.0,129.18956148942982,11.790030619729094,0.0,False
1231,1,130.0,129.526757317229,11.869659183710624,0.0,False
1231,2,130.0,130.1266112839581,11.712924121429339,0.0,False
1231,3,130.0,130.7526671026216,9.824501034590313,0.0,False
1231,4,130.0,130.21752650146664,7.625313018116557,0.0,False
1231,5,130.0,128.90045900022952,9.005032314196654,0.0,False
1231,6,130.0,128.7838810215153,7.715282017618463,0.0,False
1231,7,130.0,130.04951719930685,8.848104893183347,0.0,False
1231,8,130.0,130.7766208038012,10.175656446938461,0.0,False
1231,9,130.0,112.55569647007786,136.05973686075203,0.0,False
1231,10,130.0,96.43683276610238,136.06946725139156,0.0,False
1231,11,130.0,80.37098980989896,136.06946725139156,0.0,False
1232,0,130.0,133.85465179571963,41.239870141644616,0.0,False
1232,1,130.0,131.27296274244037,12.165641516852958,0.0,False
1232,2,130.0,130.19993410703717,14.833343058287781,0.0,False
1232,3,130.0,129.55104073155502,8.871277017880942,0.0,False
1232,4,130.0,128.96308060471662,8.77902502824844,0.0,False
1232,5,130.0,128.7405988135603,10.94732315225734,0.0,False
1232,6,130.0,126.89805495785494,20.71858971590018,0.0,False
1232,7,130.0,125.790011778217,21.764749116546795,0.0,False
1232,8,125.0,123.00949362348585,18.38826723717385,5.0,False
1232,9,125.0,123.88251146625963,19.649812213385133,5.0,False
1232,10,125.0,127.10300692592757,42.46238077373232,5.0,False
1232,11,120.0,117.1771565194815,68.8174549607586,10.0,False
1232,12,115.0,110.27599669075799,71.29934825397082,15.0,False
1232,13,115.0,97.90324577286673,143.3272894872878,15.0,False
1232,14,115.0,82.23316721152543,143.32426271242662,15.0,False
1232,15,75.0,66.8147297163837,143.32426271242662,55.0,True
1233,0,130.0,131.05705057134608,6.647724114994844,5.0,False
1233,1,130.0,130.7241083136461,6.06427939990445,5.0,False
1233,2,130.0,130.3910874867118,7.610483534950546,5.0,False
1233,3,130.0,129.72475247126783,5.108652671196225,5.0,False
1233,4,130.0,132.08016777773753,19.218128245376946,5.0,False
1233,5,130.0,114.27599699379329,145.8953627144605,5.0,False
1233,6,130.0,97.59323128643247,145.8953627144605,5.0,False
1233,7,130.0,81.19015390982435,145.8953627144605,5.0,False
1233,8,130.0,75.33378119626546,145.8953627144605,5.0,False
1233,9,135.0,80.39495867395132,145.8953627144605,0.0,False
1233,10,140.0,81.55935816713423,145.8953627144605,5.0,False
1233,11,140.0,81.8862170356372,147.87966876639464,5.0,False
1233,12,115.0,77.90118578668213,139.20208278156943,20.0,False
1233,13,135.0,96.32079761918794,139.20208278156943,0.0,False
1233,14,140.0,114.22638001853196,141.88740596845557,5.0,False
1233,15,135.0,133.5490795145192,32.35000809702895,0.0,False
1233,16,140.0,134.6181787689519,32.550110381191516,5.0,False
1234,0,145.0,143.1125718987625,28.47506859361826,5.0,False
1234,1,145.0,140.71246175786456,25.200610517138898,5.0,False
1234,2,140.0,139.03119696466734,24.911882363125414,0.0,False
1234,3,140.0,135.82554345954392,38.5761215728308,0.0,False
1234,4,135.0,130.68455948572236,35.90070235474134,5.0,False
1234,5,135.0,127.83969539560475,37.55489411610969,5.0,False
1234,6,130.0,126.3528595448181,28.099393755176237,10.0,False
1234,7,130.0,125.86035770164104,28.099393755176237,10.0,False
1234,8,130.0,126.94361805158474,28.099393755176237,10.0,False
1234,9,135.0,128.92829835323982,35.22080820423548,5.0,False
1234,10,135.0,129.09079906565398,39.65363032924226,5.0,False
1234,11,140.0,134.50559491781493,38.14722593675792,0.0,False
1234,12,135.0,134.21998511603076,34.75327696488131,5.0,False
1234,13,135.0,134.67458041182653,34.75327696488131,5.0,False
1234,14,140.0,136.36879587929525,34.75327696488131,0.0,False
1234,15,140.0,133.07547230274642,38.36754944002287,0.0,False
1234,16,130.0,128.74373949384977,48.850719978657764,10.0,False
1235,0,125.0,127.01175171419192,12.916640104488053,5.0,False
1235,1,125.0,126.9846453529981,12.916640104488053,5.0,False
1235,2,125.0,126.52513248091185,12.916640104488053,5.0,False
1235,3,125.0,125.676897468492,33.7080698003611,5.0,False
1235,4,125.0,125.37128057601241,52.981359155099426,5.0,False
1235,5,125.0,123.55530181348625,34.39796620527676,5.0,False
1235,6,130.0,119.14273239460532,43.27668742764388,0.0,False
1235,7,125.0,118.37676859568809,40.40450876147112,5.0,False
1235,8,110.0,115.97568627732979,40.40450876147112,20.0,False
1235,9,110.0,114.78824624789192,40.40450876147112,20.0,False
1235,10,110.0,111.58207048019526,73.88767768418049,20.0,False
1235,11,115.0,113.24483418764227,40.017128606532495,15.0,False
1235,12,115.0,114.51352995851853,49.064693808854656,15.0,False
1235,13,120.0,119.27124425414833,56.87174606419694,10.0,False
1235,14,120.0,124.3442240489203,37.353168136721834,10.0,False
1235,15,135.0,128.8041676691075,70.4027309885794,5.0,False
1235,16,135.0,133.90214439578722,32.267722461959195,5.0,False
1236,0,145.0,145.28861441547517,21.823318339329717,5.0,False
1236,1,140.0,141.61368771747445,22.964181673869064,0.0,False
1236,2,140.0,138.26642237722578,27.511763740415248,0.0,False
1236,3,135.0,135.53892143336643,29.25364624217731,5.0,False
1236,4,135.0,132.4285355154688,34.225202211502335,5.0,False
1236,5,130.0,130.06821817377994,34.707201384512686,10.0,False
1236,6,125.0,128.9996756022937,34.70721350070252,15.0,False
1236,7,125.0,130.5270095308331,36.147385007771874,15.0,False
1236,8,125.0,132.07994068832912,42.86679814367409,15.0,False
1236,9,125.0,133.56695445052247,38.932304470201615,15.0,False
1236,10,120.0,128.46933845554867,54.87352243353578,20.0,False
1236,11,120.0,129.13974934066687,52.7362679823584,20.0,False
1236,12,125.0,128.35798493900214,52.7362679823584,15.0,False
1236,13,140.0,133.30246746901668,52.7362679823584,0.0,False
1236,14,145.0,134.2257264540611,52.7362679823584,5.0,False
1236,15,135.0,132.18535844640812,56.03160056301236,5.0,False
1236,16,140.0,129.04120829590838,42.934060225644885,0.0,False
1237,0,140.0,138.90486991252587,23.654454682344678,10.0,False
1237,1,140.0,131.59626467124667,55.32609805153061,10.0,False
1237,2,145.0,134.04252288965793,43.09367187628061,5.0,False
1237,3,145.0,135.298787141476,44.143569216720834,5.0,False
1237,4,150.0,137.57232707103103,45.25075666822039,0.0,False
1237,5,150.0,140.6991358828832,46.249093728039696,0.0,False
1237,6,150.0,142.46545813580096,47.94088528656732,0.0,False
1237,7,150.0,142.23491970575566,49.951671676915225,0.0,False
1237,8,150.0,141.04287997199847,156.13668616775712,0.0,False
1237,9,150.0,151.59085360467287,8.562668361433367,0.0,False
1237,10,155.0,152.25929500360294,10.879774043885675,5.0,False
1237,11,155.0,152.86503836913826,6.873217498455205,5.0,False
1237,12,150.0,152.1367111815913,7.642298081696595,0.0,False
1237,13,150.0,151.50485784926033,10.91242639036301,0.0,False
1237,14,150.0,145.68175880883237,62.492076253047216,0.0,False
1237,15,150.0,133.31212742970504,155.12340194306302,0.0,False
1237,16,150.0,110.46401491220425,155.13920855316965,0.0,False
1238,0,145.0,130.18697192517996,152.73784432818948,0.0,False
1238,1,145.0,143.5754960140401,38.70611518038481,0.0,False
1238,2,145.0,123.71791228585683,151.3747360816479,0.0,False
1238,3,150.0,108.2121054214243,151.3747360816479,5.0,False
1238,4,150.0,91.16255278925205,151.3747360816479,5.0,False
1238,5,140.0,93.87948918661333,144.4207787872224,5.0,False
1238,6,140.0,111.91618753705178,145.36909123205487,5.0,False
1238,7,140.0,136.3151594855587,145.4206653098354,5.0,False
1238,8,140.0,140.07629402341925,14.748186440323593,5.0,False
1238,9,140.0,136.71338901782053,34.32350496703154,5.0,False
1238,10,140.0,130.78299115067333,46.84315255578922,5.0,False
1238,11,140.0,129.53357618071672,42.08044754789678,5.0,False
1239,0,155.0,159.28714359566078,29.129851769897954,0.0,False
1239,1,155.0,157.38597483701653,13.745346489802102,0.0,False
1239,2,155.0,156.02350448255618,7.840663704150444,0.0,False
1239,3,155.0,154.6306297855973,11.42277643225512,0.0,False
1239,4,155.0,153.27302780188026,8.338009524708468,0.0,False
1239,5,155.0,153.38561227644817,7.592795294089228,0.0,False
1239,6,155.0,155.14912373082134,18.30126847676931,0.0,False
1239,7,155.0,156.34707698080734,19.085263788060246,0.0,False
1239,8,155.0,153.01415501273476,29.573754555532048,0.0,False
1239,9,150.0,149.74719056302803,35.32166882255959,5.0,False
1239,10,150.0,141.22043428434006,74.5774913189387,5.0,False
1239,11,145.0,139.4940551402058,54.291893546565575,10.0,False
1239,12,140.0,137.80133353659835,54.31399208673332,15.0,False
1239,13,130.0,133.9289839478898,55.84470524145877,25.0,False
1239,14,125.0,127.062568480291,48.461931061073756,30.0,False
1239,15,130.0,126.81877699065852,26.433788285769282,25.0,False
1239,16,135.0,127.5529827645617,31.82195007531044,20.0,False
1240,0,110.0,112.45582493357331,23.492460202445102,0.0,False
1240,1,110.0,111.44685746411754,25.9232083312138,0.0,False
1240,2,110.0,110.45437251911429,27.356836851961944,0.0,False
1240,3,110.0,113.0644731784967,27.047280443258202,0.0,False
1240,4,105.0,110.07730671321013,36.619797127036264,5.0,True
1240,5,105.0,106.57635842696787,22.08009244195206,5.0,True
1240,6,105.0,108.26114645726369,20.153549953435586,5.0,True
1240,7,110.0,110.90841011782062,25.132545663533094,0.0,False
1240,8,110.0,111.69256615511068,20.55394241382413,0.0,False
1240,9,120.0,115.57704409568609,24.428910309385827,10.0,False
1240,10,120.0,115.89376125106946,25.163319336913176,10.0,False
1240,11,120.0,118.1880036488288,34.55940224615597,10.0,False
1240,12,125.0,123.26753796136691,33.08094443294789,15.0,False
1240,13,120.0,122.02160683997153,36.663022114073854,10.0,False
1240,14,120.0,120.25214299026862,39.22477238269995,10.0,False
1240,15,120.0,120.25248269573439,39.22477238269995,10.0,False
1240,16,125.0,108.90764696471817,138.32042221566772,15.0,False
1241,0,140.0,114.50314674657623,151.35232976320967,0.0,False
1241,1,140.0,119.38797486863179,151.35232976320967,0.0,False
1241,2,140.0,116.06652757302717,151.35232976320967,0.0,False
1241,3,140.0,141.35601142805487,35.562906526809456,0.0,False
1241,4,140.0,126.94150205654927,162.67198433235984,0.0,False
1241,5,140.0,104.97081076855972,142.91382392915594,0.0,False
1241,6,135.0,99.33635331811666,142.91382392915594,5.0,False
1241,7,140.0,103.89532868717714,142.91382392915594,0.0,False
1241,8,140.0,104.52344053648594,144.90644777737467,0.0,False
1241,9,140.0,104.27687663624734,144.0444019352703,0.0,False
1241,10,140.0,105.04856901447911,145.20086983969782,0.0,False
1241,11,140.0,103.7414503248787,145.20440518976855,0.0,False
1241,12,140.0,121.68038168905531,145.198004223245,0.0,False
1241,13,140.0,140.7538783381966,11.632654129655663,0.0,False
1241,14,140.0,140.06126622769168,13.755486607409921,0.0,False
1241,15,140.0,140.16788330186492,14.683068603024793,0.0,False
1241,16,140.0,140.1233553842693,20.858078623689522,0.0,False
1242,0,130.0,106.7966042834385,136.64230650232602,0.0,False
1242,1,135.0,91.1255313509051,136.64230650232602,5.0,False
1242,2,130.0,74.0597018821395,136.64230650232602,0.0,False
1242,3,130.0,70.82341727391837,133.4938667281308,0.0,False
1242,4,130.0,87.20253280055171,133.4938667281308,0.0,False
1242,5,130.0,103.47505423734202,133.4938667281308,0.0,False
1242,6,130.0,122.86448586195814,133.5000288454652,0.0,False
1242,7,130.0,130.9681044688471,5.099460713220424,0.0,False
1242,8,130.0,129.72358903194876,8.683210705836473,0.0,False
1242,9,130.0,127.83453152212579,14.656660405765706,0.0,False
1242,10,130.0,125.73564267046987,19.409753202014514,0.0,False
1243,0,120.0,122.25760010260747,7.844089597741473,5.0,False
1243,1,120.0,121.24057632861407,6.053006725333788,5.0,False
1243,2,120.0,110.35775357286654,125.22594699578985,5.0,False
1243,3,120.0,91.82127972122035,123.20786481453175,5.0,False
1243,4,120.0,76.46310053139679,122.3661394779274,5.0,False
1243,5,130.0,73.29503896188135,137.95812572673398,5.0,False
1243,6,130.0,89.6227176795594,137.95812572673398,5.0,False
1243,7,130.0,104.72872197961938,137.95812572673398,5.0,False
1243,8,130.0,126.8083322687418,139.88739842994934,5.0,False
1243,9,130.0,115.97459232172568,134.36228830136537,5.0,False
1244,0,135.0,81.37886667573704,138.44094211807771,135.0,False
1244,1,135.0,97.03449835639917,138.2369753202284,135.0,False
1244,2,135.0,112.53425424865222,138.2369753202284,135.0,False
1244,3,135.0,133.46305342409053,15.85651493860803,135.0,False
1244,4,135.0,111.18075226383041,140.59171560882868,135.0,False
1244,5,130.0,94.37067516071237,140.59171560882868,130.0,False
1244,6,130.0,77.8459428330349,142.7859646392175,130.0,False
1245,0,135.0,134.10421713438515,15.591271988979841,0.0,False
1245,1,135.0,134.58061467628679,14.83532796170077,0.0,False
1245,2,135.0,136.09732521924505,12.015693250941382,0.0,False
1245,3,135.0,137.29072141349494,9.417876942883936,0.0,False
1245,4,135.0,137.46295623022763,9.613682666344374,0.0,False
1245,5,135.0,137.18955583859534,10.310068073304308,0.0,False
1245,6,135.0,136.30321989498984,7.215641656645062,0.0,False
1245,7,135.0,136.4708689281113,7.799829132492448,0.0,False
1245,8,140.0,137.81232571419707,9.454249265459964,5.0,False
1245,9,140.0,138.6457667600862,7.323861489698203,5.0,False
1245,10,140.0,138.02741074853782,7.323861489698203,5.0,False
1245,11,140.0,137.50121651719988,7.733761439152204,5.0,False
1245,12,135.0,136.63890485612856,9.070559730286135,0.0,False
1245,13,135.0,135.15823584671332,13.496523369687054,0.0,False
1245,14,135.0,134.64516090970466,13.88006196517567,0.0,False
1245,15,135.0,135.15654745381855,36.10797385880224,0.0,False
1245,16,135.0,130.88343490269293,21.970960387618433,0.0,False
1246,0,145.0,151.27637894661214,44.336929453772,5.0,False
1246,1,145.0,151.64063002760085,45.14326741664695,5.0,False
1246,2,145.0,145.8149911215018,92.89300529851944,5.0,False
1246,3,140.0,145.40931104661396,51.47918896495278,0.0,False
1246,4,140.0,139.65261532506338,18.305477139800274,0.0,False
1246,5,140.0,138.6652610496105,12.199066065465018,0.0,False
1246,6,140.0,135.63587277263025,21.34530271393038,0.0,False
1246,7,135.0,133.86204709278817,18.733887516147163,5.0,False
1246,8,135.0,133.58647129099197,21.358846566232884,5.0,False
1246,9,135.0,133.192438651845,57.12470045093501,5.0,False
1246,10,135.0,133.7134045404968,23.636290553716222,5.0,False
1246,11,130.0,133.4076750702443,23.636290553716222,10.0,False
1246,12,130.0,135.91033159345216,29.557143512195964,10.0,False
1246,13,130.0,133.42324705883462,27.34876804170989,10.0,False
1246,14,130.0,120.21500353096461,146.53068576163722,10.0,False
1246,15,135.0,103.9537026353736,144.41841977069524,5.0,False
1246,16,130.0,87.56791878010357,152.30443005040289,10.0,False
1247,0,135.0,134.92250809428717,13.06604199288337,0.0,False
1247,1,135.0,134.45313175068057,24.27314926054403,0.0,False
1247,2,140.0,130.75864164735478,36.75810836729379,5.0,False
1247,3,140.0,125.77884189950751,43.72623734566028,5.0,False
1247,4,140.0,121.9467873490587,42.40809804635863,5.0,False
1247,5,135.0,120.06462659382483,42.533723114595844,0.0,False
1247,6,105.0,119.57857296978715,39.826122519293634,30.0,True
1247,7,105.0,120.82179521063294,47.69344246976762,30.0,True
1247,8,105.0,122.00764120705678,50.90208082298123,30.0,True
1247,9,105.0,124.92964640775463,50.30871013308989,30.0,True
1247,10,135.0,128.10089423033244,52.077336583496646,0.0,False
1247,11,130.0,130.6860186775829,42.69415055448877,5.0,False
1247,12,130.0,133.36624965928024,33.771899378876114,5.0,False
1247,13,140.0,133.9539286831325,90.51489191534316,5.0,False
1247,14,140.0,115.7627200359093,148.73254074856584,5.0,False
1247,15,125.0,97.3684677232189,146.8227550625629,10.0,False
1248,0,140.0,138.607946756676,14.021139590480033,0.0,False
1248,1,140.0,138.41529514789872,12.805420792536893,0.0,False
1248,2,140.0,138.81213088091673,12.805420792536893,0.0,False
1248,3,140.0,139.8924341536166,12.805420792536893,0.0,False
1248,4,140.0,139.820374454074,12.805420792536893,0.0,False
1248,5,140.0,137.7998928473699,18.19794546891191,0.0,False
1248,6,140.0,137.7214737647021,10.574314292793048,0.0,False
1248,7,140.0,138.204463288197,11.899539728513673,0.0,False
1248,8,140.0,138.67464609740082,9.736229802783441,0.0,False
1248,9,140.0,137.9183547860615,9.634595715982954,0.0,False
1248,10,135.0,136.78616665450022,14.898379628720505,5.0,False
1248,11,135.0,135.22965694355003,13.836267419046862,5.0,False
1248,12,135.0,135.16229004345197,14.499823933251946,5.0,False
1248,13,135.0,136.3686950045165,11.58746237728775,5.0,False
1248,14,135.0,136.94481313516718,16.147376518228725,5.0,False
1248,15,135.0,136.7358116829912,13.23077277079841,5.0,False
1248,16,135.0,135.47913856725384,15.515759198869006,5.0,False
1249,0,135.0,129.06164905197792,33.45747939886756,0.0,False
1249,1,135.0,130.42785390789712,25.17613100425224,0.0,False
1249,2,135.0,127.43650549214465,25.429191663828348,0.0,False
1249,3,135.0,131.3586878262642,24.873205103729433,0.0,False
1249,4,135.0,133.38093267759305,25.353003598556356,0.0,False
1249,5,135.0,130.862951634978,25.353003598556356,0.0,False
1249,6,135.0,128.9095084914718,25.353003598556356,0.0,False
1249,7,135.0,130.50652946120806,25.353003598556356,0.0,False
1249,8,135.0,128.60525168298113,28.189185812294824,0.0,False
1249,9,135.0,128.41855010012216,41.64067789662403,0.0,False
1249,10,135.0,127.73590462923161,61.24242218706529,0.0,False
1249,11,130.0,124.1633047840396,61.21759438074882,5.0,False
1249,12,130.0,125.90520164339924,56.95923670292923,5.0,False
1249,13,130.0,128.10818819603784,58.848502915987766,5.0,False
1249,14,130.0,127.37861214076135,59.854376031246304,5.0,False
1249,15,130.0,118.00877232457661,65.13238232991195,5.0,False
1249,16,125.0,113.63635581277046,71.81514782710867,10.0,False
1250,0,120.0,119.15008291812141,9.009486491022159,0.0,False
1250,1,120.0,120.34214397808518,9.313580860050791,0.0,False
1250,2,120.0,120.72889611667745,18.62651268354263,0.0,False
1250,3,120.0,120.56818085475422,9.242045565903112,0.0,False
1250,4,120.0,120.4144853863487,9.336179789578168,0.0,False
1250,5,120.0,122.41915530089129,19.294854497365023,0.0,False
1250,6,125.0,122.8033180425623,9.30540701903395,5.0,False
1250,7,125.0,123.65765942588168,9.847236247808908,5.0,False
1250,8,125.0,125.17165182637792,9.47037076334766,5.0,False
1250,9,125.0,122.45253405147645,19.228036559970477,5.0,False
1250,10,120.0,121.96618784315152,18.073004647619186,0.0,False
1250,11,125.0,122.71964696922167,18.073004647619186,5.0,False
1250,12,125.0,124.04165499090368,24.8238373586576,5.0,False
1250,13,125.0,123.38184438223344,19.855416352040393,5.0,False
1250,14,120.0,120.98647116983169,24.031813951160885,0.0,False
1250,15,120.0,113.13643282283658,49.523840217106155,0.0,False
1250,16,120.0,109.98069093513296,52.13105039989583,0.0,False
1251,0,160.0,99.13859656504175,163.30778673684455,160.0,False
1251,1,160.0,91.7108917715599,165.27475207066226,160.0,False
1251,2,160.0,111.3629990442664,165.27475207066226,160.0,False
1251,3,160.0,132.01037570069465,165.27475207066266,160.0,False
1251,4,160.0,154.14216862188837,165.75038528910537,160.0,False
1251,5,160.0,124.60410936239789,165.05810263004525,160.0,False
1251,6,160.0,105.13894892883314,165.05450338588548,160.0,False
1251,7,160.0,84.72922171558164,165.04859898155618,160.0,False
1252,0,145.0,113.54937943372596,145.63377689788453,0.0,False
1252,1,145.0,138.66722169433197,145.63549704085816,0.0,False
1252,2,145.0,143.8772146455593,3.0941926070559873,0.0,False
1252,3,145.0,144.225351783948,4.866485349855736,0.0,False
1252,4,145.0,145.21551980931883,8.236179819983562,0.0,False
1252,5,145.0,145.96513662932136,6.745158734652108,0.0,False
1252,6,145.0,146.4743587014854,6.868260749408677,0.0,False
1252,7,145.0,146.9996375053217,6.886320034630472,0.0,False
1252,8,145.0,147.4665277332868,7.675358344649112,0.0,False
1252,9,150.0,147.83898819104178,6.455753882993207,5.0,False
1252,10,150.0,124.45270670383204,150.03530361049002,5.0,False
1252,11,150.0,105.97953842925527,150.0716365249418,5.0,False
1252,12,150.0,96.29118591514911,149.83521417189291,5.0,False
1252,13,145.0,99.43223027675165,150.15369876375635,0.0,False
1252,14,145.0,99.02736902476755,148.73639084851968,0.0,False
1252,15,145.0,99.63026091638446,153.4165809551039,0.0,False
1253,0,140.0,142.12729530317807,14.373905748340064,5.0,False
1253,1,140.0,140.64329591999962,12.969909795804597,5.0,False
1253,2,140.0,139.9219978269768,10.802388786328407,5.0,False
1253,3,140.0,119.99373070345908,145.33817011529595,5.0,False
1253,4,140.0,101.8303883886529,142.79640035067078,5.0,False
1253,5,135.0,84.09834750621165,142.79640035067078,10.0,False
1253,6,145.0,89.47541758860037,148.50038020544318,0.0,False
1253,7,145.0,107.62169728261023,148.50038020544318,0.0,False
1253,8,145.0,125.37443292070117,148.50038020544318,0.0,False
1253,9,145.0,145.52199384347074,9.013627859167883,0.0,False
1253,10,145.0,145.62544001385993,9.676709544696678,0.0,False
1253,11,145.0,146.99382760892743,18.94961594972861,0.0,False
1254,0,135.0,133.40283126827907,3.3692571404884006,0.0,False
1254,1,135.0,133.03030110038017,2.165034891588249,0.0,False
1254,2,135.0,132.69459694339182,2.2990581023096865,0.0,False
1254,3,130.0,132.41194428820995,2.5977301612772976,5.0,False
1254,4,130.0,114.1786231996607,133.81671596110172,5.0,False
1254,5,130.0,97.62778686694239,133.81671596110172,5.0,False
1254,6,130.0,81.09567439260509,133.81671596110172,5.0,False
1254,7,135.0,83.02536951446025,135.09930612578117,0.0,False
1254,8,130.0,82.50908731522341,135.09936318854554,5.0,False
1254,9,115.0,78.40324989411363,135.09936318854554,20.0,False
1254,10,80.0,67.14171138350608,135.10172008885505,55.0,True
1254,11,85.0,66.787102185741,135.0986090798603,50.0,True
1254,12,90.0,79.24604035934344,135.0986090798603,45.0,True
1254,13,100.0,93.4014181995009,135.10075947574413,35.0,True
1254,14,100.0,101.79032724612853,54.33264477514152,35.0,True
1254,15,90.0,94.33892144170072,38.42075692584777,45.0,True
1254,16,85.0,88.96351869411487,32.45783707537447,50.0,True
1255,0,135.0,136.62097000403193,10.902790409929963,0.0,False
1255,1,135.0,135.52992711836205,14.044297668797753,0.0,False
1255,2,135.0,133.4327313451645,13.90938107527164,0.0,False
1255,3,130.0,132.24964944967465,8.51583184612889,5.0,False
1255,4,130.0,131.50524360989374,6.665928766912231,5.0,False
1255,5,130.0,131.55242296322373,6.902076156323261,5.0,False
1255,6,135.0,132.45525532226654,10.341488986047693,0.0,False
1255,7,135.0,133.30667859329063,10.48458632975499,0.0,False
1255,8,135.0,133.0820781628093,10.48458632975499,0.0,False
1255,9,135.0,133.66939162602654,11.971726223051931,0.0,False
1255,10,135.0,133.3847476425084,12.03098218538942,0.0,False
1255,11,135.0,132.18762083709956,17.43855020311578,0.0,False
1255,12,130.0,130.86116467682842,18.17460065501551,5.0,False
1255,13,130.0,129.29295305758447,20.314189033880027,5.0,False
1255,14,125.0,126.48854999902551,17.00893521767067,10.0,False
1255,15,125.0,124.27297148840208,26.695286588953252,10.0,False
1255,16,125.0,113.39719258991599,137.49176892949137,10.0,False
1256,0,115.0,110.3863732392532,24.535377401378568,5.0,False
1256,1,115.0,113.1357524250656,22.302012876528153,5.0,False
1256,2,120.0,115.026421833427,22.302012876528153,0.0,False
1256,3,120.0,116.30042998493946,22.725504071070404,0.0,False
1256,4,120.0,120.58790443244754,7.904031032393291,0.0,False
1256,5,120.0,121.55868187127446,9.287321699018932,0.0,False
1256,6,120.0,121.85597852365684,8.647048649351191,0.0,False
1256,7,120.0,123.28863990489025,21.9833054075997,0.0,False
1256,8,125.0,123.11217934031986,14.793784520833341,5.0,False
1256,9,125.0,123.19209951854612,16.144260443685013,5.0,False
1256,10,125.0,123.5005661213024,12.974223040976483,5.0,False
1256,11,125.0,123.04147256107225,24.618448125182,5.0,False
1256,12,120.0,120.02413547309149,28.731824442071755,0.0,False
1256,13,120.0,113.6715163590986,60.50712658220914,0.0,False
1256,14,120.0,109.91393798667951,67.43491423679713,0.0,False
1256,15,115.0,105.45407618025632,50.6160373491861,5.0,False
1256,16,110.0,103.60809855732904,48.296219356725615,10.0,False
1257,0,135.0,136.86692813445518,9.701673551015375,0.0,False
1257,1,135.0,137.38374095264035,6.112712188780932,0.0,False
1257,2,140.0,137.3566739260324,6.437525625668741,5.0,False
1257,3,135.0,136.96982464203415,5.065721463890611,0.0,False
1257,4,135.0,136.3603311470095,3.2721703204411483,0.0,False
1257,5,135.0,135.4663488266961,6.390523365085301,0.0,False
1257,6,135.0,134.12017153983138,10.395511696206881,0.0,False
1257,7,130.0,132.25341763562258,13.836430742968801,5.0,False
1257,8,130.0,130.55915797616672,15.916859033283842,5.0,False
1257,9,130.0,129.77067682609413,14.986750775428135,5.0,False
1257,10,130.0,129.94617624140574,15.479334214664505,5.0,False
1257,11,130.0,128.41608460646972,12.755428903713494,5.0,False
1257,12,125.0,127.69136388368013,12.13427355687162,10.0,False
1257,13,125.0,126.816160786944,12.13427355687162,10.0,False
1257,14,125.0,127.909756539472,12.134168908985828,10.0,False
1257,15,130.0,124.45597386957061,35.60850705363221,5.0,False
1257,16,130.0,119.12294011367975,134.38806961042198,5.0,False
1258,0,150.0,146.6375150513285,29.89362014340807,5.0,False
1258,1,150.0,146.9129433799649,21.371214352350364,5.0,False
1258,2,150.0,146.45997679250766,25.89453899149919,5.0,False
1258,3,150.0,148.4374942174421,24.336483061386986,5.0,False
1258,4,150.0,145.7139905069966,27.352535684086916,5.0,False
1258,5,145.0,142.88919853357166,31.16885091622585,0.0,False
1258,6,135.0,139.63181943733366,40.01723466014114,10.0,False
1258,7,135.0,139.23768815770964,35.803373357041025,10.0,False
1258,8,130.0,138.3668148197374,35.803373357041025,15.0,False
1258,9,130.0,136.38671076138039,36.22252540623445,15.0,False
1258,10,130.0,129.23488722922025,44.08396765681981,15.0,False
1258,11,130.0,128.46180211600156,31.86235920791472,15.0,False
1258,12,130.0,132.2297843187428,38.4999857413504,15.0,False
1258,13,140.0,134.37133685194786,40.13424077888314,5.0,False
1258,14,145.0,132.0993815680985,154.6919720055109,0.0,False
1258,15,130.0,111.03498312785756,154.67110459853225,15.0,False
1258,16,120.0,94.72039948960368,154.66579666687494,25.0,False
1259,0,115.0,113.92061682789863,7.795011222954841,0.0,False
1259,1,115.0,112.78638545720965,11.788047323612162,0.0,False
1259,2,110.0,111.3298072486573,10.72891287844763,5.0,False
1259,3,110.0,111.68527889330251,10.21507833375746,5.0,False
1259,4,110.0,112.10998703517795,10.685317748005659,5.0,False
1259,5,110.0,112.15571833392463,10.478123235238755,5.0,False
1259,6,115.0,112.8908303622073,12.21723840416358,0.0,False
1259,7,115.0,112.78845365533765,12.21723840416358,0.0,False
1259,8,115.0,112.74525184376992,18.42191198515407,0.0,False
1259,9,115.0,114.4345362002323,11.172467059188321,0.0,False
1259,10,115.0,115.20767215727241,20.19583238526677,0.0,False
1259,11,115.0,116.40348154686319,7.786145733371384,0.0,False
1259,12,115.0,113.94200138441593,17.23671583061514,0.0,False
1259,13,115.0,113.57725917633503,15.299751640031673,0.0,False
1259,14,110.0,111.62903890914143,19.963953155267234,5.0,False
1259,15,110.0,110.8208886066714,15.299751640031673,5.0,False
1259,16,105.0,92.33297124291084,120.53256059115648,10.0,True
1260,0,150.0,107.93451615303186,159.8960779187915,10.0,False
1260,1,145.0,106.81533784159033,159.8960779187915,5.0,False
1260,2,145.0,102.40032643232229,159.89958836699017,5.0,False
1260,3,140.0,110.28069072574624,159.88168508130192,0.0,False
1260,4,140.0,127.42741358379314,159.87043573043948,0.0,False
1260,5,140.0,142.54031494995104,24.066257724967045,0.0,False
1260,6,140.0,139.64100521600068,18.703769401751003,0.0,False
1260,7,140.0,137.5895548595958,4.857852590110468,0.0,False
1260,8,135.0,136.88194949348375,6.704280194030133,5.0,False
1260,9,135.0,135.8442330741933,6.6084710499963535,5.0,False
1260,10,135.0,135.5297661266909,6.953383779262367,5.0,False
1260,11,135.0,134.88237753641258,6.953383779262367,5.0,False
1260,12,135.0,134.43654673004698,7.000888581287882,5.0,False
1260,13,135.0,134.8881608365149,7.5531288601322615,5.0,False
1260,14,135.0,135.1784492308661,8.164382859581508,5.0,False
1260,15,135.0,135.8491746028557,8.465571059537979,5.0,False
1260,16,135.0,136.4394153674671,8.098231282024756,5.0,False
1261,0,125.0,126.55146483238175,10.403957504689728,5.0,False
1261,1,125.0,125.2545886467931,11.034652347566322,5.0,False
1261,2,125.0,124.03552660781789,8.372685566555106,5.0,False
1261,3,125.0,123.10432230531136,9.557209829971626,5.0,False
1261,4,120.0,121.88437935568776,7.621882043076852,0.0,False
1261,5,120.0,120.66383024670506,7.38567829795808,0.0,False
1261,6,120.0,120.0908409885535,7.012759214036365,0.0,False
1261,7,120.0,119.19845500476312,5.21785731916485,0.0,False
1261,8,120.0,118.33207708183244,8.606855926010226,0.0,False
1261,9,120.0,115.43323353899191,39.30172338657373,0.0,False
1261,10,120.0,115.20172692749684,67.10857158427724,0.0,False
1261,11,120.0,104.70076914346556,39.745575360298545,0.0,False
1261,12,115.0,107.32991494373421,68.90101419123648,5.0,False
1261,13,115.0,104.0053037581988,38.534646926274476,5.0,False
1261,14,115.0,102.06206799347112,37.696636095306886,5.0,False
1262,0,130.0,116.75487258620733,136.96323732266393,0.0,False
1262,1,130.0,129.55036343405956,18.405113578597437,0.0,False
1262,2,135.0,131.73097367952664,16.21675821961341,5.0,False
1262,3,135.0,132.75260648450558,9.535385339596289,5.0,False
1262,4,135.0,132.40009352920865,11.530251900639456,5.0,False
1262,5,130.0,132.28017079687237,10.922538026490187,0.0,False
1262,6,130.0,131.09117426669658,11.884383511502108,0.0,False
1262,7,130.0,129.8500060330566,8.799158879469928,0.0,False
1262,8,130.0,129.23677795623826,8.799024963787247,0.0,False
1262,9,130.0,129.32627015024337,10.508591718833543,0.0,False
1262,10,130.0,128.39699329554279,6.211190644798506,0.0,False
1262,11,130.0,128.65348932934148,6.238378899423779,0.0,False
1262,12,130.0,108.12369369206479,131.75420316859763,0.0,False
1262,13,130.0,92.13941195374167,131.7542031685981,0.0,False
1262,14,130.0,76.1200177516141,131.7542031685981,0.0,False
1263,0,145.0,143.16447893550188,6.2647090934270295,0.0,False
1263,1,145.0,143.4886701138203,8.569007447362736,0.0,False
1263,2,145.0,144.2915512818588,9.387562869784745,0.0,False
1263,3,145.0,145.17094937142258,8.629203341471367,0.0,False
1263,4,145.0,146.98798120109336,13.19345390565445,0.0,False
1263,5,150.0,149.012234755386,13.973058589342003,5.0,False
1263,6,150.0,151.20044837073817,17.931815914388523,5.0,False
1263,7,155.0,153.3392931493324,16.052264501104077,10.0,False
1263,8,155.0,153.83343040074885,14.72278802941642,10.0,False
1263,9,150.0,152.9416522618856,16.226853122426746,5.0,False
1263,10,150.0,153.1696261683752,15.772568530515201,5.0,False
1263,11,155.0,153.88460234033482,15.772568530515201,10.0,False
1263,12,150.0,153.1918432381267,15.772568530515201,5.0,False
1263,13,150.0,153.06172775512889,17.852479400782357,5.0,False
1263,14,150.0,148.3928802324064,35.9606224525873,5.0,False
1263,15,150.0,142.05620709531425,51.96890438632941,5.0,False
1263,16,150.0,136.31954551328894,56.582167960061724,5.0,False
1264,0,160.0,162.129068660764,4.925551702358291,5.0,False
1264,1,160.0,161.06818557343095,10.693678805624756,5.0,False
1264,2,160.0,160.11245203051377,9.507986108437166,5.0,False
1264,3,160.0,158.74394900604767,9.769007706437606,5.0,False
1264,4,160.0,157.78617793094128,8.182998955929378,5.0,False
1264,5,155.0,156.30953210822835,11.396530901519725,0.0,False
1264,6,155.0,154.50606517269915,16.426033418905405,0.0,False
1264,7,155.0,152.01998580439778,22.263354340697873,0.0,False
1264,8,150.0,149.33604228145677,15.564406075511187,5.0,False
1264,9,145.0,147.44069453323348,16.25585303313423,10.0,False
1264,10,145.0,145.09043622301118,17.88466639235375,10.0,False
1264,11,140.0,142.32907592621206,20.52258607010839,15.0,False
1264,12,140.0,139.96728585928844,13.935447838002176,15.0,False
1264,13,140.0,137.91231751415165,12.747811547973726,15.0,False
1264,14,135.0,135.7789720448636,14.231557125932241,20.0,False
1264,15,135.0,121.40088120486338,141.13654813339633,20.0,False
1264,16,135.0,102.2169748731406,140.2107575500394,20.0,False
1265,0,135.0,137.29960216594293,18.13413176182678,5.0,False
1265,1,135.0,134.77126457201695,47.92680135653595,5.0,False
1265,2,135.0,135.8769943964776,14.363343322059592,5.0,False
1265,3,135.0,134.10106993473266,21.090136432311496,5.0,False
1265,4,135.0,130.96012499037798,36.34457955081885,5.0,False
1265,5,135.0,128.83817977187593,32.521238055801575,5.0,False
1265,6,135.0,128.81817414311197,32.521238055801575,5.0,False
1265,7,125.0,126.44320669937447,32.521238055801575,5.0,False
1265,8,130.0,124.94275654959152,41.02600504820637,0.0,False
1265,9,130.0,125.5117480528733,32.9820355266788,0.0,False
1265,10,125.0,122.78188453911633,20.929049105831012,5.0,False
1265,11,125.0,122.7611106526093,22.564090065342555,5.0,False
1265,12,125.0,125.63183135651494,15.246229052532343,5.0,False
1265,13,125.0,126.57777354013211,22.79113381554005,5.0,False
1265,14,125.0,113.96355591607505,132.84001224863414,5.0,False
1265,15,130.0,98.0682057948031,132.83800067250334,0.0,False
1265,16,125.0,83.07478060239862,132.88999618471715,5.0,False
1266,0,145.0,137.35615650433527,42.478399834493686,5.0,False
1266,1,145.0,136.72101258050643,42.03443930003614,5.0,False
1266,2,145.0,136.45136525458238,40.421292799818914,5.0,False
1266,3,145.0,136.98515650731616,40.99939500024614,5.0,False
1266,4,145.0,136.5050209300646,40.67971190293598,5.0,False
1266,5,145.0,135.11666991466393,44.983666156023446,5.0,False
1266,6,145.0,140.8235451730565,40.8441198076132,5.0,False
1266,7,150.0,145.23655608340803,28.627854262392418,0.0,False
1266,8,150.0,123.22340002836688,150.88869982393277,0.0,False
1266,9,150.0,106.23241193074192,151.2847238682297,0.0,False
1266,10,150.0,87.36573846330495,150.88884418742632,0.0,False
1267,0,125.0,124.21001226275766,11.640184447468073,0.0,False
1267,1,125.0,125.1714415836373,10.89371897040705,0.0,False
1267,2,125.0,124.91119343039807,13.495242551547847,0.0,False
1267,3,125.0,123.93599293722669,14.204555119529005,0.0,False
1267,4,125.0,123.83592982436954,13.051960284919858,0.0,False
1267,5,125.0,124.20739737147044,13.051960284919858,0.0,False
1267,6,125.0,124.08070004318887,13.190151898282949,0.0,False
1267,7,125.0,122.88173459416934,12.383412622858856,0.0,False
1267,8,125.0,122.3896744984026,9.73940964390394,0.0,False
1267,9,120.0,122.3052896209977,11.780681354479526,5.0,False
1267,10,125.0,123.82674036549604,7.967485151717241,0.0,False
1267,11,125.0,123.00226541157703,12.139425418506107,0.0,False
1267,12,125.0,124.03355810948105,19.214735995755433,0.0,False
1267,13,125.0,103.34269737791774,133.78114009239172,0.0,False
1267,14,125.0,87.65654459957578,133.78114009235347,0.0,False
1268,0,155.0,102.07418467730463,154.9545425050532,5.0,False
1268,1,150.0,83.46859555579658,152.0173651738514,0.0,False
1268,2,150.0,102.17276961966488,152.0173651738514,0.0,False
1268,3,150.0,120.76616776290643,152.0173651738514,0.0,False
1268,4,150.0,148.0357711347247,54.06946675708275,0.0,False
1268,5,150.0,149.3070443098781,7.050331909431435,0.0,False
1268,6,150.0,148.7159811952015,8.464760033675333,0.0,False
1268,7,150.0,135.20863666970556,152.6645066399503,0.0,False
1268,8,150.0,113.94324498424159,150.6365136154317,0.0,False
1268,9,145.0,95.19622926823894,150.2389461804632,5.0,False
1268,10,145.0,76.44570915097894,149.36823723405004,5.0,False
1269,0,150.0,150.51543858297043,38.950422024577364,0.0,False
1269,1,150.0,152.93356736274126,27.65107836387199,0.0,False
1269,2,150.0,150.52738398046412,29.583428123690453,0.0,False
1269,3,150.0,147.4623032831094,29.052484598205723,0.0,False
1269,4,150.0,147.8367293837042,7.754227903596814,0.0,False
1269,5,150.0,148.6596622217273,5.0211758037181085,0.0,False
1269,6,150.0,149.63647547083454,11.008930080512954,0.0,False
1269,7,150.0,150.48533036821317,10.615077334594218,0.0,False
1269,8,150.0,150.78768692192077,10.786367043567282,0.0,False
1269,9,150.0,151.6695879042843,10.899911699276004,0.0,False
1269,10,150.0,149.9039538643884,31.570373702344256,0.0,False
1269,11,155.0,142.9261515136364,56.83513036834576,5.0,False
1269,12,155.0,138.9099687893402,57.465484896425465,5.0,False
1269,13,155.0,139.84411325960764,57.465484896425465,5.0,False
1269,14,150.0,139.07768130057187,57.465484896425465,0.0,False
1269,15,150.0,137.2575221639992,57.465484896425465,0.0,False
1269,16,145.0,114.52480724170572,158.38627552488325,5.0,False
1270,0,130.0,127.21510665695605,146.94496978658952,0.0,False
1270,1,125.0,123.69643182686261,130.6784365916923,5.0,False
1270,2,125.0,116.57368668070679,130.62442595814935,5.0,False
1270,3,125.0,126.7889403652027,10.19535104843986,5.0,False
1270,4,125.0,126.70765254850286,9.104273128627383,5.0,False
1270,5,130.0,127.14562680161656,11.379440369495299,0.0,False
1270,6,130.0,128.29807346177424,12.813181108401992,0.0,False
1270,7,130.0,129.49737207396942,16.708916850581417,0.0,False
1270,8,130.0,128.84834267601533,69.19650591035162,0.0,False
1270,9,130.0,132.77570853090495,7.750958162406221,0.0,False
1270,10,135.0,133.68410463148626,6.775894878572672,5.0,False
1270,11,135.0,130.5161261785791,51.172432950533704,5.0,False
1270,12,135.0,132.65128702078815,17.572421254912925,5.0,False
1270,13,135.0,128.2433449856152,44.77170382152558,5.0,False
1270,14,130.0,123.3963255994281,55.225002467218815,0.0,False
1270,15,130.0,123.89525670303563,55.101706268667726,0.0,False
1270,16,130.0,127.81663017082984,79.18649250030575,0.0,False
1271,0,140.0,141.12800790904726,8.523884463330916,0.0,False
1271,1,140.0,140.30488619256678,8.253147011468798,0.0,False
1271,2,140.0,139.46071271778288,8.507870315756122,0.0,False
1271,3,140.0,139.0719958636448,8.507870315756122,0.0,False
1271,4,140.0,138.73103101246772,8.507870315756122,0.0,False
1271,5,140.0,138.1968503823727,8.062040565418187,0.0,False
1271,6,140.0,137.7685652995177,6.87023332458071,0.0,False
1271,7,135.0,137.1769152646086,4.935240267618923,5.0,False
1271,8,135.0,136.91599134024588,6.129386218576087,5.0,False
1271,9,135.0,136.84291552646613,6.301942012734571,5.0,False
1271,10,135.0,135.8144626373929,10.872154451607912,5.0,False
1271,11,135.0,132.02256627365784,41.829727684444265,5.0,False
1271,12,135.0,131.70367553297157,20.3414202270133,5.0,False
1271,13,130.0,124.13415996105687,46.75365152422221,10.0,False
1271,14,130.0,122.73725918348849,39.76005166722683,10.0,False
1271,15,130.0,115.59402375476765,134.85674426619968,10.0,False
1271,16,125.0,89.5482296174321,133.8056798026033,15.0,False
1272,0,140.0,141.3097092113326,27.244323705237562,10.0,False
1272,1,140.0,139.3840058290807,26.60869723522208,10.0,False
1272,2,135.0,135.85122627834977,30.074112154287192,5.0,False
1272,3,135.0,132.83090897162188,30.312483912573484,5.0,False
1272,4,135.0,126.44168197877956,59.70248650903008,5.0,False
1272,5,130.0,127.08741965469657,33.412745230054085,0.0,False
1272,6,125.0,123.89836651071624,30.252443484460784,5.0,False
1272,7,125.0,123.64996357107572,24.697568381477723,5.0,False
1272,8,125.0,120.05139399439906,38.899411533940125,5.0,False
1272,9,120.0,113.5734522630818,42.86162465345737,10.0,False
1272,10,120.0,111.75085489223697,44.278888686906996,10.0,False
1272,11,125.0,110.601729982228,49.04796311232778,5.0,False
1272,12,125.0,114.38340398272898,44.988479170861694,5.0,False
1272,13,125.0,114.13110470463488,44.988479170861694,5.0,False
1272,14,125.0,112.49922160809659,44.988479170861694,5.0,False
1272,15,110.0,99.96187411613185,128.0454582102439,20.0,False
1272,16,110.0,99.48628410980848,65.06311234225444,20.0,False
1273,0,125.0,107.78732155983846,48.687656766773486,5.0,False
1273,1,125.0,106.53731202342688,50.58014828977541,5.0,False
1273,2,130.0,113.87064800007116,50.20945066654451,0.0,False
1273,3,130.0,119.87325696697395,48.54119603206182,0.0,False
1273,4,130.0,127.34649627935976,32.49665575857705,0.0,False
1273,5,130.0,130.30699687188488,27.34064756603395,0.0,False
1273,6,135.0,132.54559400545807,12.865192027852899,5.0,False
1273,7,135.0,124.88280345414081,138.31205384882514,5.0,False
1273,8,135.0,106.13878862386652,138.31445808202324,5.0,False
1273,9,135.0,110.74859921112659,138.31445808202324,5.0,False
1273,10,130.0,109.36920236487104,138.31445808202324,0.0,False
1273,11,130.0,108.11790044220972,138.31445808202324,0.0,False
1273,12,130.0,107.25938152240865,140.76182604786732,0.0,False
1273,13,130.0,106.39117157214096,136.6971760057885,0.0,False
1273,14,125.0,99.97630744502091,130.6642663392487,5.0,False
1273,15,125.0,120.4877594600304,130.6672886903401,5.0,False
1273,16,125.0,125.33082597443278,13.292834509716272,5.0,False
1274,0,140.0,132.2806512881717,59.196764166086254,0.0,False
1274,1,140.0,127.11673921586844,66.9495828689706,0.0,False
1274,2,140.0,122.79026439262208,45.43393839998602,0.0,False
1274,3,130.0,122.01446506580035,46.49887297645877,10.0,False
1274,4,130.0,120.45390151829774,41.736188537409944,10.0,False
1274,5,135.0,125.82119854197532,53.75111784825282,5.0,False
1274,6,135.0,127.33327236900436,51.69690028538484,5.0,False
1274,7,135.0,128.0789795384093,51.69690028538484,5.0,False
1274,8,135.0,133.0007325785467,50.63017138248006,5.0,False
1274,9,135.0,133.71465755545532,51.156501332726464,5.0,False
1274,10,140.0,138.2465685901965,27.419930900319997,0.0,False
1274,11,135.0,136.93901858727725,27.417510203035988,5.0,False
1274,12,135.0,132.7380536466023,34.20990713873057,5.0,False
1274,13,130.0,125.78869071684986,60.07642581253411,10.0,False
1274,14,140.0,134.84451040241393,60.99211142013972,0.0,False
1274,15,135.0,118.67330802372531,152.47212099951267,5.0,False
1274,16,130.0,102.97694835425919,152.4836165419976,10.0,False
1275,0,145.0,139.7087208453558,41.62064020867845,5.0,False
1275,1,145.0,139.19701468193117,41.62064020867845,5.0,False
1275,2,145.0,139.07966069024454,41.77260551902535,5.0,False
1275,3,145.0,144.72688194973955,8.196014846091913,5.0,False
1275,4,145.0,145.55996661801237,9.813993124586773,5.0,False
1275,5,145.0,147.2134333525821,18.78054998602221,5.0,False
1275,6,145.0,147.25577516835727,12.5855414963643,5.0,False
1275,7,145.0,148.9231651414108,25.608490857709484,5.0,False
1275,8,150.0,151.5987154267679,23.805495868201916,0.0,False
1275,9,155.0,153.54569936228816,19.81562717345625,5.0,False
1275,10,155.0,154.34542865868002,17.009455072693186,5.0,False
1275,11,155.0,154.7513323192884,16.36725017990753,5.0,False
1275,12,155.0,155.6645652886522,13.973463960645404,5.0,False
1275,13,155.0,154.9108812566475,16.037762286578698,5.0,False
1275,14,155.0,155.66310036683012,16.734270550457808,5.0,False
1275,15,155.0,151.4032665902811,20.96329551655242,5.0,False
1275,16,150.0,147.8527923004831,23.908586915197162,0.0,False
1276,0,135.0,133.55760668771268,22.48706652658437,0.0,False
1276,1,130.0,133.31439723583316,32.26119318121921,5.0,False
1276,2,130.0,130.49640163916308,12.425542007058382,5.0,False
1276,3,130.0,131.85155525281604,15.350626817663724,5.0,False
1276,4,130.0,131.20374414406297,14.293524522569541,5.0,False
1276,5,130.0,130.31655972382597,14.293524522569541,5.0,False
1276,6,130.0,129.61869552208563,14.438277780138165,5.0,False
1276,7,130.0,128.60764306126964,31.298405219025327,5.0,False
1276,8,130.0,131.11221922636844,16.049240013365463,5.0,False
1276,9,135.0,134.69653846578785,24.666363661112413,0.0,False
1276,10,135.0,136.62553573749193,28.351535571653912,0.0,False
1276,11,140.0,137.8506591779381,26.50904151018939,5.0,False
1276,12,150.0,139.99247741519363,29.749402661803444,15.0,False
1276,13,150.0,143.83636025625074,30.865681368511986,15.0,False
1276,14,150.0,144.95429010809363,38.79625880031632,15.0,False
1276,15,150.0,148.08586938710692,15.357299936041983,15.0,False
1276,16,150.0,147.96897721881777,14.864840931187558,15.0,False
1277,0,130.0,133.6403499622544,17.036617953610147,0.0,False
1277,1,130.0,133.62794368468406,18.970064619962685,0.0,False
1277,2,135.0,134.69316407830357,15.960477007660643,5.0,False
1277,3,135.0,134.8342581214646,17.31502142546529,5.0,False
1277,4,135.0,126.06043248963006,145.90512901488552,5.0,False
1277,5,135.0,105.9737131729238,145.89079238410991,5.0,False
1277,6,135.0,89.3347203011711,158.26646939344008,5.0,False
1277,7,135.0,70.82825379272903,135.22461897796836,5.0,False
1278,0,160.0,94.67258083716905,167.2686651627807,20.0,False
1278,1,160.0,114.59523816234794,167.2686651627807,20.0,False
1278,2,160.0,132.09795515890033,167.26866509414666,20.0,False
1278,3,160.0,156.24225339550262,42.732906815150216,20.0,False
1278,4,160.0,150.85759557829982,39.567553993865744,20.0,False
1278,5,160.0,146.23890556234238,38.32948606830249,20.0,False
1278,6,130.0,142.53613785842245,37.43760771871243,10.0,False
1278,7,130.0,139.47478404174487,37.43760771871243,10.0,False
1278,8,135.0,137.67683054199952,37.43760771871243,5.0,False
1278,9,135.0,134.7475798330909,21.131393662509993,5.0,False
1278,10,140.0,135.4533760609638,20.567174159837435,0.0,False
1278,11,140.0,135.85794429614057,22.981162450600948,0.0,False
1278,12,140.0,137.73689030138877,32.52155074250359,0.0,False
1278,13,140.0,139.49523919549222,12.934748042985376,0.0,False
1279,0,170.0,166.45545875108763,41.92329410849442,20.0,True
1279,1,170.0,168.9441997475783,36.083062379141154,20.0,True
1279,2,165.0,164.7229569203775,42.54526816504395,15.0,True
1279,3,165.0,159.1941190401896,30.67630829153154,15.0,True
1279,4,150.0,156.58635072256325,29.361854376121784,0.0,False
1279,5,150.0,154.40256191192307,30.667051130125458,0.0,False
1279,6,150.0,151.4179885088166,26.105522016407605,0.0,False
1279,7,150.0,148.86876142755986,15.003469458209224,0.0,False
1279,8,150.0,147.50196445221172,8.57449132155054,0.0,False
1279,9,150.0,148.46831403911133,11.971612157238411,0.0,False
1279,10,150.0,148.99361930153265,10.03804661609891,0.0,False
1279,11,150.0,149.57347723759207,7.532366569841713,0.0,False
1279,12,150.0,150.42459090946812,6.266584799633762,0.0,False
1279,13,150.0,149.24028620177162,10.310987452802863,0.0,False
1279,14,150.0,148.07257347415603,12.915301466245609,0.0,False
1279,15,145.0,147.42229451131615,14.2733647609966,5.0,False
1279,16,145.0,140.9683643506693,55.33415561079994,5.0,False
1280,0,125.0,84.64673613703224,125.38194767701808,0.0,False
1280,1,125.0,100.51542099611697,126.5131926047331,0.0,False
1280,2,125.0,123.86152856774204,6.594783142772243,0.0,False
1280,3,125.0,123.89472269287212,6.651398206732637,0.0,False
1280,4,125.0,123.84541263499443,10.30122961028917,0.0,False
1280,5,125.0,125.36574965837373,8.587678725753648,0.0,False
1280,6,125.0,125.853613875657,5.1055118474581604,0.0,False
1280,7,125.0,126.19347681540685,4.14938260554807,0.0,False
1280,8,125.0,126.56899181949365,4.12308307485381,0.0,False
1280,9,125.0,126.7653275761504,4.222787917164894,0.0,False
1280,10,125.0,127.3042139370153,3.3454791268876534,0.0,False
1280,11,130.0,127.86741010877095,3.1515517705660585,5.0,False
1280,12,130.0,128.07809380908847,3.7181496103563774,5.0,False
1280,13,130.0,128.44748154732955,5.563888615637907,5.0,False
1280,14,130.0,108.55854778709607,131.30339840979414,5.0,False
1280,15,130.0,92.8096697332112,131.30339840979414,5.0,False
1280,16,85.0,76.81921538710938,131.30339840979414,40.0,True
1281,0,135.0,134.60835876081572,142.40713027122246,0.0,False
1281,1,135.0,135.2734250608007,8.979112994294724,0.0,False
1281,2,135.0,134.4231229182455,8.14858208112625,0.0,False
1281,3,135.0,133.132946713401,7.286719134682528,0.0,False
1281,4,130.0,132.05649105435214,4.024892892940073,5.0,False
1281,5,130.0,131.8657139492732,6.425168984475533,5.0,False
1281,6,130.0,130.9518578679284,6.918707338408694,5.0,False
1281,7,130.0,130.4114424529867,6.203827004278153,5.0,False
1281,8,130.0,130.2311468608366,6.203827004278153,5.0,False
1281,9,130.0,129.96586610109892,5.614768211521309,5.0,False
1281,10,130.0,124.27877045424097,34.82310237280031,5.0,False
1281,11,130.0,127.8689816562683,32.46332765625104,5.0,False
1281,12,130.0,125.58415576167043,38.306528365942086,5.0,False
1281,13,130.0,123.84647308958414,51.48017474350485,5.0,False
1281,14,130.0,126.72688708409424,53.667843364255106,5.0,False
1281,15,135.0,128.09361550067425,52.993733763783496,0.0,False
1281,16,135.0,127.6197264255563,52.993733763783496,0.0,False
1282,0,130.0,124.47892093828753,27.676567124196126,5.0,False
1282,1,130.0,127.98828208119252,26.60137063814109,5.0,False
1282,2,130.0,131.16333759970783,17.079415630007915,5.0,False
1282,3,130.0,131.8719222858811,22.71464112008151,5.0,False
1282,4,130.0,130.3663481397017,16.610437387270878,5.0,False
1282,5,130.0,129.0299314549255,16.705677046980057,5.0,False
1282,6,125.0,128.375212100578,16.705677046980057,0.0,False
1282,7,125.0,129.1163195342419,20.266789096684008,0.0,False
1282,8,125.0,127.43787866217681,20.647557001823984,0.0,False
1282,9,125.0,124.46647750091675,29.188435021037975,0.0,False
1282,10,120.0,121.3990347543492,30.964457381727712,5.0,False
1282,11,120.0,119.27436257149645,36.60366907848935,5.0,False
1282,12,120.0,118.04021483141779,36.14128485067623,5.0,False
1282,13,115.0,115.9380801110533,36.14128485067623,10.0,False
1282,14,110.0,107.64220870065968,154.57727380829994,15.0,False
1282,15,110.0,89.16898867988998,121.1707537419066,15.0,False
1282,16,110.0,74.27882425244087,111.60559907677977,15.0,False
1283,0,150.0,150.74927507362108,8.09633654637949,0.0,False
1283,1,150.0,153.7540380183431,34.73179804288827,0.0,False
1283,2,150.0,149.92066623119166,8.133544427183722,0.0,False
1283,3,150.0,148.2979879363566,9.641893944355871,0.0,False
1283,4,150.0,147.59897405842085,8.80077050769816,0.0,False
1283,5,150.0,147.74763583019828,8.80077050769816,0.0,False
1283,6,150.0,145.2134899915297,26.17161387059707,0.0,False
1283,7,145.0,142.8016237793013,26.220503194632172,5.0,False
1283,8,145.0,144.14439719775356,55.38476789570585,5.0,False
1283,9,145.0,139.841427571108,24.169848848996182,5.0,False
1283,10,140.0,141.2112931342695,33.60531798161166,10.0,False
1283,11,140.0,141.9597286994485,28.864108826297027,10.0,False
1283,12,140.0,140.2722408308123,28.864108826297027,10.0,False
1283,13,140.0,140.6333334855955,29.4479292075971,10.0,False
1283,14,145.0,145.5474547480541,34.89792225797393,5.0,False
1283,15,150.0,147.15640030276214,46.191170228746046,0.0,False
1283,16,145.0,123.77335706958108,164.78976674365202,5.0,False
1284,0,130.0,99.32708557829848,135.6233796220043,0.0,False
1284,1,130.0,115.66633409626614,134.13089133389093,0.0,False
1284,2,130.0,131.12405158199653,11.170777459144517,0.0,False
1284,3,130.0,132.20045784788073,10.86912097113941,0.0,False
1284,4,135.0,133.22578770621118,8.175085123150126,5.0,False
1284,5,135.0,133.16447741560498,8.408193501799019,5.0,False
1284,6,135.0,132.9817791888247,8.56049675747758,5.0,False
1284,7,135.0,133.0295761502962,8.555832670271116,5.0,False
1284,8,135.0,124.41924034408997,137.17518826410537,5.0,False
1284,9,135.0,103.88605457406979,137.9136613973756,5.0,False
1284,10,130.0,86.70113583648647,136.3332499731261,0.0,False
1284,11,130.0,87.22227301035092,133.54359004208033,0.0,False
1284,12,105.0,81.64635681711917,133.34482585087687,25.0,True
1284,13,95.0,76.0347566320654,133.34482585087687,35.0,True
1284,14,100.0,75.19698603425468,133.7029026697457,30.0,True
1284,15,100.0,69.88079404791878,122.2031302899973,30.0,True
1284,16,100.0,83.48969761659252,125.867809418295,30.0,True
1285,0,125.0,71.87018738189896,132.6010510505499,5.0,False
1285,1,130.0,89.79661893564881,142.01662769947743,0.0,False
1285,2,130.0,105.7446822439766,141.70413492222454,0.0,False
1285,3,130.0,128.8375198024013,20.49445334009218,0.0,False
1285,4,130.0,129.16782089770481,20.32428062183908,0.0,False
1285,5,135.0,132.0897675524492,21.06295673664971,5.0,False
1285,6,135.0,132.15321543838127,20.61350888830347,5.0,False
1285,7,135.0,135.79591354079005,27.511922399776864,5.0,False
1285,8,135.0,136.9978868502736,30.15382696787745,5.0,False
1285,9,135.0,137.12325664202638,28.54636249854738,5.0,False
1285,10,140.0,138.26936134023077,30.588799475931026,10.0,False
1285,11,145.0,143.09646450367742,27.043863084331804,15.0,False
1285,12,145.0,142.23639028391247,20.30133826803214,15.0,False
1285,13,140.0,139.4565976844792,53.89471512007944,10.0,False
1286,0,145.0,140.24562122632992,22.186117594396165,0.0,False
1286,1,145.0,137.66864403355356,66.05695946316844,0.0,False
1286,2,150.0,146.14021383887723,47.022108298006685,5.0,False
1286,3,150.0,150.00358328890988,47.094149584781206,5.0,False
1286,4,150.0,132.53713628069664,175.46331905122125,5.0,False
1286,5,150.0,134.6558257309944,175.45485206716762,5.0,False
1286,6,150.0,135.83381145317543,175.45485206716762,5.0,False
1286,7,155.0,138.16475412042578,175.45485206716762,10.0,False
1286,8,160.0,138.68433251055478,175.45485206716762,15.0,False
1286,9,160.0,138.8599824281975,177.4463188564943,15.0,False
1286,10,120.0,125.10099714008048,169.01421992796273,25.0,False
1286,11,100.0,119.36176673972308,165.03355611154083,45.0,True
1286,12,110.0,127.55765037225878,72.80043100029833,35.0,False
1286,13,155.0,137.54952112320154,72.40036305873748,10.0,False
1286,14,110.0,128.86227673004703,69.50423059089273,35.0,False
1286,15,105.0,121.64812727002493,69.50423059089273,40.0,True
1286,16,100.0,95.30654039935321,163.0980818011482,45.0,True
1287,0,75.0,81.53710354059866,148.9708419400066,70.0,True
1287,1,75.0,83.55665553680541,151.7331711431999,70.0,True
1287,2,75.0,77.6513355656699,150.70771786702488,70.0,True
1287,3,145.0,93.10229888884477,150.6885943450508,0.0,False
1287,4,145.0,110.4377074053511,150.6885943450508,0.0,False
1287,5,145.0,130.51147402156104,79.22937684209253,0.0,False
1287,6,145.0,141.01392370770938,72.14188640661263,0.0,False
1287,7,145.0,145.11324884215264,14.08907715040283,0.0,False
1287,8,145.0,144.19424358744075,13.377276706331315,0.0,False
1287,9,145.0,143.8616662945665,10.48173959485834,0.0,False
1287,10,145.0,143.6030952190324,11.769561057548401,0.0,False
1287,11,145.0,145.0183492484313,7.283217869315763,0.0,False
1287,12,145.0,145.31600829720998,7.662817377627675,0.0,False
1287,13,145.0,144.66489952162217,5.673018575980848,0.0,False
1287,14,145.0,145.7290447936129,10.334756619523603,0.0,False
1287,15,145.0,136.78970721709902,64.49494961638817,0.0,False
1287,16,145.0,125.71524067454351,150.5220192980814,0.0,False
1288,0,130.0,125.77463672181227,35.93273774203243,0.0,False
1288,1,130.0,126.6966380705762,42.00093619477974,0.0,False
1288,2,135.0,129.06301346865288,47.3823009029411,5.0,False
1288,3,135.0,131.03429336038354,52.96271351757156,5.0,False
1288,4,140.0,136.79627714069628,55.99846946235674,10.0,False
1288,5,140.0,142.0149076312936,26.59769257360516,10.0,False
1288,6,140.0,138.334914917047,49.292839265505606,10.0,False
1288,7,145.0,135.076936819293,49.41033426339146,15.0,False
1288,8,145.0,130.81490620495794,52.44004247778393,15.0,False
1288,9,120.0,128.71501354056144,50.6793285534924,10.0,False
1288,10,125.0,127.59447740266309,51.905483824663904,5.0,False
1288,11,110.0,122.23996402699139,47.68181293404636,20.0,False
1288,12,110.0,114.54792805716637,51.70816214962093,20.0,False
1288,13,110.0,113.59319464557831,29.545903534905392,20.0,False
1288,14,105.0,112.01337609489856,34.70515587741977,25.0,True
1288,15,120.0,118.1028381563743,46.380704732625304,10.0,False
1288,16,125.0,120.66270258395554,44.895219167145086,5.0,False
1289,0,150.0,149.62718049886513,11.053803756686193,5.0,False
1289,1,150.0,149.77719997606806,11.5749579952477,5.0,False
1289,2,150.0,150.65233907624068,17.007873086850168,5.0,False
1289,3,150.0,151.20342224675284,16.29092652468276,5.0,False
1289,4,155.0,151.95714853083132,18.16140526776931,0.0,False
1289,5,155.0,153.24003550813995,18.852177209880836,0.0,False
1289,6,155.0,155.47378089509544,10.574127667644262,0.0,False
1289,7,155.0,156.49300071634707,6.603259062532686,0.0,False
1289,8,155.0,156.17763763691082,8.25324471558747,0.0,False
1289,9,155.0,156.18177587636117,7.9112215731493905,0.0,False
1289,10,155.0,154.11667826640198,17.835446407932068,0.0,False
1289,11,155.0,144.50994787097474,159.29510088507487,0.0,False
1289,12,155.0,142.68231692200555,48.886656232651816,0.0,False
1289,13,150.0,141.45942721373393,49.276105701865944,5.0,False
1289,14,150.0,139.95279255494188,46.881571670268656,5.0,False
1289,15,145.0,114.62889111840171,152.82152584692358,10.0,False
1290,0,150.0,149.2738453950079,14.952144064723313,0.0,False
1290,1,150.0,148.55337706020717,16.21580955767797,0.0,False
1290,2,145.0,145.8518881101639,17.033058070200155,5.0,False
1290,3,145.0,144.59940949243523,10.249845085972794,5.0,False
1290,4,145.0,143.70743541831496,10.66926140085684,5.0,False
1290,5,145.0,144.0117523581403,11.709699508514603,5.0,False
1290,6,145.0,144.8145170868553,9.104291678478518,5.0,False
1290,7,145.0,143.59995696178794,12.420104940979712,5.0,False
1290,8,145.0,142.74431277239103,12.673373402423522,5.0,False
1290,9,145.0,144.6838713278855,19.068357895897663,5.0,False
1290,10,150.0,146.70131259705033,20.135437142666262,0.0,False
1290,11,150.0,147.9031757330159,20.135438396675994,0.0,False
1290,12,150.0,148.06359759247357,20.135438396675994,0.0,False
1290,13,150.0,143.71561417460236,32.704857822358434,0.0,False
1290,14,150.0,140.66460589178712,37.37805575348004,0.0,False
1290,15,150.0,131.53254129137974,155.5525037374698,0.0,False
1290,16,125.0,109.79226638502072,155.61485549455864,25.0,False
1291,0,175.0,176.97009118983135,29.933839147386067,50.0,True
1291,1,170.0,173.89485179314835,30.834410495921873,45.0,True
1291,2,170.0,147.7641115033774,187.89288608515042,45.0,True
1291,3,170.0,124.35561441458842,178.61830957324992,45.0,True
1291,4,165.0,106.4191258182965,172.40383135015568,40.0,True
1291,5,165.0,80.75379309070547,173.26597069719926,40.0,True
1291,6,150.0,59.21796543271532,166.7437609524982,25.0,False
1292,0,130.0,130.09293358221186,11.777993702173418,0.0,False
1292,1,130.0,130.5666745874938,11.777993702173418,0.0,False
1292,2,130.0,130.764726870637,11.777993702173418,0.0,False
1292,3,130.0,131.44881543548078,12.069099728888787,0.0,False
1292,4,130.0,132.1727181277168,7.959719027736924,0.0,False
1292,5,130.0,131.98682778818926,9.59045925779651,0.0,False
1292,6,130.0,130.53174077668655,13.527890032935744,0.0,False
1292,7,130.0,129.67236573345272,8.761944706169118,0.0,False
1292,8,130.0,129.06398805348152,6.753138466790844,0.0,False
1292,9,130.0,128.98492767060907,7.0568302206921345,0.0,False
1292,10,130.0,128.62214656965224,9.632804348334233,0.0,False
1292,11,130.0,128.102446846572,5.034778656279812,0.0,False
1292,12,130.0,127.68672904066324,4.559360562536725,0.0,False
1292,13,125.0,123.2215903675497,70.41221662679999,5.0,False
1292,14,125.0,126.67630594584519,7.0498345225254155,5.0,False
1292,15,125.0,126.9158142618928,7.6505612465399935,5.0,False
1292,16,125.0,126.35653677085426,8.519646186670386,5.0,False
1293,0,140.0,113.97092632862793,147.72418021785575,5.0,False
1293,1,140.0,139.53191738810875,40.4880311359027,5.0,False
1293,2,140.0,141.36329554444606,9.773656321903928,5.0,False
1293,3,140.0,140.14626826793798,15.038735344184914,5.0,False
1293,4,140.0,139.2350339375224,15.273986143005231,5.0,False
1293,5,135.0,138.637325327631,16.745171829843912,0.0,False
1293,6,135.0,136.37776998645475,16.60966940930453,0.0,False
1293,7,135.0,134.54201541829215,13.54594940094131,0.0,False
1293,8,135.0,133.77096429657158,15.049215559203418,0.0,False
1293,9,130.0,131.41170888387262,16.28169104486649,5.0,False
1293,10,130.0,132.09669033853191,8.710860296518419,5.0,False
1293,11,135.0,132.58999565012004,9.06141352839559,0.0,False
1293,12,130.0,131.7033562630055,10.467368457064495,5.0,False
1293,13,130.0,130.84040689367947,14.711086115130357,5.0,False
1293,14,130.0,118.22809474131031,137.10723694840556,5.0,False
1293,15,130.0,99.61195190699235,137.10425816483485,5.0,False
1293,16,130.0,82.8324802120245,137.10425816483485,5.0,False
1294,0,120.0,92.11281133381624,131.8075693214165,0.0,False
1294,1,110.0,89.82443164678837,131.8075693214165,10.0,False
1294,2,110.0,87.61066296178035,131.8075693214165,10.0,False
1294,3,120.0,99.39825011573525,131.80846166915148,0.0,False
1294,4,120.0,119.47442138922605,27.991543822057537,0.0,False
1294,5,120.0,118.39077806498001,29.754926350832932,0.0,False
1294,6,115.0,116.00275625755575,20.045816091233448,5.0,False
1294,7,115.0,117.79162030530516,29.24272813826977,5.0,False
1294,8,125.0,121.73235792326436,30.097274482756475,5.0,False
1294,9,125.0,124.47974632396586,19.208397491043115,5.0,False
1294,10,125.0,124.36874150505403,18.307568014412695,5.0,False
1294,11,130.0,126.59159837687747,21.504899154553144,10.0,False
1294,12,130.0,125.26644425496983,28.011185326939184,10.0,False
1294,13,130.0,122.750151353487,40.184359952280644,10.0,False
1294,14,130.0,116.21193378889863,63.86576846426907,10.0,False
1294,15,130.0,114.67113140649771,58.88201112989121,10.0,False
1294,16,115.0,112.43491164777079,58.88201112989121,5.0,False
1295,0,145.0,85.3171671220773,156.9254916436204,5.0,False
1295,1,145.0,104.3471248445128,155.19542827421853,5.0,False
1295,2,145.0,124.21389206649876,159.57816775068792,5.0,False
1295,3,145.0,150.08728925732257,23.856555367398386,5.0,False
1295,4,150.0,152.44016418693423,22.16502145488235,10.0,False
1295,5,155.0,156.2701467214613,31.081146634145057,15.0,False
1295,6,155.0,159.04293670723206,25.01341654550515,15.0,False
1295,7,160.0,157.21982177371538,29.611281955650355,20.0,False
1295,8,155.0,154.07264642292196,37.69736387970218,15.0,False
1295,9,160.0,151.94767917879986,36.80488662685741,20.0,False
1295,10,140.0,148.90903139207802,36.80488662685741,0.0,False
1295,11,135.0,145.66624249392217,36.80488662685741,5.0,False
1295,12,135.0,142.4218714475047,40.158628591735436,5.0,False
1295,13,135.0,137.29450071482435,19.3189554125469,5.0,False
1295,14,135.0,135.012936398959,5.460455932026292,5.0,False
1295,15,135.0,133.28121929217235,23.74824797261428,5.0,False
1295,16,135.0,132.63391792551744,24.14519594449078,5.0,False
1296,0,155.0,147.18392767401664,81.59926592674366,0.0,False
1296,1,155.0,145.23836653460756,80.6233862870797,0.0,False
1296,2,155.0,145.6909857186761,80.97704804986994,0.0,False
1296,3,155.0,145.035248229254,80.30526572908109,0.0,False
1296,4,155.0,144.65891093613442,80.30526572908109,0.0,False
1296,5,155.0,143.98177067539135,80.30526572908109,0.0,False
1296,6,150.0,140.1503835646757,81.13568912685237,5.0,False
1296,7,150.0,149.7668573427337,88.04530628229574,5.0,False
1296,8,150.0,149.30269377006655,38.6402309067179,5.0,False
1296,9,150.0,140.72172314658863,70.76807401168084,5.0,False
1296,10,150.0,147.1148378821994,62.30757287136299,5.0,False
1296,11,150.0,146.6462190444213,60.605599305940586,5.0,False
1296,12,150.0,147.7173173685492,60.26609727671698,5.0,False
1296,13,155.0,149.62382526826468,62.084219829956936,0.0,False
1296,14,155.0,146.4396608990508,60.417339241572336,0.0,False
1296,15,155.0,149.9415873716381,60.48138717645227,0.0,False
1296,16,155.0,153.57190696005006,14.414904688457085,0.0,False
1297,0,135.0,135.13425764744053,11.951041909130709,5.0,False
1297,1,135.0,135.0815200412494,13.270043400382832,5.0,False
1297,2,135.0,133.61978844578715,6.254410715492639,5.0,False
1297,3,135.0,133.7985293724451,6.844522042743023,5.0,False
1297,4,135.0,134.30910659952195,8.671980415914362,5.0,False
1297,5,135.0,135.39679467872497,6.838881087918537,5.0,False
1297,6,135.0,136.57367041263433,7.816910281556886,5.0,False
1297,7,135.0,137.08301495247898,6.85799854801391,5.0,False
1297,8,140.0,138.03029016210877,9.994312380621892,0.0,False
1297,9,140.0,139.74568810780468,13.417272903450424,0.0,False
1297,10,140.0,140.8442640897254,8.281053256973479,0.0,False
1297,11,140.0,142.17279559259143,10.254570320875274,0.0,False
1297,12,140.0,142.29097964393893,7.1594527562121755,0.0,False
1297,13,145.0,142.48347161882333,6.458044697915113,5.0,False
1297,14,145.0,142.8542097058905,6.580681655501792,5.0,False
1297,15,145.0,142.62531306396895,17.676868286766478,5.0,False
1297,16,145.0,138.86063308299762,23.89411857526656,5.0,False
1298,0,145.0,146.0041470914064,7.340257408973798,0.0,False
1298,1,145.0,145.38341890936678,6.17288449314907,0.0,False
1298,2,145.0,144.94900153786708,6.17288449314907,0.0,False
1298,3,145.0,144.5436393826571,6.17288449314907,0.0,False
1298,4,145.0,144.3616189819539,6.187702831462701,0.0,False
1298,5,145.0,144.93116922635386,9.487728738660536,0.0,False
1298,6,145.0,144.80829440869707,8.14011247001227,0.0,False
1298,7,145.0,143.79068384336284,27.91141039391951,0.0,False
1298,8,145.0,141.64924039803003,26.802785164896406,0.0,False
1298,9,145.0,139.81760675816372,26.802785164896406,0.0,False
1298,10,140.0,137.9300714188469,26.802785164896406,5.0,False
1298,11,145.0,138.22114617854936,26.802785164896406,0.0,False
1298,12,140.0,137.46422038411856,28.402498068649223,5.0,False
1298,13,140.0,137.47213856518667,28.114315132389876,5.0,False
1298,14,140.0,136.82206651786973,29.428343820966575,5.0,False
1298,15,135.0,137.8205398945657,22.585647513695164,10.0,False
1298,16,140.0,132.6743386205714,75.78909934436838,5.0,False
1299,0,130.0,130.56790959449387,17.1599086155056,0.0,False
1299,1,130.0,131.07163096421178,15.148652923820933,0.0,False
1299,2,130.0,132.29671629667786,20.850764433272744,0.0,False
1299,3,130.0,129.91107502591325,11.175397945441475,0.0,False
1299,4,130.0,129.03494644146295,5.1328432979894245,0.0,False
1299,5,130.0,129.6063598141763,6.1998216379400475,0.0,False
1299,6,130.0,130.03291855928225,6.151722200024736,0.0,False
1299,7,130.0,130.3419725380749,30.435483622523876,0.0,False
1299,8,130.0,130.96495493654288,9.696346347953309,0.0,False
1299,9,130.0,130.466372965431,11.838355888882916,0.0,False
1299,10,130.0,129.18852946565372,20.680286532739487,0.0,False
1299,11,130.0,129.1922569540535,16.87607638878461,0.0,False
1299,12,130.0,128.67028589423578,16.87607638878461,0.0,False
1299,13,130.0,128.04677593653048,16.87607638878461,0.0,False
1299,14,125.0,127.58041235186974,28.193232253010024,5.0,False
1299,15,125.0,126.36932284534666,8.420030720797087,5.0,False
1299,16,125.0,124.23518068260441,24.66198345976433,5.0,False
1300,0,125.0,126.27181208558359,23.022302196633603,0.0,False
1300,1,125.0,127.01134648190438,23.013602197334862,0.0,False
1300,2,125.0,128.19754946897214,19.084390582784025,0.0,False
1300,3,125.0,128.5729656149616,16.082718233159625,0.0,False
1300,4,125.0,120.33493716515721,139.62325807763003,0.0,False
1300,5,125.0,128.15613332728574,17.020655916026442,0.0,False
1300,6,125.0,125.87862063571015,13.287355723287519,0.0,False
1300,7,125.0,124.20431169743371,5.253224431204259,0.0,False
1300,8,125.0,123.88329706060536,3.537259208063091,0.0,False
1300,9,125.0,124.19813157758162,4.394381465022306,0.0,False
1300,10,125.0,121.0879106444947,30.638910074805835,0.0,False
1300,11,125.0,110.7999916261016,126.20136650559695,0.0,False
1300,12,125.0,115.80285105976358,31.621211702572367,0.0,False
1300,13,120.0,114.148494596354,31.012217462576587,5.0,False
1300,14,115.0,113.26434469692154,31.012217462576587,10.0,False
1300,15,110.0,111.83256169010942,32.50305879672845,15.0,False
1300,16,110.0,107.48113726414138,30.580942046464827,15.0,False
1301,0,120.0,119.7180676452589,8.721920173205746,5.0,False
1301,1,120.0,119.52492882939437,10.02862588177544,5.0,False
1301,2,120.0,120.27830513608346,10.02862588177544,5.0,False
1301,3,120.0,118.94294396160385,14.77504707937112,5.0,False
1301,4,120.0,118.96171299643812,10.888799290514712,5.0,False
1301,5,120.0,119.27598778070755,11.20811965569635,5.0,False
1301,6,120.0,118.5141327056788,7.61415746280197,5.0,False
1301,7,120.0,119.10349285233839,11.341628677354095,5.0,False
1301,8,120.0,120.16303406479474,13.306051523933519,5.0,False
1301,9,125.0,121.42893074847055,17.751717822014882,0.0,False
1301,10,125.0,123.11776492961096,17.877219021738654,0.0,False
1301,11,125.0,124.62817901439708,11.229742605148488,0.0,False
1301,12,125.0,120.7939092221659,130.04203510376274,0.0,False
1301,13,125.0,126.51493033790983,13.186777089743316,0.0,False
1301,14,125.0,127.26289822055267,6.583167099769057,0.0,False
1301,15,125.0,126.90530304600107,8.679899809656007,0.0,False
1301,16,130.0,124.92401466793844,34.91295830943676,5.0,False
1302,0,150.0,151.37770367476983,13.169793878317876,0.0,False
1302,1,150.0,149.71695431713877,12.233210932212387,0.0,False
1302,2,150.0,148.47687293979803,12.04611890636997,0.0,False
1302,3,150.0,148.00344753361588,9.087677851157935,0.0,False
1302,4,150.0,149.1413910051814,15.317699576140512,0.0,False
1302,5,150.0,138.98391825115058,156.94691688454301,0.0,False
1302,6,145.0,116.88994534611973,156.96101291601383,5.0,False
1302,7,145.0,98.19909874623173,156.96101291601383,5.0,False
1302,8,145.0,80.25929277944223,156.98232095942592,5.0,False
1302,9,140.0,87.07642294648903,156.9745608222197,10.0,False
1302,10,140.0,88.64135977694154,156.9745608222197,10.0,False
1302,11,140.0,88.6007554675962,158.6326160605236,10.0,False
1302,12,145.0,83.1346927787754,157.53338033593823,5.0,False
1302,13,145.0,98.40761499702187,157.11071468092877,5.0,False
1302,14,145.0,111.24395009191687,157.11071468092877,5.0,False
1302,15,150.0,131.27013307665683,100.36318259750168,0.0,False
1302,16,155.0,133.11064911832332,52.32115786270985,5.0,False
1303,0,150.0,150.29192720710338,15.173466965709792,0.0,False
1303,1,150.0,151.14836129204195,17.608044317244406,0.0,False
1303,2,150.0,151.1870574436497,17.24008288989529,0.0,False
1303,3,150.0,152.05272804967888,16.193099034616836,0.0,False
1303,4,150.0,152.7148001076675,10.659127459228301,0.0,False
1303,5,155.0,153.17385207568805,10.343583988355249,5.0,False
1303,6,150.0,151.4813104056258,18.78565531504057,0.0,False
1303,7,150.0,150.6320416797778,19.9326511353475,0.0,False
1303,8,150.0,150.66391365845175,21.231019839327047,0.0,False
1303,9,150.0,150.30246677044235,19.83307068162668,0.0,False
1303,10,150.0,148.32146047989124,42.90849301929896,0.0,False
1303,11,150.0,150.22554213663383,19.83307068162668,0.0,False
1303,12,150.0,148.82405395976593,26.44349945353244,0.0,False
1303,13,150.0,145.35185493454895,26.63671424102685,0.0,False
1303,14,145.0,145.46080139919846,35.963478453163134,5.0,False
1303,15,140.0,142.2992438626306,31.3144155129836,10.0,False
1303,16,135.0,138.48094125493924,43.18881994684912,15.0,False
1304,0,145.0,142.86348220187284,21.9796476084897,30.0,False
1304,1,145.0,143.3332269915626,25.01780724139367,30.0,False
1304,2,145.0,140.01728473779383,39.98782410484442,30.0,False
1304,3,150.0,137.64010520909304,36.87575419479515,35.0,False
1304,4,135.0,135.17169948356934,38.13263595494962,20.0,False
1304,5,130.0,132.58655594842304,33.3347483574172,15.0,False
1304,6,125.0,129.1586574176407,31.72595735762755,10.0,False
1304,7,125.0,126.17463661128757,33.34092404121927,10.0,False
1304,8,125.0,121.75599085419289,16.661127255175558,10.0,False
1304,9,120.0,118.74767993909472,49.40387770756966,5.0,False
1304,10,120.0,113.14282853571693,57.60234260679319,5.0,False
1304,11,115.0,114.10911630476049,56.24317265091797,0.0,False
1304,12,115.0,110.57136365254378,55.83837069539244,0.0,False
1304,13,115.0,109.01848641018447,49.38148558063426,0.0,False
1304,14,110.0,106.68621870562464,46.123762778585856,5.0,False
1304,15,110.0,105.45252352233041,42.922186488823144,5.0,False
1304,16,110.0,103.8140903011654,42.701061777415404,5.0,False
1305,0,130.0,131.3217663094038,19.938954327617807,5.0,False
1305,1,130.0,128.49937782935532,30.705611108079324,5.0,False
1305,2,125.0,125.29187341041315,28.667405018819196,0.0,False
1305,3,120.0,122.41010694262411,27.93920310454982,5.0,False
1305,4,120.0,119.94397507421255,17.477816466552923,5.0,False
1305,5,120.0,119.55642255360397,14.929046579154885,5.0,False
1305,6,120.0,102.28478547210209,126.12712610203698,5.0,False
1305,7,120.0,86.47455246817982,123.62871877589073,5.0,False
1305,8,115.0,71.59652176981193,123.62871877589073,10.0,False
1306,0,135.0,138.23550723415585,23.626410680819617,0.0,False
1306,1,140.0,139.92271231805472,20.53785509651334,5.0,False
1306,2,140.0,140.52950060101492,21.19773292213293,5.0,False
1306,3,140.0,140.82788210826791,20.27243598682827,5.0,False
1306,4,140.0,141.11260639494677,18.487148199902236,5.0,False
1306,5,140.0,139.71829005978486,73.8348385639945,5.0,False
1306,6,140.0,139.78699225251475,23.486762147138705,5.0,False
1306,7,140.0,138.30809729134936,15.858227631319068,5.0,False
1306,8,135.0,133.92439514508627,24.964524951710004,0.0,False
1306,9,135.0,130.8662536078145,23.96695534596836,0.0,False
1306,10,125.0,128.49707561104836,23.690851872545423,10.0,False
1306,11,125.0,127.47827539139367,23.690851872545423,10.0,False
1306,12,120.0,125.68492257405005,58.23530962078266,15.0,False
1306,13,120.0,124.88058007964821,39.52378896109657,15.0,False
1306,14,120.0,119.90873012388259,57.71610564705635,15.0,False
1306,15,120.0,114.72965487696497,33.35773789204136,15.0,False
1306,16,120.0,94.09878293073403,127.96243782499185,15.0,False
1307,0,125.0,122.74569827159716,14.474377114079147,0.0,False
1307,1,125.0,123.93991499463111,13.710414240564475,0.0,False
1307,2,125.0,125.46869609030045,12.37792893474726,0.0,False
1307,3,125.0,126.70559256559469,10.507613630336749,0.0,False
1307,4,125.0,127.34344591966187,8.652177901324407,0.0,False
1307,5,125.0,127.04422018216631,9.861259755193984,0.0,False
1307,6,125.0,125.83727642915505,12.769260344904993,0.0,False
1307,7,125.0,124.02979730269794,12.244460730377625,0.0,False
1307,8,125.0,123.25083132461063,11.45646366311064,0.0,False
1307,9,125.0,123.636356760479,12.908209009859803,0.0,False
1307,10,125.0,123.2072128557472,10.54249173513432,0.0,False
1307,11,125.0,123.92066566669159,16.53909718000375,0.0,False
1307,12,125.0,124.85356542945175,15.399850833807307,0.0,False
1307,13,125.0,125.88567197773419,16.70215572947481,0.0,False
1307,14,130.0,128.0270986014814,15.728786432000746,5.0,False
1307,15,130.0,115.74087769084717,80.80484467141801,5.0,False
1307,16,130.0,103.7480283301717,132.97874213062178,5.0,False
1308,0,140.0,144.7251666947093,27.81919487657882,0.0,False
1308,1,140.0,141.28554407758838,12.846051902267845,0.0,False
1308,2,140.0,139.89558414171776,8.493785375133655,0.0,False
1308,3,140.0,138.98954528330816,9.018572075956797,0.0,False
1308,4,140.0,140.50176418133253,10.255696924409136,0.0,False
1308,5,140.0,140.5000311478588,10.707141980676653,0.0,False
1308,6,140.0,139.25025418160848,8.37063231837709,0.0,False
1308,7,140.0,138.46466581179422,10.66885649865236,0.0,False
1308,8,135.0,137.63871643783742,14.574226835744753,5.0,False
1308,9,135.0,136.79281038565807,14.475508500697686,5.0,False
1308,10,135.0,136.61898292950144,14.475508500697686,5.0,False
1308,11,135.0,137.24256430370903,18.277972981423744,5.0,False
1308,12,135.0,136.98588524123485,14.812578595141758,5.0,False
1308,13,135.0,137.31839805568706,14.600719405444238,5.0,False
1308,14,135.0,139.21703328723336,20.40566752066553,5.0,False
1308,15,135.0,137.72165216679716,28.535606029122178,5.0,False
1308,16,140.0,127.91133796383279,74.70930657283016,0.0,False
1309,0,130.0,132.6730172194251,12.37501556613664,0.0,False
1309,1,130.0,131.96318503944548,12.630601439955328,0.0,False
1309,2,130.0,130.25454313218233,7.978042969022127,0.0,False
1309,3,130.0,128.71397677327133,12.244498639688317,0.0,False
1309,4,130.0,127.8855606000079,13.640158639928572,0.0,False
1309,5,130.0,127.28704521020055,10.756155106887974,0.0,False
1309,6,125.0,126.05405626190966,7.838538596265948,5.0,False
1309,7,125.0,125.22182276544841,8.157630846573781,5.0,False
1309,8,125.0,124.66724433348831,8.866974297055833,5.0,False
1309,9,125.0,123.84808704988396,6.017285138532245,5.0,False
1309,10,125.0,112.33650346372904,125.76759464809727,5.0,False
1309,11,125.0,94.38177928320074,126.07709131268957,5.0,False
1309,12,125.0,78.6963920626875,126.04034049006296,5.0,False
1309,13,125.0,62.92477382572278,124.9387347282634,5.0,False
1310,0,130.0,131.11883960760525,14.478871690591518,0.0,False
1310,1,130.0,134.54575568430857,27.381028822285458,0.0,False
1310,2,130.0,133.49136265766438,29.0465038552895,0.0,False
1310,3,130.0,134.1305726301711,24.58696245649091,0.0,False
1310,4,135.0,135.61278130630302,62.826080673715964,5.0,False
1310,5,130.0,134.26584271553844,24.58696245649091,0.0,False
1310,6,130.0,134.39997456836625,24.58696245649091,0.0,False
1310,7,135.0,136.44217072873033,26.256477074659458,5.0,False
1310,8,135.0,135.709455272954,20.716764611977396,5.0,False
1310,9,130.0,132.5801823750605,8.06171523968274,0.0,False
1310,10,135.0,134.74251240396424,16.172964747385038,5.0,False
1310,11,135.0,134.56871464708172,25.948074286723198,5.0,False
1310,12,135.0,133.84227572063062,14.471232405626111,5.0,False
1310,13,130.0,132.43885698158618,21.46412044198493,0.0,False
1310,14,130.0,126.56113009296087,47.12376182225758,0.0,False
1310,15,130.0,119.41442314102844,64.77166525298193,0.0,False
1310,16,95.0,99.59660320504084,142.26264171809828,35.0,True
1311,0,150.0,146.19647014763797,19.807905151767045,0.0,False
1311,1,150.0,145.53782734064123,22.757789774274045,0.0,False
1311,2,150.0,144.01820693047284,157.6602430624177,0.0,False
1311,3,150.0,151.5000897869504,19.315781879089855,0.0,False
1311,4,155.0,150.91972113242204,53.760602868523335,5.0,False
1311,5,155.0,123.52791826173028,157.18004394002193,5.0,False
1311,6,155.0,104.50152507538202,157.18004394002193,5.0,False
1311,7,130.0,85.35808135397764,157.18004394002193,20.0,False
1311,8,150.0,93.79541562799393,151.4143383964765,0.0,False
1311,9,145.0,111.72442787153292,151.4143383964765,5.0,False
1311,10,145.0,129.5880727077712,151.41708363479688,5.0,False
1311,11,145.0,142.6309816661681,51.94132413603367,5.0,False
1312,0,130.0,134.26981533810505,21.446334966997696,5.0,False
1312,1,130.0,135.98368593281776,32.10315631462244,5.0,False
1312,2,130.0,131.83974839915393,18.055430873107454,5.0,False
1312,3,130.0,129.16067033034147,18.633216892685198,5.0,False
1312,4,125.0,126.83274824516916,7.219890001033008,0.0,False
1312,5,125.0,126.53292029754626,7.299328895215709,0.0,False
1312,6,125.0,125.5575025125573,10.458065454874387,0.0,False
1312,7,125.0,124.37595361723497,8.671752364573635,0.0,False
1312,8,125.0,123.89830312549884,7.669637048483295,0.0,False
1312,9,125.0,121.77300628937368,15.315321365849456,0.0,False
1312,10,125.0,120.70763043994707,23.023383386768288,0.0,False
1312,11,125.0,98.04445945234983,125.36306780257328,0.0,False
1312,12,120.0,82.38526510022744,123.56439005076857,5.0,False
1312,13,120.0,67.0889409038381,123.56439005076857,5.0,False
1313,0,175.0,173.73438706939675,10.483604023200485,5.0,True
1313,1,175.0,173.36517100801962,12.0285558641433,5.0,True
1313,2,175.0,172.76961519132578,7.723044982284023,5.0,True
1313,3,175.0,172.67567277338415,6.936229478975662,5.0,True
1313,4,170.0,171.06384527145593,14.471206594699197,0.0,True
1313,5,170.0,170.18960388841208,10.711731793400588,0.0,True
1313,6,170.0,169.67863381759142,10.71168522736724,0.0,True
1313,7,170.0,169.64808888658783,10.71168522736724,0.0,True
1313,8,170.0,169.78995798225364,10.71168522736724,0.0,True
1313,9,170.0,169.69923668148286,10.781587349025784,0.0,True
1313,10,170.0,168.47040041111748,8.719068146273258,0.0,True
1313,11,165.0,166.94328733546703,10.440222437330704,5.0,True
1313,12,165.0,166.39913735269556,12.377381140017292,5.0,True
1313,13,165.0,141.72126300312937,170.89646379128914,5.0,True
1313,14,165.0,120.67795877084133,170.9120280421317,5.0,True
1313,15,165.0,99.5705759133388,170.94663131126472,5.0,True
1313,16,160.0,91.81809217305505,171.87545754089135,10.0,False
1314,0,135.0,135.55277324057346,22.857244442723413,10.0,False
1314,1,135.0,138.07140683872794,21.920118957407396,10.0,False
1314,2,140.0,139.90581765256496,22.24272729535528,5.0,False
1314,3,145.0,142.5331861534913,26.399510130790333,0.0,False
1314,4,145.0,143.8345958331561,23.908058252955072,0.0,False
1314,5,145.0,146.0147370774349,20.511212576538753,0.0,False
1314,6,150.0,148.0030221625274,10.912930056580308,5.0,False
1314,7,150.0,148.87000308554454,7.3782133677771355,5.0,False
1314,8,150.0,149.00844744600468,12.06045015825245,5.0,False
1314,9,150.0,150.1526568182322,8.749413225246997,5.0,False
1314,10,150.0,149.02978545067876,22.243122485773796,5.0,False
1314,11,150.0,150.28013241989888,11.903702127281235,5.0,False
1314,12,150.0,146.58666665920313,35.200654579827855,5.0,False
1314,13,150.0,148.44439789019378,36.02267291420402,5.0,False
1314,14,150.0,146.37603215109658,36.02267291420402,5.0,False
1314,15,150.0,147.02372200749812,36.99675428206989,5.0,False
1314,16,150.0,145.30595166411382,36.73676198802757,5.0,False
1315,0,145.0,145.80991778429595,5.845483134788992,5.0,False
1315,1,145.0,144.4642037138811,8.5664639591364,5.0,False
1315,2,145.0,143.3693383131186,8.717871955250928,5.0,False
1315,3,145.0,144.3627022281841,15.330507313682403,5.0,False
1315,4,145.0,147.52604278634698,28.94366936301779,5.0,False
1315,5,145.0,150.3888427204858,28.87611036192564,5.0,False
1315,6,150.0,152.31305004166188,28.78066966981453,0.0,False
1315,7,160.0,154.37585784264223,28.78066966981453,10.0,False
1315,8,160.0,156.00363642167036,30.689630253338265,10.0,False
1315,9,160.0,158.35745434925855,26.57612990633089,10.0,False
1315,10,160.0,159.3221589452078,17.50884659820315,10.0,False
1315,11,160.0,158.07362289673847,21.2710204925327,10.0,False
1315,12,155.0,155.21969116383158,19.13170120935993,5.0,False
1315,13,155.0,152.10996155647635,22.590787036207786,5.0,False
1315,14,150.0,147.92587182989382,41.192168712012375,0.0,False
1315,15,150.0,145.436682671761,29.565683126329645,0.0,False
1315,16,145.0,144.7675833327914,24.08575282990526,5.0,False
1316,0,160.0,160.43465662488242,6.424627056194481,0.0,False
1316,1,160.0,159.76563493860368,4.8720543455047505,0.0,False
1316,2,160.0,159.55292077861023,6.207020186715084,0.0,False
1316,3,160.0,159.23570959476595,6.954235063250707,0.0,False
1316,4,160.0,159.54332795144157,3.8432410733910842,0.0,False
1316,5,160.0,159.38346296423754,5.636902680181379,0.0,False
1316,6,160.0,155.98788676254514,35.65262326920511,0.0,False
1316,7,160.0,150.41864798115816,53.725900993163364,0.0,False
1316,8,155.0,148.44059681344382,35.111081934796374,5.0,False
1316,9,160.0,147.98460667252817,35.111081934796374,0.0,False
1316,10,155.0,143.55674192581367,41.94922844268605,5.0,False
1316,11,135.0,139.0732801991923,42.58918498211467,25.0,False
1316,12,135.0,137.40511360091432,41.884990339421606,25.0,False
1316,13,135.0,137.54104647595858,41.884990339421606,25.0,False
1316,14,140.0,139.81533180063803,51.368696447358545,20.0,False
1316,15,145.0,142.95128554814573,41.884990339421606,15.0,False
1316,16,150.0,140.05898439885502,76.26450273569242,10.0,False
1317,0,105.0,110.43775300152653,22.981123962211825,5.0,True
1317,1,105.0,108.64203635441187,22.949992664449624,5.0,True
1317,2,105.0,107.44984201144068,22.337688165295887,5.0,True
1317,3,105.0,105.9020406540971,12.760824605086782,5.0,True
1317,4,105.0,105.00197609726693,12.760824605086782,5.0,True
1317,5,105.0,103.93459023981855,12.760824605086782,5.0,True
1317,6,105.0,104.76767948856461,12.686655014840596,5.0,True
1317,7,105.0,106.64532996671333,14.99896148037945,5.0,True
1317,8,105.0,108.67801230848904,16.31203042234928,5.0,True
1317,9,110.0,109.61399348676403,21.678307412580537,0.0,False
1317,10,110.0,108.3529070906454,16.31203042234928,0.0,False
1317,11,110.0,108.96352274807047,16.320154271524743,0.0,False
1317,12,110.0,110.74217328520861,16.40992510086697,0.0,False
1317,13,110.0,112.3521038785153,10.190075620299794,0.0,False
1317,14,110.0,111.45461283212504,13.925053683836637,0.0,False
1317,15,110.0,107.44925801040127,26.05480826207831,0.0,False
1317,16,110.0,102.66261629440275,41.52603149910047,0.0,False
1318,0,140.0,97.75699211020562,161.93081970757547,15.0,False
1318,1,140.0,115.1740610033323,161.93081970757547,15.0,False
1318,2,145.0,132.7755807207122,84.01474060465242,20.0,False
1318,3,140.0,140.35803089130064,54.687492965214844,15.0,False
1318,4,135.0,136.04335222876804,51.88531525422265,10.0,False
1318,5,135.0,133.1704546731572,46.17237475490488,10.0,False
1318,6,130.0,127.35171374560169,37.24666469706169,5.0,False
1318,7,130.0,113.987702654138,143.73269214533286,5.0,False
1318,8,125.0,96.32270540012736,144.5232235549307,0.0,False
1318,9,125.0,76.74979565588234,135.5318097014158,0.0,False
1319,0,150.0,151.2213372360474,31.89651333410052,5.0,False
1319,1,150.0,150.95881373826376,16.99961169470035,5.0,False
1319,2,150.0,149.23852926561722,8.16593079038617,5.0,False
1319,3,150.0,148.61139163229043,4.310320440523697,5.0,False
1319,4,150.0,147.91568921945566,7.33406214686417,5.0,False
1319,5,150.0,147.32902626514831,11.578930211115136,5.0,False
1319,6,145.0,145.87102521671153,10.478692802380294,0.0,False
1319,7,145.0,145.74969079089826,11.536284004609797,0.0,False
1319,8,145.0,144.95484775616305,10.478483526619982,0.0,False
1319,9,145.0,144.70676451100647,11.71096376645687,0.0,False
1319,10,145.0,144.52383312827126,10.952733111447316,0.0,False
1319,11,145.0,144.6858518276397,9.996466320470631,0.0,False
1319,12,145.0,144.4599436074152,13.123894521593485,0.0,False
1319,13,145.0,145.0189925361719,12.611512773902007,0.0,False
1319,14,145.0,145.39886508406912,9.377409317559,0.0,False
1319,15,145.0,144.48025154971995,12.352598795303038,0.0,False
1319,16,145.0,140.80318726940115,47.85280182659747,0.0,False
1320,0,140.0,71.67918152449747,143.8637732834629,5.0,False
1320,1,140.0,88.72365162028878,143.8637732834629,5.0,False
1320,2,140.0,106.49529452222905,143.8637732834629,5.0,False
1320,3,140.0,128.5396235943931,145.7288336094395,5.0,False
1320,4,140.0,140.8533172908661,8.619196640795764,5.0,False
1320,5,140.0,141.05109513860603,8.619196640795764,5.0,False
1320,6,140.0,141.681948911634,8.619196640795764,5.0,False
1320,7,145.0,143.06677730564164,11.396936316350406,0.0,False
1320,8,145.0,144.60345906771164,13.481039180566086,0.0,False
1320,9,145.0,145.50089168602477,7.1506409469652965,0.0,False
1320,10,145.0,146.2470604633381,8.608978346075105,0.0,False
1320,11,145.0,146.7236385255565,35.33948062416192,0.0,False
1320,12,150.0,147.27462930935664,34.75822878264508,5.0,False
1320,13,150.0,147.46477391285327,38.996926609453894,5.0,False
1320,14,150.0,144.19972975203936,38.9571018726849,5.0,False
1320,15,150.0,138.28178444513227,54.07841578806173,5.0,False
1321,0,130.0,130.94776377368817,8.154232944296396,0.0,False
1321,1,130.0,130.02662494336514,10.837082258436297,0.0,False
1321,2,130.0,129.79856954325663,9.290361332740773,0.0,False
1321,3,130.0,130.0300267365134,9.493558626367175,0.0,False
1321,4,130.0,129.38584522707623,9.087334288900806,0.0,False
1321,5,130.0,124.00603663761964,132.18798742567023,0.0,False
1321,6,130.0,101.03061302606552,131.18373030190855,0.0,False
1321,7,130.0,84.96188246893594,131.18373030190855,0.0,False
1321,8,130.0,69.29236292087786,131.18373030190855,0.0,False
1321,9,105.0,79.44621342668863,139.21469746865927,25.0,True
1321,10,105.0,77.33945436207631,139.21469746865927,25.0,True
1322,0,140.0,137.67100495973938,6.975079248849823,5.0,False
1322,1,140.0,137.6883174430322,6.930683734189728,5.0,False
1322,2,135.0,137.17986157888888,7.716909422565237,0.0,False
1322,3,135.0,137.45043619595245,6.930683734189728,0.0,False
1322,4,135.0,135.10119983291048,19.17388704377275,0.0,False
1322,5,135.0,134.22560077101053,12.531169901926205,0.0,False
1322,6,135.0,134.1841678392127,12.009550649931498,0.0,False
1322,7,135.0,134.1637787670819,12.129443446727379,0.0,False
1322,8,135.0,134.29200847019672,12.787556737174128,0.0,False
1322,9,135.0,133.88554178715697,11.025369902367629,0.0,False
1322,10,135.0,132.92709868699163,10.950986314736554,0.0,False
1322,11,135.0,133.0951900342587,13.267450977667536,0.0,False
1322,12,135.0,134.32082190282537,5.894694156332918,0.0,False
1322,13,135.0,133.1618947847429,11.594854878732917,0.0,False
1322,14,130.0,132.10136818426443,10.687053414301829,5.0,False
1322,15,130.0,131.63845619663672,12.714679985459497,5.0,False
1322,16,130.0,128.18367108719897,33.49728259799706,5.0,False
1323,0,125.0,126.40687693002202,10.36163196590978,5.0,False
1323,1,130.0,127.61823892516831,12.249513511898854,0.0,False
1323,2,130.0,128.8952035101261,6.571549319521978,0.0,False
1323,3,130.0,129.160881700604,6.43009979772755,0.0,False
1323,4,130.0,129.87910407053766,4.0613318767685485,0.0,False
1323,5,130.0,130.21770302373318,4.0613318767685485,0.0,False
1323,6,130.0,130.10647563724285,4.0613318767685485,0.0,False
1323,7,130.0,130.43137223419268,5.948609218862487,0.0,False
1323,8,130.0,130.7806886412518,6.041117261624834,0.0,False
1323,9,130.0,130.57129059223507,6.041117261624834,0.0,False
1323,10,130.0,131.12472205468802,5.149675103919094,0.0,False
1323,11,130.0,129.40246297646436,46.34811574313308,0.0,False
1323,12,130.0,131.1207706495799,5.328084384045354,0.0,False
1323,13,130.0,132.58563620242086,11.466391065380265,0.0,False
1323,14,135.0,133.08770268218385,9.656434902320996,5.0,False
1323,15,135.0,130.44230832023797,27.24736011321393,5.0,False
1323,16,135.0,127.35442565836536,28.243628746166124,5.0,False
1324,0,130.0,131.71714133861417,16.882617390782272,0.0,False
1324,1,130.0,131.068197372102,16.882595634240317,0.0,False
1324,2,130.0,131.4920034781317,17.55094609282949,0.0,False
1324,3,130.0,131.6736290313025,18.309266760495717,0.0,False
1324,4,130.0,130.35470961969017,15.231164200855176,0.0,False
1324,5,130.0,129.3078378373498,15.231164200855176,0.0,False
1324,6,130.0,129.08725174753383,18.535417549115095,0.0,False
1324,7,130.0,130.03523212604665,14.562591538305213,0.0,False
1324,8,135.0,132.7101102323006,9.903916153509527,5.0,False
1324,9,135.0,133.44431787691468,12.231121604674627,5.0,False
1324,10,135.0,132.5671273067965,13.161496124723996,5.0,False
1324,11,130.0,132.17570209165532,12.651118550656847,0.0,False
1324,12,130.0,130.32342204005653,37.398580559084905,0.0,False
1324,13,130.0,127.26402111132576,54.16677333312116,0.0,False
1324,14,130.0,129.53193999924983,23.038226179463862,0.0,False
1324,15,130.0,129.86520876075642,23.038718974351184,0.0,False
1324,16,130.0,129.2376486494933,21.946154569403717,0.0,False
1325,0,125.0,114.8351942690489,80.80818337554066,5.0,False
1325,1,135.0,114.33349589187002,80.73481976225315,5.0,False
1325,2,130.0,115.82562059287879,73.32371734446622,0.0,False
1325,3,130.0,120.9632018428973,75.42473950065786,0.0,False
1325,4,130.0,128.05150519257833,36.89379282378003,0.0,False
1325,5,130.0,129.75667750718765,22.82752143518819,0.0,False
1325,6,130.0,128.98713518174645,22.602279825355126,0.0,False
1325,7,125.0,126.65242696924075,13.755940444664489,5.0,False
1325,8,125.0,126.44474324481952,13.755940444664489,5.0,False
1325,9,125.0,127.55526202686102,29.99675470318452,5.0,False
1325,10,125.0,130.2683572792009,34.74511063267663,5.0,False
1325,11,130.0,134.95965318571282,32.09346455328331,0.0,False
1325,12,135.0,137.54558498742878,29.406985298031415,5.0,False
1325,13,145.0,141.92049017673102,34.53901561791851,15.0,False
1325,14,150.0,144.1030417895341,32.85229663670599,20.0,False
1325,15,150.0,145.7721437471359,32.85229663670599,20.0,False
1325,16,150.0,143.57093189019017,68.04654023510504,20.0,False
1326,0,125.0,130.77886980168842,41.65004489307384,5.0,False
1326,1,125.0,124.60452456643745,45.3983363493483,5.0,False
1326,2,120.0,119.52113692185652,36.3905867645269,0.0,False
1326,3,120.0,116.9119690770703,21.080633367216237,0.0,False
1326,4,120.0,118.01575364857315,20.905817253996872,0.0,False
1326,5,120.0,118.89030710888845,23.38467866685731,0.0,False
1326,6,120.0,118.9785027195096,23.432096728736425,0.0,False
1326,7,120.0,116.88257809543057,23.432096728736425,0.0,False
1326,8,120.0,120.3503561937534,35.33448902434846,0.0,False
1326,9,120.0,125.32769814831195,38.63081385558347,0.0,False
1326,10,125.0,130.44769443570235,42.81228561417913,5.0,False
1326,11,125.0,123.46911051404857,67.02996274761769,5.0,False
1326,12,125.0,122.27780436047013,66.95167084965672,5.0,False
1326,13,120.0,115.17473569399522,149.19647747989507,0.0,False
1326,14,120.0,119.73762859486715,66.95167084965672,0.0,False
1326,15,120.0,119.249147828678,66.95167084965672,0.0,False
1326,16,115.0,112.08085992700721,66.95167084965672,5.0,False
1327,0,135.0,135.75571992894447,10.96787954497745,0.0,False
1327,1,135.0,135.77111354686346,10.967854135669228,0.0,False
1327,2,135.0,136.20362316353848,10.967854135669228,0.0,False
1327,3,135.0,135.7681469034832,17.020259782511033,0.0,False
1327,4,135.0,135.89266947392863,16.752669153648725,0.0,False
1327,5,135.0,134.9328756334776,9.54571750634625,0.0,False
1327,6,135.0,134.69601577443137,10.180118731503939,0.0,False
1327,7,135.0,134.96415484534728,8.91162267533349,0.0,False
1327,8,135.0,135.10887803422307,8.709850432373571,0.0,False
1327,9,135.0,134.51415094421736,8.628899265769718,0.0,False
1327,10,135.0,134.20568352574685,8.49665418752113,0.0,False
1327,11,135.0,134.08284586991547,17.51163355268639,0.0,False
1327,12,135.0,133.08369270499813,6.684178389563442,0.0,False
1327,13,135.0,133.85297734575016,7.745039696930206,0.0,False
1327,14,135.0,134.53801309658368,7.874747818462367,0.0,False
1327,15,135.0,127.72678737788155,50.29193075370539,0.0,False
1327,16,135.0,107.89184001499576,139.4931353048639,0.0,False
1328,0,135.0,75.02543379342556,134.9399675888835,30.0,False
1328,1,135.0,91.78268405485444,140.26515436046657,30.0,False
1328,2,135.0,107.66080665888568,134.9399675888835,30.0,False
1328,3,130.0,128.45715688679397,23.008084980744428,25.0,False
1328,4,130.0,125.81206031839368,24.731511356061105,25.0,False
1328,5,130.0,122.56697797320004,30.448649290964596,25.0,False
1328,6,125.0,119.34065698813295,31.20612619506082,20.0,False
1328,7,110.0,115.44186577583163,29.582009236054517,5.0,False
1328,8,110.0,112.549724854926,43.538932719431415,5.0,False
1328,9,105.0,108.15172125950662,23.533914143518146,0.0,True
1328,10,105.0,105.34355864150817,18.53295410563102,0.0,True
1328,11,105.0,102.38656020246644,22.28771875710177,0.0,True
1328,12,105.0,87.1830024516351,107.7464353434371,0.0,True
1329,0,150.0,150.586565903247,20.56907521976916,0.0,False
1329,1,150.0,149.75080548458828,13.858926255552149,0.0,False
1329,2,150.0,146.7953917433582,14.316716508327119,0.0,False
1329,3,150.0,147.70016933903466,8.692200169153779,0.0,False
1329,4,150.0,147.90707743816756,8.692200169153779,0.0,False
1329,5,150.0,148.27283581038492,16.00740222768607,0.0,False
1329,6,150.0,148.30998425222876,11.215067598263005,0.0,False
1329,7,150.0,148.44756229710896,10.989032985634765,0.0,False
1329,8,150.0,149.65558787292963,23.659778558213958,0.0,False
1329,9,150.0,150.6647695985966,21.656746156403898,0.0,False
1329,10,150.0,134.45815505109437,161.2589703167525,0.0,False
1329,11,150.0,113.73956672111434,161.27035396554732,0.0,False
1329,12,130.0,92.92169712838749,161.28551969454426,20.0,False
1329,13,135.0,99.99409052195489,161.2829419502332,15.0,False
1329,14,80.0,92.14854122444451,162.9247815805601,70.0,True
1329,15,80.0,83.5735143588657,164.5562522122588,70.0,True
1329,16,80.0,72.2908985085065,155.96110518059325,70.0,True
1330,0,140.0,132.4598579206094,36.5182761283214,15.0,False
1330,1,145.0,134.1683679626325,41.699567273423256,10.0,False
1330,2,145.0,133.283904155231,48.44271917971108,10.0,False
1330,3,150.0,139.65084976764115,46.2761090733939,5.0,False
1330,4,150.0,144.89133246785335,159.30957986712318,5.0,False
1330,5,155.0,146.6204043112612,35.76709036367052,0.0,False
1330,6,155.0,145.2836001863922,37.14122679517364,0.0,False
1330,7,155.0,149.95426888183985,37.523721897872875,0.0,False
1330,8,155.0,151.39762385967504,37.14122679517364,0.0,False
1330,9,155.0,151.98785400814904,37.14122679517364,0.0,False
1330,10,160.0,152.87948596838362,38.30248868897074,5.0,False
1330,11,160.0,153.43896368162368,39.966187880330764,5.0,False
1330,12,160.0,152.52060097944985,46.18924599705309,5.0,False
1330,13,160.0,157.9612985369922,11.215209705504918,5.0,False
1330,14,160.0,157.8816566433925,18.493828374961367,5.0,False
1330,15,160.0,149.62372735675177,53.31017885196623,5.0,False
1330,16,160.0,143.94569715272635,53.71517205232321,5.0,False
1331,0,135.0,134.97118998390246,7.829328109086163,5.0,False
1331,1,135.0,135.3654027716963,7.920292982810196,5.0,False
1331,2,135.0,135.96674306313344,8.762081105852673,5.0,False
1331,3,135.0,136.99749472095993,8.860613199328782,5.0,False
1331,4,140.0,138.0256934397465,8.23820876870252,0.0,False
1331,5,140.0,138.5444298791339,6.8443708369765375,0.0,False
1331,6,140.0,137.5176090158081,14.73070262877414,0.0,False
1331,7,140.0,137.04324831527768,11.406500013359391,0.0,False
1331,8,140.0,137.14410824188226,11.24469123786875,0.0,False
1331,9,140.0,137.58235462439544,11.24469123786875,0.0,False
1331,10,140.0,138.12405573691717,14.389293814611165,0.0,False
1331,11,140.0,139.0712923545285,18.982061360284547,0.0,False
1331,12,140.0,139.21746447346567,46.99776658851049,0.0,False
1331,13,140.0,131.9667211571722,48.88496250122536,0.0,False
1331,14,140.0,123.92610837233326,150.61890294453727,0.0,False
1331,15,145.0,115.20832651899094,150.65135748489922,5.0,False
1331,16,145.0,108.2839389297613,150.6357230385933,5.0,False
1332,0,155.0,155.7021201593245,10.464824570910679,0.0,False
1332,1,155.0,156.17783891133203,22.544940145396964,0.0,False
1332,2,155.0,154.4524901154635,10.433063807322895,0.0,False
1332,3,155.0,152.4956380150271,14.456805448316459,0.0,False
1332,4,150.0,151.30573887522934,8.99185099174207,5.0,False
1332,5,150.0,150.72593893055674,7.050221495551995,5.0,False
1332,6,150.0,150.42613479384678,7.050221495551995,5.0,False
1332,7,150.0,149.96197388923417,7.050221495551995,5.0,False
1332,8,150.0,150.79929876539148,26.05989472214793,5.0,False
1332,9,150.0,147.33983071827413,18.858161828790628,5.0,False
1332,10,150.0,143.24013987159884,46.836951496319244,5.0,False
1332,11,150.0,142.8046507664071,48.01277377710248,5.0,False
1332,12,145.0,141.95461738917825,46.48840813545418,10.0,False
1332,13,145.0,142.00892364226877,47.62098559612498,10.0,False
1332,14,145.0,142.79365173992935,49.22243515227011,10.0,False
1332,15,145.0,138.42134601561128,90.33211972985461,10.0,False
1332,16,140.0,116.44947018059982,157.58209683129334,15.0,False
1333,0,175.0,173.42924705530936,36.1631997893349,20.0,True
1333,1,180.0,172.3388431456413,41.886314179865735,25.0,True
1333,2,165.0,170.4986470094951,40.64066967989109,10.0,True
1333,3,150.0,166.26894459901374,40.55230898810834,5.0,False
1333,4,150.0,145.62052470642928,186.21658549703045,5.0,False
1333,5,150.0,122.73830452996386,187.8527789406533,5.0,False
1333,6,150.0,98.89868373505394,174.2351903962592,5.0,False
1333,7,150.0,76.91504425838448,155.5559939717951,5.0,False
1333,8,155.0,87.92185636118863,157.59254930183351,0.0,False
1333,9,155.0,108.07482494135513,160.55799660649362,0.0,False
1333,10,155.0,128.41581534606408,164.2295197082182,0.0,False
1333,11,155.0,158.6111353967305,12.493588568578303,0.0,False
1334,0,150.0,148.92987483603963,19.44968568635278,0.0,False
1334,1,150.0,150.20078806250922,21.562708002182603,0.0,False
1334,2,150.0,152.73383847371665,9.965155998331085,0.0,False
1334,3,150.0,131.4520689734203,157.88102130008775,0.0,False
1334,4,150.0,112.26998036462952,157.88102130008775,0.0,False
1334,5,155.0,93.84635100994208,157.91245675483574,5.0,False
1334,6,155.0,98.97829349397185,161.08608588469244,5.0,False
1334,7,150.0,97.62147592422613,153.660044721257,0.0,False
1334,8,150.0,97.44674845703895,152.5129571134363,0.0,False
1334,9,150.0,97.73889912236547,153.54382786911287,0.0,False
1334,10,150.0,99.3208128150401,153.27783193969813,0.0,False
1334,11,150.0,117.5635329073085,153.27783193969813,0.0,False
1334,12,150.0,140.11900956670482,153.29813434966886,0.0,False
1334,13,150.0,151.3265061547348,12.387791294238497,0.0,False
1334,14,150.0,150.75298860862168,16.693257473345,0.0,False
1334,15,150.0,145.39837000798934,41.51246481010236,0.0,False
1334,16,145.0,143.65232258973663,41.51246481010236,5.0,False
1335,0,140.0,142.3734437142143,14.31206770157607,0.0,False
1335,1,140.0,142.21434937661772,7.101798532881901,0.0,False
1335,2,140.0,141.25641216860822,9.440265194925075,0.0,False
1335,3,140.0,142.0128804511998,9.060336297432855,0.0,False
1335,4,140.0,142.17423065715104,7.2591270074894965,0.0,False
1335,5,145.0,143.36945444909253,14.855771860618091,5.0,False
1335,6,140.0,123.7583353819798,153.6143022492105,0.0,False
1335,7,145.0,112.15902200334556,154.22660533360386,5.0,False
1335,8,145.0,118.58058636151281,153.64371338022838,5.0,False
1335,9,145.0,118.22264584058571,153.64371338022838,5.0,False
1335,10,145.0,92.2627220738222,153.64371338022838,5.0,False
1336,0,130.0,129.05755651134285,4.969954238559737,5.0,False
1336,1,130.0,127.70801500255553,44.43387743622287,5.0,False
1336,2,130.0,123.13819157015149,43.15532423306044,5.0,False
1336,3,130.0,119.0365192011599,43.15532423306044,5.0,False
1336,4,130.0,121.4222675964324,48.40837774692096,5.0,False
1336,5,135.0,122.43401071136206,48.40837774692099,0.0,False
1336,6,135.0,122.85803398769676,48.40837774692099,0.0,False
1336,7,135.0,125.12129932188213,66.36121130759986,0.0,False
1336,8,135.0,123.65041369003569,66.27448603404297,0.0,False
1336,9,140.0,131.50782715559149,60.13624671304501,5.0,False
1336,10,140.0,138.28146118275038,59.69830442939373,5.0,False
1336,11,140.0,141.55953990148035,16.665386448595314,5.0,False
1336,12,140.0,139.44932092518653,36.52430147468233,5.0,False
1336,13,140.0,138.2439181245592,35.95686801128305,5.0,False
1336,14,145.0,132.66847788442766,66.56377646546512,10.0,False
1336,15,140.0,124.29917646003159,61.274070021137106,5.0,False
1336,16,135.0,118.7810985423059,64.95466669846697,0.0,False
1337,0,120.0,125.67890505262523,53.41240282154993,20.0,False
1337,1,110.0,117.92814081267328,55.961204601713746,30.0,False
1337,2,105.0,110.59025405303417,34.33495530108331,35.0,True
1337,3,110.0,110.70899437898227,35.19785896481329,30.0,False
1337,4,105.0,109.8036846060136,38.45688139664951,35.0,True
1337,5,115.0,114.33194155620978,35.53470641634186,25.0,False
1337,6,130.0,117.2296340098873,35.402448773211376,10.0,False
1337,7,130.0,120.40555594964938,44.806591035026656,10.0,False
1337,8,135.0,124.7343247674875,44.62943175028347,5.0,False
1337,9,135.0,130.8694537150974,32.30623799036083,5.0,False
1337,10,135.0,135.08784716024567,9.586808567737108,5.0,False
1337,11,135.0,135.5976694949064,9.586808567737108,5.0,False
1337,12,135.0,136.2831597123116,9.770139466764391,5.0,False
1337,13,140.0,137.75112601241042,10.744456052124889,0.0,False
1337,14,140.0,139.37108867116407,5.827598161565135,0.0,False
1337,15,140.0,139.44686290796517,4.698392057448444,0.0,False
1337,16,140.0,140.64745736591564,8.294439800947885,0.0,False
1338,0,135.0,134.23483685398887,17.80406985664554,20.0,False
1338,1,135.0,131.95277856845118,17.878564290411717,20.0,False
1338,2,130.0,126.05502842835988,34.35073500810199,15.0,False
1338,3,130.0,123.15888709753195,33.996609888175016,15.0,False
1338,4,125.0,118.98063680118194,33.19923294133099,10.0,False
1338,5,120.0,115.76935000895331,31.46078630578876,5.0,False
1338,6,110.0,112.21895774863032,25.808676009342292,5.0,False
1338,7,110.0,109.5310758276586,19.170853218285657,5.0,False
1338,8,110.0,107.33396188471268,10.626310225048684,5.0,False
1338,9,110.0,108.53398158101324,7.577072349719828,5.0,False
1338,10,110.0,105.171995748011,116.20422421698247,5.0,False
1338,11,110.0,109.75821981423064,10.077642032454506,5.0,False
1338,12,110.0,111.92711264320387,20.034732108166523,5.0,False
1338,13,115.0,113.27693143575551,21.624205438890968,0.0,False
1338,14,115.0,98.59260684853885,125.49872485529741,0.0,False
1339,0,140.0,141.59781738423058,4.038140185646057,0.0,False
1339,1,140.0,140.55916644544885,8.693352752877104,0.0,False
1339,2,140.0,139.57958835388325,10.369148498811995,0.0,False
1339,3,140.0,138.77733600458234,8.222426200653842,0.0,False
1339,4,140.0,138.5049320384376,9.99978183087444,0.0,False
1339,5,140.0,137.86410056056863,6.663578970933571,0.0,False
1339,6,135.0,137.55979570227072,8.43534892761565,5.0,False
1339,7,135.0,137.2951826504674,6.188303335901281,5.0,False
1339,8,135.0,137.26245508045338,6.271748854604624,5.0,False
1339,9,140.0,137.71511285735835,5.2049835407288185,0.0,False
1339,10,135.0,137.68506594585492,5.105060195813309,5.0,False
1339,11,135.0,136.56445510058745,12.196814206692423,5.0,False
1339,12,135.0,134.83963664945128,13.918278230267646,5.0,False
1339,13,135.0,135.12681058650924,13.335605808001063,5.0,False
1339,14,135.0,134.32587446964908,13.181068389409447,5.0,False
1339,15,135.0,133.2560293064621,10.570403164098465,5.0,False
1339,16,135.0,127.90196612627332,137.5981463148248,5.0,False
1340,0,155.0,154.49100040479053,7.581124467906648,0.0,False
1340,1,155.0,152.66207810221047,31.748942078468943,0.0,False
1340,2,155.0,153.76285331061368,7.961078716487094,0.0,False
1340,3,155.0,154.9018137962571,10.871333822516192,0.0,False
1340,4,155.0,155.61959300589183,9.163003536150597,0.0,False
1340,5,155.0,155.90892683049296,9.163003536150597,0.0,False
1340,6,155.0,154.28387804813107,20.695273892000387,0.0,False
1340,7,155.0,153.72093814519914,15.620691248437282,0.0,False
1340,8,155.0,148.88125279755099,41.061530674559975,0.0,False
1340,9,155.0,147.50288545994684,52.45061774755206,0.0,False
1340,10,155.0,150.94791547144206,18.207597867373323,0.0,False
1340,11,150.0,149.82425774986763,12.68106474747077,5.0,False
1340,12,150.0,148.7817888412313,16.328311563820193,5.0,False
1340,13,150.0,148.67383296392546,13.675348139108792,5.0,False
1340,14,150.0,148.78943612615637,10.141280473266505,5.0,False
1340,15,150.0,147.37094394486266,46.051924738842374,5.0,False
1340,16,150.0,141.59017955975716,42.98399062375769,5.0,False
1341,0,135.0,134.05285409012544,12.214906069846222,5.0,False
1341,1,135.0,133.708889045713,13.29971884722417,5.0,False
1341,2,130.0,132.49301281558084,16.18386096392912,0.0,False
1341,3,130.0,130.9569866427632,24.619560198509276,0.0,False
1341,4,130.0,128.2032844907898,13.581520430570293,0.0,False
1341,5,130.0,126.99718069732238,9.023978423895471,0.0,False
1341,6,125.0,129.24776677960705,24.857186253460412,5.0,False
1341,7,125.0,124.25342978360005,42.1451038323854,5.0,False
1341,8,125.0,121.5526817033846,41.659342695496306,5.0,False
1341,9,120.0,120.79586870631503,41.659342695496306,10.0,False
1341,10,120.0,120.2940442646597,41.659342695496306,10.0,False
1341,11,120.0,120.32395504359347,41.659342695496306,10.0,False
1341,12,120.0,122.16330142352277,41.659342695496306,10.0,False
1341,13,120.0,114.91058391181035,51.74311574792954,10.0,False
1341,14,120.0,111.52765850003743,35.66911540909051,10.0,False
1341,15,120.0,111.72406369939783,35.66911540909051,10.0,False
1341,16,120.0,110.52997254067847,35.66911540909051,10.0,False
1342,0,140.0,138.73733983315128,15.162801607737464,0.0,False
1342,1,140.0,140.2077939145981,17.75328471260768,0.0,False
1342,2,145.0,142.12397631823123,9.503239168193886,5.0,False
1342,3,140.0,141.04415029501232,16.69832587174392,0.0,False
1342,4,140.0,142.3152725741411,7.465282609446348,0.0,False
1342,5,140.0,141.64815608012552,12.869079991139074,0.0,False
1342,6,140.0,138.8191787669522,21.943602347837214,0.0,False
1342,7,140.0,137.49938979085564,20.93677851437009,0.0,False
1342,8,140.0,136.83726264296862,19.501250154278623,0.0,False
1342,9,140.0,137.1368373443506,22.44599745150613,0.0,False
1342,10,140.0,136.59618882248134,19.53087718352181,0.0,False
1342,11,140.0,137.12152788278294,20.854178419895916,0.0,False
1342,12,140.0,136.15437276932093,20.404251065077048,0.0,False
1342,13,140.0,138.2637415000806,20.472207395492248,0.0,False
1342,14,140.0,135.22764289552174,56.803891093453444,0.0,False
1342,15,140.0,134.38631476273017,58.58985160830552,0.0,False
1342,16,140.0,130.8102241690614,58.42349588170673,0.0,False
1343,0,145.0,144.6601676099656,5.421767714272534,0.0,False
1343,1,145.0,144.72710667496563,5.6094790855187,0.0,False
1343,2,145.0,146.1582430994113,11.651362262756464,0.0,False
1343,3,145.0,146.3525187723259,10.53008271298151,0.0,False
1343,4,150.0,147.8399346218852,10.461379058664193,5.0,False
1343,5,150.0,148.02209149805984,9.108806493026577,5.0,False
1343,6,150.0,147.91272448735913,9.215195124548558,5.0,False
1343,7,150.0,147.28767468683864,10.113884982606464,5.0,False
1343,8,150.0,148.7297197473386,11.42701649651056,5.0,False
1343,9,150.0,149.02367875823057,11.216233531649038,5.0,False
1343,10,150.0,148.4686520445108,11.162611323377519,5.0,False
1343,11,150.0,147.66005188679196,11.722528055278644,5.0,False
1343,12,145.0,146.25565663049508,11.356513039697802,0.0,False
1343,13,145.0,147.05173588098006,12.37812568757542,0.0,False
1343,14,150.0,148.38676482751248,9.726951058988845,5.0,False
1343,15,150.0,145.56788316063776,40.36753209971138,5.0,False
1343,16,145.0,121.21773192313196,151.2534601783213,0.0,False
1344,0,125.0,122.6500122892017,23.82658149691396,5.0,False
1344,1,125.0,125.53873959630471,24.28304050377828,5.0,False
1344,2,125.0,125.41405461867286,20.313242569852534,5.0,False
1344,3,125.0,125.61990965003343,20.313242569852534,5.0,False
1344,4,125.0,125.08002194924028,37.212611627430846,5.0,False
1344,5,125.0,126.72489182142014,15.516169108741138,5.0,False
1344,6,125.0,125.01190953501425,29.152284416040686,5.0,False
1344,7,130.0,124.1799909778227,21.653486390809803,0.0,False
1344,8,130.0,124.91415303247372,21.653486390809803,0.0,False
1344,9,130.0,125.60569633435271,22.587150285105167,0.0,False
1344,10,130.0,126.9326221025741,25.20752718862235,0.0,False
1344,11,135.0,125.53035116565142,33.19596932622227,5.0,False
1344,12,135.0,124.68347235314447,35.29036405991995,5.0,False
1344,13,135.0,127.64147115378834,38.48165677155393,5.0,False
1344,14,135.0,124.38959411046693,39.34111991036637,5.0,False
1344,15,135.0,123.58228060435115,37.57853706521429,5.0,False
1344,16,120.0,121.24812824494269,37.57853706521429,10.0,False
1345,0,100.0,91.14618290555819,165.68967087092074,60.0,True
1345,1,165.0,108.63196424955672,167.4943802853425,5.0,True
1345,2,165.0,119.17383886776169,165.709159421099,5.0,True
1345,3,160.0,145.4591043888869,165.33299813159928,0.0,False
1345,4,160.0,144.9307665417499,61.82988258993748,0.0,False
1345,5,160.0,142.79341932034868,61.77560890647541,0.0,False
1345,6,155.0,141.9675295122225,61.77560890647541,5.0,False
1345,7,150.0,138.29777867053275,67.77880405262088,10.0,False
1345,8,155.0,144.72477319262975,58.9651023819994,5.0,False
1345,9,155.0,154.7229661036488,67.96757797206064,5.0,False
1345,10,155.0,155.0108214927513,30.673674429112765,5.0,False
1345,11,160.0,155.7460310472068,33.39606580945022,0.0,False
1345,12,160.0,159.18473396498226,17.962533031081023,0.0,False
1345,13,160.0,160.2923132205733,18.4750083486056,0.0,False
1345,14,160.0,160.04950999946405,38.14567851635326,0.0,False
1345,15,160.0,160.58307675537196,46.094786257181184,0.0,False
1345,16,160.0,151.35011914807697,109.57963037158939,0.0,False
1346,0,155.0,152.73247815636674,32.898326624866726,0.0,False
1346,1,155.0,154.07436332902222,3.210387148163676,0.0,False
1346,2,155.0,154.39206066147304,4.274506905765151,0.0,False
1346,3,155.0,155.08057921973747,6.033855696619071,0.0,False
1346,4,155.0,155.81821196335116,9.409397587070146,0.0,False
1346,5,155.0,155.32579382708218,7.331805585943442,0.0,False
1346,6,155.0,155.41451044205553,7.484278808930043,0.0,False
1346,7,155.0,155.6045715382828,6.267411716792026,0.0,False
1346,8,155.0,155.2408878552805,6.839213792539766,0.0,False
1346,9,155.0,155.54910051017353,6.748052409531397,0.0,False
1346,10,155.0,153.51520369471245,21.19375773396726,0.0,False
1346,11,155.0,151.95720841639,17.407097126090747,0.0,False
1346,12,150.0,150.7191441656946,12.769122375587926,5.0,False
1346,13,150.0,150.43759609967438,13.249025403564644,5.0,False
1346,14,150.0,149.9955255535794,12.769122375587926,5.0,False
1346,15,150.0,150.28566171535292,13.517098178067556,5.0,False
1346,16,150.0,149.14163211956765,12.408075494113291,5.0,False
1347,0,125.0,130.5086425169905,24.208125422394048,5.0,False
1347,1,130.0,132.3477339139785,23.672820467561124,0.0,False
1347,2,135.0,134.03520281533997,23.672820467561124,5.0,False
1347,3,140.0,135.7145981679152,41.078631027376176,10.0,False
1347,4,140.0,136.71223121539307,23.672820467561124,10.0,False
1347,5,140.0,137.62875874645005,22.66629435397988,10.0,False
1347,6,140.0,138.3852316072449,50.54316778591041,10.0,False
1347,7,140.0,136.77385992045907,21.850583047587392,10.0,False
1347,8,135.0,134.53954858998063,16.634875527566294,5.0,False
1347,9,135.0,133.56367427473813,16.707374772987777,5.0,False
1347,10,130.0,130.07655845420985,40.18557907374678,0.0,False
1347,11,130.0,119.86984301777073,62.81447572840909,0.0,False
1347,12,130.0,109.34430307359294,132.8753144818321,0.0,False
1347,13,95.0,105.1437631183188,62.62134402114104,35.0,True
1347,14,90.0,103.05509312653332,62.762539937879794,40.0,True
1347,15,90.0,102.99828505681378,62.5738882616548,40.0,True
1347,16,100.0,100.80847964576373,62.98262311994229,30.0,True
1348,0,155.0,154.11573614769887,11.980207457485818,5.0,False
1348,1,150.0,152.76161107806954,12.771584695017538,0.0,False
1348,2,150.0,151.87223495431803,12.590843088582119,0.0,False
1348,3,150.0,150.58655566052428,13.445990926405926,0.0,False
1348,4,150.0,145.1476155031323,35.87143801923176,0.0,False
1348,5,145.0,143.90182864365414,27.250881153206535,5.0,False
1348,6,145.0,143.80378189678967,26.95888669334701,5.0,False
1348,7,145.0,143.06445580388313,26.95888669334701,5.0,False
1348,8,145.0,140.52515171403527,26.95888669334701,5.0,False
1348,9,145.0,135.24819799253675,50.574938586936966,5.0,False
1348,10,145.0,128.5547172606242,64.19624792376581,5.0,False
1348,11,140.0,124.57612387355688,60.462548772249036,10.0,False
1348,12,145.0,118.24226080791932,61.1851150561544,5.0,False
1348,13,135.0,119.36062841528415,67.1024008353778,15.0,False
1348,14,125.0,120.58569824994585,80.50212705196749,25.0,False
1348,15,120.0,119.43419935491069,81.20912140541093,30.0,False
1348,16,100.0,101.44446319335887,163.93662349124406,50.0,True
1349,0,155.0,108.98780421651483,155.85389832875802,5.0,False
1349,1,155.0,127.84087190422923,155.85389832881808,5.0,False
1349,2,155.0,152.52730436077272,6.558278392883153,5.0,False
1349,3,150.0,152.35980648760966,7.483998944344933,0.0,False
1349,4,150.0,152.332058224044,7.618929398773474,0.0,False
1349,5,150.0,151.73038630068288,9.263258279787976,0.0,False
1349,6,150.0,150.71302333471223,7.7182262637288375,0.0,False
1349,7,150.0,149.99703748118762,6.606676782662788,0.0,False
1349,8,150.0,149.601672144368,4.138254687385512,0.0,False
1349,9,150.0,149.72327017999356,4.970145719232335,0.0,False
1349,10,150.0,149.71534302867158,4.739050623919695,0.0,False
1349,11,150.0,149.8473413260031,4.6379016326399665,0.0,False
1349,12,150.0,150.17093900157576,4.773088235126551,0.0,False
1349,13,150.0,150.5573237785044,3.797158296885385,0.0,False
1349,14,150.0,150.7373946300361,2.811441135947149,0.0,False
1349,15,150.0,149.94552676275296,7.719954061294317,0.0,False
1349,16,150.0,149.05084053004427,9.194952455493222,0.0,False
1350,0,160.0,160.89511657986554,11.937745666198879,5.0,False
1350,1,160.0,159.5636528236178,7.743332923780315,5.0,False
1350,2,160.0,158.53597600051856,8.961927243408923,5.0,False
1350,3,155.0,157.02917707741668,11.772716248706274,0.0,False
1350,4,155.0,155.86433109045228,12.940455475072469,0.0,False
1350,5,155.0,154.59537972714017,13.0666856178199,0.0,False
1350,6,155.0,153.23401920093775,9.400054363881509,0.0,False
1350,7,150.0,152.3038335061849,5.702571243602193,5.0,False
1350,8,150.0,152.33457304693647,6.7388196755685215,5.0,False
1350,9,150.0,152.035105144282,4.610243764550717,5.0,False
1350,10,150.0,151.96114657036713,4.549309710767886,5.0,False
1350,11,150.0,151.7339911199907,6.183254145345302,5.0,False
1350,12,150.0,142.39656882383375,63.39197395174725,5.0,False
1350,13,150.0,135.11832163061186,63.51220146104481,5.0,False
1350,14,150.0,129.49124243017073,63.51220146104481,5.0,False
1350,15,150.0,127.62418332385401,63.91704148854245,5.0,False
1350,16,125.0,123.74081296204909,63.3180863856102,30.0,False
1351,0,155.0,138.1896579290987,60.43079312903832,155.0,False
1351,1,155.0,135.07744906380057,62.704390337344876,155.0,False
1351,2,155.0,108.57075970062748,159.20173679271406,155.0,False
1352,0,150.0,149.07333615268007,28.59476252888689,0.0,False
1352,1,150.0,150.76042505513973,24.86631926341221,0.0,False
1352,2,155.0,154.04538970218385,26.593201732804914,5.0,False
1352,3,155.0,153.69620994271756,24.238141221363065,5.0,False
1352,4,155.0,152.78057356735556,24.851106299889096,5.0,False
1352,5,160.0,146.20802647022117,162.87891379060758,10.0,False
1352,6,155.0,117.12435513265662,161.24093216643794,5.0,False
1352,7,155.0,112.70462050985482,160.7364549347592,5.0,False
1352,8,140.0,107.74517080512614,160.7364549347592,10.0,False
1352,9,140.0,108.19923412178018,162.87115247239217,10.0,False
1352,10,145.0,107.65278008161717,160.7364549347592,5.0,False
1352,11,150.0,109.80317335270531,161.9470956423226,0.0,False
1352,12,145.0,104.34617140264359,150.04879090496675,5.0,False
1352,13,145.0,125.15786558512967,150.59952663161792,5.0,False
1352,14,145.0,143.99067924571025,49.782468974406726,5.0,False
1352,15,145.0,146.7948727362078,61.19377212175837,5.0,False
1352,16,145.0,146.78066717827133,38.58579394586165,5.0,False
1353,0,145.0,145.83085721072192,10.181705404409655,5.0,False
1353,1,145.0,146.75349619974727,13.422966891771722,5.0,False
1353,2,150.0,148.4894367030853,12.9973811394253,0.0,False
1353,3,150.0,149.50473679866496,6.886308191136493,0.0,False
1353,4,150.0,150.1105009768392,7.599960015388831,0.0,False
1353,5,150.0,150.4139466528836,6.349533438607807,0.0,False
1353,6,150.0,150.38701559329795,5.953176842151009,0.0,False
1353,7,150.0,152.0674291923607,14.56917823544785,0.0,False
1353,8,150.0,151.3650446582704,13.20309285467826,0.0,False
1353,9,150.0,148.15280043366076,29.77219754832508,0.0,False
1353,10,150.0,148.1776612319927,21.096919378954055,0.0,False
1353,11,150.0,148.7011387221037,21.096919378954055,0.0,False
1353,12,150.0,148.65421647446482,21.096919378954055,0.0,False
1353,13,150.0,149.52473313360994,21.096919378954055,0.0,False
1353,14,150.0,148.95683625154206,35.20949357369227,0.0,False
1353,15,150.0,145.1322978854407,26.82232616744247,0.0,False
1353,16,150.0,142.26370075915477,35.53064477510294,0.0,False
1354,0,130.0,127.54905950751665,19.154367432746767,5.0,False
1354,1,130.0,131.24711633356918,26.23069373623204,5.0,False
1354,2,135.0,133.50052021551818,24.668749717524676,0.0,False
1354,3,135.0,134.9694342392572,18.153143144281856,0.0,False
1354,4,135.0,135.43417911888827,13.295315979494148,0.0,False
1354,5,135.0,135.25398881533692,15.095262576190294,0.0,False
1354,6,135.0,135.61440779499597,12.742999844851681,0.0,False
1354,7,135.0,136.3118835229281,12.742999844851681,0.0,False
1354,8,135.0,127.81912262462222,145.440099324345,0.0,False
1354,9,135.0,106.00301973188326,141.21353809667943,0.0,False
1354,10,135.0,88.66351222687078,141.21353809667943,0.0,False
1354,11,135.0,72.39983448911465,141.21353809667943,0.0,False
1354,12,135.0,55.91405952215644,141.21353809667943,0.0,False
1355,0,150.0,146.81256840179887,36.67914630975409,5.0,False
1355,1,150.0,151.1073428259957,41.266673005106014,5.0,False
1355,2,155.0,148.80994223313692,40.39882776639966,0.0,False
1355,3,155.0,153.48221000784645,23.590946919597712,0.0,False
1355,4,155.0,156.88629848581257,20.857396282975287,0.0,False
1355,5,160.0,159.18923834595023,21.465176380347344,5.0,False
1355,6,160.0,160.5046992978505,16.83739937244198,5.0,False
1355,7,160.0,160.36095714954345,16.638133368819837,5.0,False
1355,8,160.0,160.39596942113326,14.943460104850203,5.0,False
1355,9,160.0,160.20454003528175,14.943460104850203,5.0,False
1355,10,155.0,157.87713243530243,22.0647226787452,0.0,False
1355,11,155.0,155.8203462168506,21.701070751429114,0.0,False
1355,12,155.0,153.8542188245724,18.963769217502858,0.0,False
1355,13,150.0,152.43208803199823,9.984768650579696,5.0,False
1355,14,150.0,135.34404573544305,155.70918153300735,5.0,False
1355,15,150.0,114.0572492021221,158.00538595158434,5.0,False
1355,16,150.0,104.91222997352844,154.47071761963886,5.0,False
1356,0,140.0,88.08560714408407,140.0849867356057,0.0,False
1356,1,140.0,105.73233179804501,141.6049747303599,0.0,False
1356,2,140.0,127.23608148515069,144.16324875028403,0.0,False
1356,3,140.0,140.2661691924306,8.389030133477547,0.0,False
1356,4,140.0,140.11834401659706,7.910616939402615,0.0,False
1356,5,140.0,139.5621881051451,9.33314494048011,0.0,False
1356,6,140.0,140.05553824615652,9.199256020645066,0.0,False
1356,7,140.0,140.4137861561588,9.199256020645066,0.0,False
1356,8,140.0,139.9043101838841,9.199256020645066,0.0,False
1356,9,140.0,138.80674124491097,13.667389800820729,0.0,False
1356,10,135.0,137.34286819084522,12.221504047938538,5.0,False
1356,11,135.0,131.9851812757799,51.60174904067321,5.0,False
1356,12,135.0,133.05323680113895,20.779749240396228,5.0,False
1356,13,135.0,130.90059149922337,23.87775400263095,5.0,False
1356,14,135.0,118.64785069851013,140.31707346655824,5.0,False
1357,0,145.0,145.34820943272646,22.9453571906987,30.0,False
1357,1,145.0,145.65640245315572,22.9453571906987,30.0,False
1357,2,145.0,146.12245780206257,32.54550414172596,30.0,False
1357,3,145.0,143.57623691628964,18.70998387892459,30.0,False
1357,4,145.0,139.41299943122493,36.83789022808803,30.0,False
1357,5,145.0,137.7494664985663,36.98412469601192,30.0,False
1357,6,145.0,116.89823065449752,151.58339510409178,30.0,False
1357,7,145.0,99.45755047964252,151.59349639502736,30.0,False
1357,8,115.0,81.92555349217908,151.59349639502736,0.0,False
1358,0,180.0,176.98563038236279,16.571753167503857,180.0,True
1358,1,180.0,177.79111245023034,18.7645181883521,180.0,True
1358,2,180.0,180.10426867851584,21.612934063971778,180.0,True
1358,3,180.0,181.12651994719545,4.279510657936527,180.0,True
1358,4,180.0,180.51162354883394,24.435381422366817,180.0,True
1358,5,180.0,181.26966730177193,5.165954679138167,180.0,True
1358,6,180.0,147.13681900351762,182.72764407399782,180.0,True
1358,7,180.0,124.49779928526827,182.72764407399782,180.0,True
1358,8,180.0,101.98751765827001,183.67783381933307,180.0,True
1359,0,155.0,131.98364008449482,83.58261720288671,15.0,False
1359,1,150.0,127.26296302579658,82.63036037872551,10.0,False
1359,2,150.0,131.19977898994287,82.77388345768895,10.0,False
1359,3,150.0,135.8061211935157,84.48085145086179,10.0,False
1359,4,145.0,143.27762792420023,32.29701390508653,5.0,False
1359,5,145.0,140.8645511820844,29.6700139298688,5.0,False
1359,6,140.0,139.18821162958136,23.489199431701806,0.0,False
1359,7,140.0,138.2901176505627,25.85519632951933,0.0,False
1359,8,135.0,135.66862171619402,19.63195532133632,5.0,False
1359,9,135.0,126.19208570843655,61.65037282989489,5.0,False
1359,10,135.0,120.89436879727911,56.96902029782993,5.0,False
1359,11,135.0,118.419443960257,56.96902029782993,5.0,False
1359,12,135.0,120.73297293995284,56.96902029782993,5.0,False
1359,13,140.0,122.64467344138097,65.80312627148825,0.0,False
1359,14,120.0,118.07180708629295,64.2483450231673,20.0,False
1359,15,100.0,105.02469348208501,79.68106808191797,40.0,True
1359,16,85.0,101.65278917889562,76.2934294530289,55.0,True
1360,0,135.0,137.99634854153356,8.197963845845237,5.0,False
1360,1,140.0,138.2625224335339,6.30196214171184,0.0,False
1360,2,140.0,138.29575368167943,7.367057620219015,0.0,False
1360,3,140.0,138.5184373040477,9.36069373441481,0.0,False
1360,4,140.0,138.2413702315142,7.727545596311558,0.0,False
1360,5,140.0,138.9251161269629,9.00144621375486,0.0,False
1360,6,140.0,139.29754092498746,9.001489202242425,0.0,False
1360,7,140.0,137.72965054903412,18.637401228793067,0.0,False
1360,8,140.0,137.3307545335273,16.277421621856888,0.0,False
1360,9,140.0,139.30234634100532,19.997606781229052,0.0,False
1360,10,140.0,139.19364808790763,19.11388089578901,0.0,False
1360,11,140.0,126.04675023911258,146.70338334577335,0.0,False
1360,12,135.0,127.31420461814395,146.67152103422987,5.0,False
1360,13,135.0,116.3408569562801,146.6715210342321,5.0,False
1360,14,135.0,120.58208083629245,146.6715210342321,5.0,False
1360,15,140.0,122.9124323543968,146.6715210342321,0.0,False
1360,16,145.0,124.10792191666437,149.58642665653912,5.0,False
1361,0,85.0,67.77001479467067,142.3638225425595,5.0,True
1361,1,135.0,84.60412124981329,142.3638225425595,55.0,False
1361,2,135.0,78.50555835601052,142.37173927769933,55.0,False
1361,3,135.0,98.84735109120716,142.37173927812813,55.0,False
1361,4,135.0,110.87122583604112,142.76727098441165,55.0,False
1361,5,135.0,104.30349629893036,135.93924221019216,55.0,False
1361,6,130.0,100.01664385434573,134.24288150898997,50.0,False
1361,7,105.0,94.96861474105755,134.24288150898997,25.0,True
1361,8,100.0,88.37757571193806,134.23446829475134,20.0,True
1361,9,100.0,94.98616889463999,133.49259465436896,20.0,True
1361,10,130.0,114.49836649851767,44.78159465518897,50.0,False
1361,11,100.0,105.33724973973207,77.61870765622959,20.0,True
1361,12,95.0,99.20439742235253,80.0889587635092,15.0,True
1361,13,90.0,94.52709768270385,78.89764837800587,10.0,True
1361,14,70.0,79.25157329866327,135.60925105687738,10.0,True
1362,0,150.0,149.4567065812062,7.480763284654415,0.0,False
1362,1,150.0,148.97144519742918,7.480763284654415,0.0,False
1362,2,150.0,149.3654100836888,7.480763284654415,0.0,False
1362,3,150.0,148.86347468631322,7.6644022704066685,0.0,False
1362,4,150.0,148.33800975745774,3.98981001217777,0.0,False
1362,5,150.0,147.9557775739932,6.109682919864866,0.0,False
1362,6,150.0,148.72129344215045,15.637896057377958,0.0,False
1362,7,150.0,143.8648770457741,82.3580902157821,0.0,False
1362,8,150.0,120.1210510065054,160.92863627807577,0.0,False
1362,9,150.0,101.7815853359003,160.93728915290515,0.0,False
1362,10,150.0,92.19818912332822,160.95542675274478,0.0,False
1362,11,150.0,96.28319906415683,160.9518438817724,0.0,False
1362,12,150.0,96.78025052460151,160.9518438817724,0.0,False
1362,13,150.0,97.43609834323037,162.2161704757101,0.0,False
1362,14,150.0,93.35559433169755,152.11656820084252,0.0,False
1362,15,150.0,101.57734020928966,152.03966961481618,0.0,False
1362,16,150.0,94.04934039058729,152.03035845798146,0.0,False
1363,0,140.0,142.85583904125184,19.506688481495587,0.0,False
1363,1,140.0,141.7424412271635,21.406915552089657,0.0,False
1363,2,140.0,139.64082474147853,38.37188379290551,0.0,False
1363,3,140.0,139.742955611041,38.8038728601781,0.0,False
1363,4,140.0,138.8335789468019,37.98326784747918,0.0,False
1363,5,140.0,138.46836998609572,40.00916569236513,0.0,False
1363,6,140.0,137.4657074692351,30.994946763797216,0.0,False
1363,7,140.0,137.97387339283904,31.675973171067497,0.0,False
1363,8,140.0,138.40005554359067,31.155709578594823,0.0,False
1363,9,140.0,138.42173742625073,35.26404526490306,0.0,False
1363,10,140.0,141.95158760037666,7.136810424814996,0.0,False
1363,11,145.0,142.947222530554,7.253991775602259,5.0,False
1363,12,145.0,142.35659745669588,28.976790156338694,5.0,False
1363,13,145.0,138.1013721522923,29.217458335024716,5.0,False
1363,14,140.0,134.87371023275787,28.94561348918249,0.0,False
1363,15,140.0,132.3751808983786,28.54271174922583,0.0,False
1363,16,120.0,125.5533840748545,145.22906950342698,20.0,False
1364,0,160.0,159.3034588272521,11.242438658591482,25.0,False
1364,1,160.0,160.16956955097595,11.731513375152673,25.0,False
1364,2,160.0,160.8948351827524,8.65911296609184,25.0,False
1364,3,160.0,160.15370958190488,31.301763661603303,25.0,False
1364,4,160.0,155.30161697727647,36.726690955631454,25.0,False
1364,5,160.0,151.93395651278337,35.52393305861281,25.0,False
1364,6,160.0,148.54896298278973,35.29441692733707,25.0,False
1364,7,135.0,144.93026027643123,34.735109318296026,0.0,False
1364,8,135.0,141.2967454533947,32.41786950759965,0.0,False
1364,9,135.0,137.4720813353839,30.626801423064506,0.0,False
1364,10,135.0,131.98985890597328,19.143472785271314,0.0,False
1364,11,135.0,114.96072828467715,135.80407123974254,0.0,False
1364,12,135.0,98.56699067181403,136.07107470231708,0.0,False
1364,13,135.0,81.544815628314,135.5439509799068,0.0,False
1365,0,140.0,136.11878200955798,72.87944658507358,5.0,False
1365,1,140.0,134.7048460263247,66.76372786480745,5.0,False
1365,2,140.0,141.49751937226117,13.403654694388052,5.0,False
1365,3,145.0,142.82368082810427,10.178941123227418,0.0,False
1365,4,145.0,144.1802875219885,10.277835524990252,0.0,False
1365,5,145.0,144.4853551698379,9.815587093685991,0.0,False
1365,6,145.0,123.83356939029676,148.75739218647732,0.0,False
1365,7,145.0,106.24556017889233,148.7657793386885,0.0,False
1365,8,145.0,88.97351005957051,148.7657793386885,0.0,False
1365,9,140.0,78.98940246592424,158.2775811741663,5.0,False
1365,10,145.0,98.01138301019259,157.0049002835205,0.0,False
1366,0,150.0,149.01785346833566,4.601659890186966,5.0,False
1366,1,150.0,148.81768486735325,4.74861139690185,5.0,False
1366,2,150.0,148.4953014451066,6.034505786677812,5.0,False
1366,3,150.0,147.86262478652006,7.634526760838639,5.0,False
1366,4,145.0,147.02592682268917,9.40709341652456,0.0,False
1366,5,145.0,146.12312259924255,7.7894515496979295,0.0,False
1366,6,145.0,145.6714666494039,7.919454058523087,0.0,False
1366,7,145.0,144.65841366193092,6.144114038002783,0.0,False
1366,8,145.0,144.366520223429,4.0642056838905205,0.0,False
1366,9,145.0,143.0460901301433,11.583519048297546,0.0,False
1366,10,145.0,143.06542400866854,7.088647994529026,0.0,False
1366,11,145.0,136.0977293541909,52.81852120385864,0.0,False
1366,12,145.0,129.17555110872334,65.40631069806513,0.0,False
1366,13,140.0,130.64546998890276,56.46592082980459,5.0,False
1366,14,140.0,122.59042592899215,55.44273885579486,5.0,False
1366,15,140.0,116.94279746510229,56.076445732049564,5.0,False
1366,16,105.0,112.1836417162299,55.44273885579486,40.0,True
1367,0,135.0,71.47622290749442,138.02520130577048,0.0,False
1367,1,140.0,80.77474480818653,155.57473644646058,5.0,False
1367,2,140.0,82.39548662447702,155.84701483767105,5.0,False
1367,3,140.0,93.87830888476023,155.84701483767148,5.0,False
1367,4,140.0,109.86736531329072,155.84701483767148,5.0,False
1367,5,135.0,134.5412668834225,155.83163281330113,0.0,False
1367,6,135.0,138.0273015397027,29.28345587673543,0.0,False
1367,7,135.0,134.04924075351067,19.604173198297175,0.0,False
1367,8,135.0,132.17170024058177,11.544583923638285,0.0,False
1367,9,135.0,133.0848359088718,12.747747711519892,0.0,False
1367,10,135.0,133.2972527990651,14.53490238502414,0.0,False
1367,11,135.0,132.73430528424296,18.820394245942566,0.0,False
1367,12,135.0,132.93901814171838,14.787025079558191,0.0,False
1367,13,130.0,131.33965953345276,16.97229914236337,5.0,False
1367,14,130.0,130.75139952539413,16.439438374779215,5.0,False
1368,0,145.0,143.59309073291885,13.454431806790268,5.0,False
1368,1,140.0,142.52757893436393,12.573451798572307,0.0,False
1368,2,140.0,141.40686381720306,13.616523966095599,0.0,False
1368,3,140.0,140.21404451288453,7.556875712737366,0.0,False
1368,4,140.0,139.5609417484231,7.709265006177191,0.0,False
1368,5,140.0,138.4669772815113,3.994761513084228,0.0,False
1368,6,140.0,138.39804042252834,3.772141934060869,0.0,False
1368,7,140.0,138.46746815817013,4.633229029802294,0.0,False
1368,8,140.0,138.73532936184802,3.772141934060869,0.0,False
1368,9,140.0,138.43410916709934,3.8216658871986056,0.0,False
1368,10,140.0,138.32917544104558,5.294358778681044,0.0,False
1368,11,135.0,137.01409380191672,7.210907637616117,5.0,False
1368,12,135.0,135.7807064853187,10.589722784323868,5.0,False
1368,13,135.0,134.68741305612778,12.587933296081744,5.0,False
1368,14,135.0,133.44486768931108,10.528787581142069,5.0,False
1368,15,135.0,132.75974163252909,10.522042004843655,5.0,False
1368,16,130.0,127.63319027589176,137.65982116576993,10.0,False
1369,0,150.0,88.17760911820803,154.84724595179654,5.0,False
1369,1,155.0,109.18691296068857,162.9792495154912,0.0,False
1369,2,155.0,129.1533253922523,161.97713180893686,0.0,False
1369,3,155.0,153.16418033499562,22.215787759445476,0.0,False
1369,4,155.0,152.86883025957067,22.215787759445476,0.0,False
1369,5,155.0,153.71046751395252,22.215787759445476,0.0,False
1369,6,155.0,153.76760607396002,22.215787759445476,0.0,False
1369,7,160.0,155.32866713716038,65.14748790039164,5.0,False
1369,8,160.0,152.90755147885477,36.45392123118198,5.0,False
1369,9,155.0,151.8482909420553,33.831758572037145,0.0,False
1369,10,155.0,150.788966293362,33.831758572037145,0.0,False
1369,11,155.0,150.5441940873303,33.831758572037145,0.0,False
1369,12,155.0,149.9321137085544,35.6444955608152,0.0,False
1369,13,155.0,147.60603862639468,33.831758572037145,0.0,False
1369,14,145.0,139.98381900548412,68.70281146484916,10.0,False
1369,15,140.0,131.60474349395784,63.93304813415398,15.0,False
1369,16,140.0,131.70761707120633,63.93304813415398,15.0,False
1370,0,150.0,154.89624741928932,26.000569819303053,0.0,False
1370,1,150.0,152.4855162940275,26.162715268467224,0.0,False
1370,2,145.0,149.67994730434148,28.078936379283363,5.0,False
1370,3,150.0,147.66285416591714,16.964634899338165,0.0,False
1370,4,145.0,146.80157929196858,11.213423463375335,5.0,False
1370,5,145.0,146.9411268172939,12.368235934225766,5.0,False
1370,6,150.0,147.58696273175872,10.18405122457213,0.0,False
1370,7,150.0,149.47594426825435,20.828805529829594,0.0,False
1370,8,150.0,150.6027274072765,15.530379714619386,0.0,False
1370,9,150.0,152.52584300647723,15.351230443049985,0.0,False
1370,10,155.0,153.9812638627129,13.512260502847312,5.0,False
1370,11,155.0,154.62278804801758,18.89029343194798,5.0,False
1370,12,155.0,150.74074769914597,47.80141064624155,5.0,False
1370,13,155.0,155.6314930672167,21.547798120637594,5.0,False
1370,14,160.0,144.84751681283728,97.96488667969783,10.0,False
1370,15,155.0,127.89142546707687,167.87971515667616,5.0,False
1370,16,155.0,129.27391598218847,95.84698071466491,5.0,False
1371,0,140.0,140.37508719358317,16.992651469597945,0.0,False
1371,1,140.0,139.26006258657537,11.158240151202904,0.0,False
1371,2,140.0,139.74542157124495,11.623137046191715,0.0,False
1371,3,140.0,139.22975874145612,9.916340511333544,0.0,False
1371,4,140.0,139.345863921341,19.53672006541329,0.0,False
1371,5,140.0,140.75877663351577,17.358426496883595,0.0,False
1371,6,145.0,142.4962022610065,18.275876700339523,5.0,False
1371,7,145.0,143.39817459826875,18.206271907160982,5.0,False
1371,8,145.0,144.96019434748203,9.509773418007939,5.0,False
1371,9,145.0,144.9810914834895,8.074742268708974,5.0,False
1371,10,145.0,144.98847215839032,9.472974031007396,5.0,False
1371,11,145.0,143.99933262432518,14.84301029477075,5.0,False
1371,12,145.0,143.88680032739796,13.260750599432242,5.0,False
1371,13,145.0,142.80737788046483,15.136266653544396,5.0,False
1371,14,140.0,141.1441882469759,10.343708564640565,0.0,False
1371,15,140.0,140.0463558796014,8.144915490128227,0.0,False
1371,16,140.0,138.083234338766,14.150698090810948,0.0,False
1372,0,145.0,92.41691233331737,153.22098459566323,50.0,False
1372,1,145.0,107.67708679920274,150.19117530820682,50.0,False
1372,2,145.0,131.85454612951312,150.80128021334633,50.0,False
1372,3,145.0,140.56598142832487,54.22865998458782,50.0,False
1372,4,140.0,138.27525530897265,54.22865998458782,45.0,False
1372,5,140.0,136.3920095837529,54.22865998458782,45.0,False
1372,6,140.0,136.62216798621523,54.22865998458782,45.0,False
1372,7,140.0,138.69784551919415,61.406749459191715,45.0,False
1372,8,135.0,126.43837748731676,69.787641819309,40.0,False
1372,9,140.0,129.5484611306742,44.678882940072256,45.0,False
1372,10,135.0,128.31110379295268,44.678882940072256,40.0,False
1373,0,115.0,116.802245651601,5.677402567620305,0.0,False
1373,1,115.0,116.44150873513873,4.7342686905152505,0.0,False
1373,2,115.0,116.96099763085294,5.116506170070593,0.0,False
1373,3,115.0,116.61669001388276,4.7342686905152505,0.0,False
1373,4,115.0,115.6274984530709,13.47994459582857,0.0,False
1373,5,115.0,114.72678885232347,11.00408867422432,0.0,False
1373,6,115.0,115.25493191117644,13.358038454413958,0.0,False
1373,7,115.0,114.43434136296123,10.548099672166586,0.0,False
1373,8,115.0,114.9478501023308,11.191370969734066,0.0,False
1373,9,115.0,115.32813817696025,12.701533916897361,0.0,False
1373,10,115.0,115.34615267437019,12.688625110884502,0.0,False
1373,11,115.0,114.15234933219469,25.86819727209945,0.0,False
1373,12,115.0,115.66139420403532,10.954073624215724,0.0,False
1373,13,115.0,115.61847122453733,10.798737575402725,0.0,False
1373,14,115.0,114.69371993377226,11.936694376278368,0.0,False
1373,15,115.0,115.50983785299691,11.00688283045281,0.0,False
1373,16,115.0,102.95660818809394,120.35250011610074,0.0,False
1374,0,140.0,138.7036662685223,24.615521723066166,0.0,False
1374,1,140.0,137.0311462887607,24.723672731241862,0.0,False
1374,2,135.0,135.60545540491813,20.23706650672517,5.0,False
1374,3,135.0,134.19510158503738,14.643280686853942,5.0,False
1374,4,135.0,136.4841830553905,13.465323629889141,5.0,False
1374,5,135.0,137.4246909342242,4.7402461681572845,5.0,False
1374,6,135.0,132.84922536700032,38.28936008648313,5.0,False
1374,7,135.0,129.14884113679935,37.2584928010741,5.0,False
1374,8,135.0,125.76598975009765,42.67365075863039,5.0,False
1374,9,135.0,125.23023178869485,42.67365075863039,5.0,False
1374,10,135.0,123.44473192795641,42.67365075863039,5.0,False
1374,11,130.0,123.64957679351186,44.70165959067906,10.0,False
1374,12,125.0,122.61401957872562,38.653469809325586,15.0,False
1374,13,120.0,117.68031517779858,38.653469809325586,20.0,False
1374,14,125.0,117.53643441898288,46.15663353395438,15.0,False
1374,15,120.0,116.02035477843808,39.08757537272773,20.0,False
1374,16,130.0,120.9282435852671,39.97636481174656,10.0,False
1375,0,140.0,140.27758197856087,15.077730554803907,0.0,False
1375,1,140.0,140.48326912329236,12.20187588749502,0.0,False
1375,2,140.0,139.8685603480624,12.20187588749502,0.0,False
1375,3,140.0,140.1610685303637,11.873544873442654,0.0,False
1375,4,140.0,140.40828178715688,11.754891215250126,0.0,False
1375,5,140.0,140.3784615028622,12.55681505984765,0.0,False
1375,6,140.0,139.693059040763,18.293972338056676,0.0,False
1375,7,140.0,139.35070668913832,14.702314363067643,0.0,False
1375,8,140.0,141.5346530626964,24.630916994629416,0.0,False
1375,9,140.0,144.272081664773,26.142847488481237,0.0,False
1375,10,140.0,145.36301376038392,26.142847488481237,0.0,False
1375,11,140.0,146.894334147014,26.142847488481237,0.0,False
1375,12,145.0,148.63139553207458,27.098508294325256,5.0,False
1375,13,150.0,150.59274018868115,25.519808679120132,10.0,False
1375,14,150.0,151.25732294657539,17.740975573257657,10.0,False
1375,15,150.0,147.89890869193727,60.642046135931,10.0,False
1375,16,150.0,138.6351215093871,62.24616054581193,10.0,False
1376,0,105.0,104.11732109323165,7.721254660099049,0.0,True
1376,1,105.0,104.06599767829346,9.031535538164832,0.0,True
1376,2,105.0,103.60376270097731,6.333755608044257,0.0,True
1376,3,105.0,103.41813272611418,6.502668283642578,0.0,True
1376,4,105.0,104.50628564814772,11.03647539658526,0.0,True
1376,5,105.0,105.50017082856282,11.067486764005068,0.0,True
1376,6,105.0,105.2084792977819,11.036418793162753,0.0,True
1376,7,105.0,100.95871927422554,39.95804856570548,0.0,True
1376,8,105.0,98.61611816361345,39.6924758407049,0.0,True
1376,9,105.0,97.5733579489086,39.6924758407049,0.0,True
1376,10,110.0,99.39534775210734,43.76149440632608,5.0,False
1376,11,110.0,101.24982491254079,49.4704698841512,5.0,False
1376,12,110.0,100.68998164291675,48.25968091385403,5.0,False
1376,13,105.0,96.75827821951927,48.25968091385403,0.0,True
1376,14,95.0,93.27924403079318,48.55669189419831,10.0,True
1376,15,100.0,94.2717942980158,43.132233736944244,5.0,True
1376,16,105.0,96.32279113691605,43.48697662604003,0.0,True
1377,0,135.0,133.44981441536112,6.5575093585133,5.0,False
1377,1,135.0,132.82994994543918,7.049941714233711,5.0,False
1377,2,135.0,133.76568391060465,12.574042926368719,5.0,False
1377,3,135.0,136.80190990351818,25.18013083342271,5.0,False
1377,4,135.0,138.29074438095788,21.031818551382486,5.0,False
1377,5,135.0,138.08927794153942,44.06609236090034,5.0,False
1377,6,140.0,134.8472231362556,64.02603886528466,0.0,False
1377,7,140.0,138.1940009099694,53.45222384108871,0.0,False
1377,8,140.0,138.71724748359193,53.45222384108871,0.0,False
1377,9,140.0,139.8190219462419,53.45222384108871,0.0,False
1377,10,140.0,138.59274246372414,55.667572665453434,0.0,False
1377,11,140.0,134.44825895951814,54.627163959376816,0.0,False
1377,12,140.0,140.3812205037612,38.2599528159397,0.0,False
1377,13,140.0,139.84341855339855,60.13212544205628,0.0,False
1377,14,140.0,140.98138510997504,58.78977739566736,0.0,False
1377,15,145.0,141.80876113696507,31.203016712936517,5.0,False
1377,16,145.0,143.62599562641256,32.04710673883355,5.0,False
1378,0,140.0,139.7593756229894,4.389589600497317,0.0,False
1378,1,140.0,138.92636803545275,7.903707075059714,0.0,False
1378,2,140.0,137.76350877411105,9.417630173278638,0.0,False
1378,3,135.0,136.96576566690268,6.924176292620444,5.0,False
1378,4,135.0,136.87637010582844,6.646841509776209,5.0,False
1378,5,135.0,136.3434379128755,7.193649426883468,5.0,False
1378,6,135.0,135.9484524398737,5.087691128258882,5.0,False
1378,7,135.0,136.17407081137043,6.313930594472907,5.0,False
1378,8,135.0,135.9014970796402,6.02091713745105,5.0,False
1378,9,135.0,136.50831747691487,6.009194392398882,5.0,False
1378,10,135.0,136.74579212525393,3.3624885147787893,5.0,False
1378,11,140.0,137.41274535375732,5.787318347660602,0.0,False
1378,12,135.0,137.87116719847015,9.51547720148551,5.0,False
1378,13,140.0,137.42888964570554,9.569683737898373,0.0,False
1378,14,140.0,137.57709814645662,7.475957707554528,0.0,False
1378,15,135.0,128.98979904241367,56.53449607686704,5.0,False
1378,16,135.0,126.90213544209223,46.691312449774614,5.0,False
1379,0,130.0,127.53628873284143,15.889448185875509,5.0,False
1379,1,130.0,127.97701243196347,13.554213398240165,5.0,False
1379,2,130.0,128.34330454508702,11.002250372060487,5.0,False
1379,3,130.0,128.49231220215617,21.217908738930902,5.0,False
1379,4,130.0,127.75515806069828,11.995869834705246,5.0,False
1379,5,125.0,125.9970919130434,14.701681643079667,0.0,False
1379,6,125.0,122.6109991237883,30.58717168477709,0.0,False
1379,7,125.0,122.76929706969246,15.08768701134909,0.0,False
1379,8,125.0,121.80172394978337,23.483317191635678,0.0,False
1379,9,120.0,119.93407614941287,22.154166470746247,5.0,False
1379,10,120.0,118.52898282266486,25.81202897517835,5.0,False
1379,11,120.0,118.22095033278165,25.706681320323213,5.0,False
1379,12,120.0,117.99275264995224,22.16330990691165,5.0,False
1379,13,115.0,115.82374072428183,22.16330990691165,10.0,False
1379,14,115.0,115.39769231308448,22.89690023840832,10.0,False
1379,15,110.0,112.77853266300978,21.363103664138833,15.0,False
1379,16,110.0,112.756912113787,21.363103664138833,15.0,False
1380,0,130.0,129.59579319091117,40.92239188062982,10.0,False
1380,1,135.0,133.67856063316688,20.200991305348893,5.0,False
1380,2,135.0,134.93263833228096,14.970131976755056,5.0,False
1380,3,135.0,135.3863471480403,15.06847967052343,5.0,False
1380,4,135.0,123.7263602690082,143.47737653054838,5.0,False
1380,5,135.0,107.65603189852492,143.5084018572375,5.0,False
1380,6,125.0,101.85089472436442,143.5084018572375,15.0,False
1380,7,120.0,105.07497000307231,143.73885024641908,20.0,False
1380,8,120.0,103.76021576091856,147.41217355545658,20.0,False
1380,9,120.0,106.10692656956448,147.88670639105092,20.0,False
1380,10,130.0,106.70248661452574,147.37071284638697,10.0,False
1380,11,140.0,103.00251588434122,147.37071183618667,0.0,False
1380,12,145.0,124.30660792385446,153.2991112232319,5.0,False
1380,13,145.0,138.5385233276738,44.892960820317896,5.0,False
1380,14,145.0,143.9897875247661,37.278810470027494,5.0,False
1380,15,150.0,148.84820491024757,12.465708987642842,10.0,False
1380,16,145.0,148.06718456763457,12.61937114884492,5.0,False
1381,0,125.0,123.11297819041445,8.617310605942905,5.0,False
1381,1,120.0,122.47073393230082,9.841528530968915,0.0,False
1381,2,120.0,122.27916964779938,9.841510578114566,0.0,False
1381,3,120.0,121.3821213802271,18.266798674078387,0.0,False
1381,4,120.0,120.45388172792086,9.841510578114566,0.0,False
1381,5,120.0,122.77829640712815,19.693100324133084,0.0,False
1381,6,120.0,121.64697569368833,19.312779500689928,0.0,False
1381,7,120.0,120.91533244763559,19.77877819319022,0.0,False
1381,8,120.0,121.5685863883317,19.47861944854931,0.0,False
1381,9,120.0,121.1186102291038,21.677503901479938,0.0,False
1381,10,120.0,120.54563346969302,21.657051094563272,0.0,False
1381,11,120.0,122.11539611048686,20.723434433012798,0.0,False
1381,12,120.0,120.96816530598348,18.35491764803679,0.0,False
1381,13,120.0,120.17941782952924,11.976785442994554,0.0,False
1381,14,120.0,120.11235107582836,10.639295834880755,0.0,False
1381,15,120.0,112.34351961946028,63.68230011645142,0.0,False
1381,16,120.0,95.00747954413619,125.58981602579777,0.0,False
1382,0,140.0,140.35842801697166,9.62438642201164,0.0,False
1382,1,140.0,141.43521720025078,8.77315218921413,0.0,False
1382,2,140.0,141.49467888088336,10.254415600397124,0.0,False
1382,3,140.0,141.62083984170332,10.41151531926198,0.0,False
1382,4,140.0,142.83754221749774,14.151641746759793,0.0,False
1382,5,145.0,143.57584384826177,8.358674627508975,5.0,False
1382,6,145.0,143.7848961624229,7.505370020107819,5.0,False
1382,7,145.0,142.7804368715491,9.81115552109992,5.0,False
1382,8,145.0,142.84864284765465,9.412262454886871,5.0,False
1382,9,145.0,140.5808903286042,23.010145854293754,5.0,False
1382,10,140.0,139.28218038557733,20.354018511404405,0.0,False
1382,11,140.0,136.17811927922907,25.27130704717132,0.0,False
1382,12,135.0,133.59629994862266,19.129029334544526,5.0,False
1382,13,130.0,128.44045320787657,47.80681713769019,10.0,False
1382,14,130.0,116.34860509205132,142.6093870986229,10.0,False
1382,15,125.0,109.66947630358976,82.0226184467102,15.0,False
1382,16,125.0,87.90910017665679,129.0440709738914,15.0,False
1383,0,120.0,116.59515114629258,31.862504545648548,5.0,False
1383,1,120.0,116.25172039238886,47.96951759851362,5.0,False
1383,2,120.0,114.29637298491812,31.09539081805886,5.0,False
1383,3,115.0,112.536440114021,31.517095992335058,0.0,False
1383,4,110.0,109.32616634337901,29.47262465583762,5.0,False
1383,5,110.0,109.23245963740577,29.852861823380323,5.0,False
1383,6,110.0,106.31563761415764,22.67017329985582,5.0,False
1383,7,110.0,109.59600823041087,11.700085083287902,5.0,False
1383,8,110.0,89.55876427989774,110.8268145694006,5.0,False
1383,9,110.0,75.95452653332438,111.59602406872881,5.0,False
1383,10,110.0,62.13168677367379,108.59359367786138,5.0,False
1384,0,155.0,154.3224010033458,10.022156102570534,0.0,False
1384,1,155.0,155.0253548881557,12.291754034280132,0.0,False
1384,2,155.0,155.45946478505607,11.402221288388404,0.0,False
1384,3,155.0,155.34548107678566,11.886814980689053,0.0,False
1384,4,155.0,155.21007644621136,11.402221288388404,0.0,False
1384,5,155.0,154.0024048218296,13.001498726419214,0.0,False
1384,6,155.0,154.91471767726142,10.49652527541295,0.0,False
1384,7,155.0,155.17709571448924,8.514834654490699,0.0,False
1384,8,155.0,154.86238744965365,10.32638944394796,0.0,False
1384,9,155.0,154.47475953366043,6.822113838765063,0.0,False
1384,10,155.0,155.12275361099194,7.592127185065806,0.0,False
1384,11,155.0,155.09098216069194,7.592127185065806,0.0,False
1384,12,155.0,155.37026238020053,9.782228471725233,0.0,False
1384,13,155.0,156.65926842525744,8.70923992588473,0.0,False
1384,14,155.0,151.4412067920864,160.07490783474623,0.0,False
1384,15,160.0,124.32084308106937,160.07726305557458,5.0,False
1384,16,160.0,108.99292730332246,163.4072989565323,5.0,False
1385,0,155.0,156.79555350059752,10.515837247251454,0.0,False
1385,1,155.0,155.56022980524796,7.803412933625111,0.0,False
1385,2,155.0,154.8671748834952,7.959874976459844,0.0,False
1385,3,155.0,154.3281246866093,5.318628379906016,0.0,False
1385,4,155.0,153.97424076953152,5.318628379906016,0.0,False
1385,5,155.0,153.86399521990825,5.607875805643033,0.0,False
1385,6,150.0,151.85709067173505,10.344152209210705,5.0,False
1385,7,150.0,151.11492212944302,9.019162473042627,5.0,False
1385,8,150.0,151.47699125183547,9.019162473042627,5.0,False
1385,9,150.0,151.62852878430445,9.905473585071121,5.0,False
1385,10,150.0,151.9363778343275,10.846561202616329,5.0,False
1385,11,150.0,150.64721792759067,16.56228467977678,5.0,False
1385,12,150.0,150.87751158832893,10.846561202616329,5.0,False
1385,13,150.0,150.73331593851836,13.118287850546437,5.0,False
1385,14,155.0,154.7269922631088,22.16128199498243,0.0,False
1385,15,155.0,152.16167613116522,46.082859505437426,0.0,False
1385,16,155.0,151.04467037988147,42.475255184057886,0.0,False
1386,0,160.0,122.02228948807463,161.395342913897,5.0,False
1386,1,160.0,101.92805616040103,161.39534291389694,5.0,False
1386,2,160.0,82.08361511457586,161.40714975520808,5.0,False
1386,3,165.0,91.50427994660383,171.78326724996026,0.0,True
1386,4,165.0,112.62148549677968,170.1553232032909,0.0,True
1386,5,165.0,132.87363751585335,169.6038499905363,0.0,True
1386,6,165.0,163.75647578676197,11.12022114222276,0.0,True
1386,7,165.0,164.754362507222,12.184803497941857,0.0,True
1386,8,165.0,165.444084608733,11.407955287246779,0.0,True
1386,9,165.0,165.71782861007776,12.04762873918068,0.0,True
1387,0,125.0,126.87508509002596,9.99397102795021,0.0,False
1387,1,130.0,127.57355068158049,5.676046576663154,5.0,False
1387,2,130.0,127.40251135591365,13.279545818004436,5.0,False
1387,3,125.0,127.15582124028082,8.709440540495692,0.0,False
1387,4,125.0,125.97462475413656,9.897301178715267,0.0,False
1387,5,125.0,125.18131936991536,8.878417077489473,0.0,False
1387,6,125.0,124.54610462575819,6.6124770097143255,0.0,False
1387,7,125.0,124.6182776496725,6.438589460795839,0.0,False
1387,8,125.0,125.10300237170115,7.307166293626437,0.0,False
1387,9,125.0,124.73209373105647,5.881185202498813,0.0,False
1387,10,125.0,124.46262815747369,5.881310497942778,0.0,False
1387,11,125.0,124.84021497378339,6.3353342684991105,0.0,False
1387,12,125.0,125.57478237360876,3.2708093195485475,0.0,False
1387,13,125.0,125.82113398943291,3.2820238002594806,0.0,False
1387,14,125.0,125.4056074138317,6.2797474235670165,0.0,False
1387,15,125.0,125.6921267639144,9.202680213362754,0.0,False
1387,16,125.0,124.35649338658467,14.844031543323013,0.0,False
1388,0,140.0,138.95527967824222,10.934773833698927,0.0,False
1388,1,140.0,138.38872083981144,11.382231619558382,0.0,False
1388,2,140.0,137.34702315202668,12.445257315282362,0.0,False
1388,3,135.0,136.43778888911103,9.178428488462117,5.0,False
1388,4,135.0,136.44507993753737,10.376715178080275,5.0,False
1388,5,135.0,136.4982400031121,9.873910677834886,5.0,False
1388,6,135.0,137.11028402778976,12.179113353152815,5.0,False
1388,7,140.0,138.66022898899567,11.796217584700997,0.0,False
1388,8,140.0,137.13897723176086,18.166468952252956,0.0,False
1388,9,140.0,137.59732084382475,17.791274174506157,0.0,False
1388,10,140.0,138.7534851938469,17.791274174506157,0.0,False
1388,11,140.0,139.27840514196578,17.791274174506157,0.0,False
1388,12,140.0,139.02294164229718,17.791274174506157,0.0,False
1388,13,140.0,134.7836936713282,27.99592684330156,0.0,False
1388,14,135.0,129.44541601012887,25.678632060335858,5.0,False
1388,15,135.0,129.48205780879076,24.968661135854504,5.0,False
1388,16,130.0,127.43302130761872,34.16821596229252,10.0,False
1389,0,120.0,118.52317757821024,25.582295910021713,5.0,False
1389,1,120.0,116.39403469737745,27.118054027993125,5.0,False
1389,2,125.0,119.82163025671149,25.621519607076692,0.0,False
1389,3,125.0,122.79698011950565,25.582295910021713,0.0,False
1389,4,125.0,123.39091516178199,27.010412890696074,0.0,False
1389,5,125.0,121.53085130966603,28.527045073935923,0.0,False
1389,6,125.0,123.43351752956663,26.85916501134433,0.0,False
1389,7,125.0,126.51103258261939,19.58601363180047,0.0,False
1389,8,125.0,127.69564950759906,10.8660606595313,0.0,False
1389,9,125.0,126.91900846196945,15.760645211172061,0.0,False
1389,10,125.0,125.96228991945566,14.814023009035552,0.0,False
1389,11,125.0,125.9395204555657,11.856430841871074,0.0,False
1389,12,125.0,128.0437905999852,17.230637031503903,0.0,False
1389,13,130.0,128.5693142112651,14.9585497437416,5.0,False
1389,14,125.0,124.27499363034818,29.227712852636913,0.0,False
1389,15,125.0,118.21758019185526,52.637621480509054,0.0,False
1389,16,115.0,115.18414492393485,52.05509954891215,10.0,False
1390,0,165.0,162.1029686480177,24.90200592105643,0.0,True
1390,1,165.0,163.24664272970975,24.90200592105643,0.0,True
1390,2,165.0,163.4921270154476,25.460485289754217,0.0,True
1390,3,165.0,164.05053231041407,24.98681158243477,0.0,True
1390,4,165.0,163.9724425648024,26.160239576228605,0.0,True
1390,5,165.0,162.1131506904617,24.98681158243477,0.0,True
1390,6,165.0,164.14727679701517,21.64760818869931,0.0,True
1390,7,165.0,164.55337414674074,16.94032917997194,0.0,True
1390,8,165.0,165.76144268182597,12.088471279635456,0.0,True
1390,9,165.0,165.27169514368703,12.864202969034665,0.0,True
1390,10,165.0,164.8621845925604,8.974215080749502,0.0,True
1390,11,165.0,165.0140529172798,10.09782651388079,0.0,True
1390,12,165.0,141.77369684430664,168.64379804321098,0.0,True
1390,13,165.0,121.23026549257905,168.64379804321098,0.0,True
1390,14,170.0,101.40822000350285,168.64400891922912,5.0,True
1390,15,170.0,113.3433745246317,172.73388222340282,5.0,True
1390,16,170.0,114.06474344006797,173.9757523331789,5.0,True
1391,0,130.0,127.82991961924505,26.191780599153873,5.0,False
1391,1,130.0,127.61848851852662,26.191780599153873,5.0,False
1391,2,130.0,127.9966498536081,27.094914171326394,5.0,False
1391,3,130.0,131.57087778118787,20.609701466997777,5.0,False
1391,4,130.0,130.91002450082547,12.118106851707239,5.0,False
1391,5,130.0,131.7195464451675,14.04647418049619,5.0,False
1391,6,135.0,133.03325797037152,9.253744195393637,0.0,False
1391,7,135.0,133.65650300035404,6.999186970023345,0.0,False
1391,8,135.0,133.74110409116437,6.979313424349243,0.0,False
1391,9,135.0,133.53988213216678,5.203065240191933,0.0,False
1391,10,135.0,133.33521884751588,4.326471094760279,0.0,False
1391,11,135.0,133.42316433911975,3.89684082626772,0.0,False
1391,12,135.0,133.86310593607976,5.166519647098568,0.0,False
1391,13,135.0,134.13782196987236,5.908968409814435,0.0,False
1391,14,135.0,133.7555345663086,5.840504014998572,0.0,False
1391,15,135.0,131.0446253753236,43.3894289189802,0.0,False
1391,16,135.0,123.36940072864017,53.89302113751404,0.0,False
1392,0,165.0,160.64088264609708,25.9502761717375,0.0,True
1392,1,165.0,162.19314646431448,25.316336722809325,0.0,True
1392,2,165.0,163.4909863366535,25.31644337566871,0.0,True
1392,3,165.0,163.59900150645996,82.3800844032675,0.0,True
1392,4,170.0,167.6138266068042,8.676530057610904,5.0,True
1392,5,170.0,168.82838919299698,9.32506855120613,5.0,True
1392,6,170.0,169.1656090083435,45.845281751455644,5.0,True
1392,7,170.0,169.43239479791566,45.08915572580037,5.0,True
1392,8,170.0,168.46394501887926,45.08915572580037,5.0,True
1392,9,170.0,167.65613347476335,45.08915572580037,5.0,True
1392,10,170.0,167.2399156981648,45.08915572580037,5.0,True
1392,11,165.0,166.58351400787336,45.08915572580037,0.0,True
1392,12,165.0,167.03573480705631,12.340920880778953,0.0,True
1392,13,165.0,164.41016217618434,57.35495119409255,0.0,True
1392,14,165.0,163.36334364546968,12.053775915183564,0.0,True
1392,15,160.0,160.97263885335784,13.259476493034299,5.0,False
1392,16,160.0,159.72575395308485,13.212996531863695,5.0,False
1393,0,140.0,138.3433495590001,13.617486787484154,5.0,False
1393,1,140.0,138.07765297330423,11.725516121405718,5.0,False
1393,2,140.0,138.17982723002743,10.75122376528958,5.0,False
1393,3,140.0,137.9656624643164,9.949458655998768,5.0,False
1393,4,140.0,138.89737906598856,12.627770013708215,5.0,False
1393,5,140.0,138.10405476750137,10.73486633618515,5.0,False
1393,6,140.0,139.55720153404872,19.31679313253744,5.0,False
1393,7,140.0,140.26527761420098,8.541787449461197,5.0,False
1393,8,140.0,139.21110508241577,10.604136758425398,5.0,False
1393,9,140.0,138.98892672069692,10.258171188978451,5.0,False
1393,10,140.0,138.2928023647488,9.772320297766584,5.0,False
1393,11,135.0,137.05242536382846,12.239866791866746,0.0,False
1393,12,135.0,135.50105144143527,12.671109878512453,0.0,False
1393,13,135.0,134.0883995067463,21.202556946717806,0.0,False
1393,14,130.0,131.08627953955607,15.326919852479264,5.0,False
1393,15,130.0,130.51982654815268,14.09814734027276,5.0,False
1393,16,130.0,129.97209206110554,16.468711345827387,5.0,False
1394,0,160.0,162.0547564194118,11.142011506318767,0.0,False
1394,1,160.0,161.31455701947144,14.958548388241383,0.0,False
1394,2,160.0,161.26201924507515,13.511488022478375,0.0,False
1394,3,160.0,161.5763695788748,13.620070178822147,0.0,False
1394,4,160.0,161.16833082149228,16.83295211111428,0.0,False
1394,5,160.0,159.4661449848135,12.704400200894924,0.0,False
1394,6,160.0,158.07309173830302,17.116480356077517,0.0,False
1394,7,155.0,155.19971210300264,14.96607599339589,5.0,False
1394,8,155.0,155.45398012317557,11.012722884613027,5.0,False
1394,9,155.0,155.52331838746767,15.248866340148766,5.0,False
1394,10,155.0,152.4983827826861,30.463327177197073,5.0,False
1394,11,155.0,128.12339605388277,160.51101274037845,5.0,False
1394,12,155.0,107.99507699182287,155.92082237436503,5.0,False
1394,13,150.0,88.65965224025567,155.9113594566958,10.0,False
1394,14,95.0,75.4109590516733,155.9161336616649,65.0,True
1395,0,130.0,124.58734306949962,138.22949847335803,5.0,False
1395,1,130.0,127.42806499597145,13.532446088943487,5.0,False
1395,2,130.0,127.28931387670028,15.032681812147146,5.0,False
1395,3,130.0,128.4579731587031,14.171233752119079,5.0,False
1395,4,130.0,128.58616548120287,13.360149454475291,5.0,False
1395,5,130.0,129.384953723294,14.42857559467673,5.0,False
1395,6,130.0,109.71946203530487,133.87099343687453,5.0,False
1395,7,125.0,109.07083015985869,73.72790240589454,0.0,False
1395,8,125.0,109.25360035409122,73.72790240589454,0.0,False
1395,9,110.0,107.3123271601857,73.72790240589454,15.0,False
1395,10,110.0,104.96017812012198,72.85983531198723,15.0,False
1395,11,110.0,104.97698017478312,72.85983531198723,15.0,False
1395,12,105.0,95.16316678615146,138.4754447787848,20.0,True
1395,13,110.0,106.73938571968107,129.51118930927797,15.0,False
1395,14,110.0,114.46505957036446,38.315629586915136,15.0,False
1395,15,110.0,114.17039314421226,31.477763484022077,15.0,False
1395,16,125.0,114.70463325148788,33.081336114915345,0.0,False
1396,0,145.0,109.1797008644355,148.89327911816667,5.0,False
1396,1,140.0,126.07309503390677,148.89601421265755,0.0,False
1396,2,140.0,141.42132209556019,12.800083201228404,0.0,False
1396,3,140.0,140.7860167630499,8.574352924477921,0.0,False
1396,4,140.0,140.7112190609096,8.403474806053623,0.0,False
1396,5,140.0,140.58716434993832,8.078925237122917,0.0,False
1396,6,140.0,140.2678216617537,7.710138191189344,0.0,False
1396,7,140.0,139.56267758216867,9.242214379714738,0.0,False
1396,8,140.0,140.13144663372722,10.410193397585687,0.0,False
1396,9,140.0,140.61215897033455,13.492932152595841,0.0,False
1396,10,140.0,140.56054853519046,8.45173190688709,0.0,False
1396,11,140.0,141.63297231113032,15.884767084126196,0.0,False
1396,12,140.0,143.29564922768597,21.205059863825625,0.0,False
1396,13,145.0,144.7557165208052,21.17270703343732,5.0,False
1396,14,145.0,145.67774765950492,20.63876478128239,5.0,False
1396,15,145.0,146.359320586997,16.284666655009914,5.0,False
1396,16,145.0,145.52867110821268,18.50801674099972,5.0,False
1397,0,140.0,138.86029997130484,7.606840166320524,5.0,False
1397,1,140.0,138.26052113585516,8.204548584724165,5.0,False
1397,2,140.0,137.68560236873998,10.005071658262409,5.0,False
1397,3,140.0,139.2515175854614,10.138784355645015,5.0,False
1397,4,140.0,137.96897263177388,8.77715432520418,5.0,False
1397,5,135.0,137.38258360544447,10.137030036941155,0.0,False
1397,6,135.0,137.0242927029319,11.203116599896276,0.0,False
1397,7,135.0,136.34882505061537,11.697439557830648,0.0,False
1397,8,135.0,135.6502276094229,11.7097194282249,0.0,False
1397,9,135.0,136.148818255661,12.001297789839555,0.0,False
1397,10,135.0,135.7331814331178,12.798528392596523,0.0,False
1397,11,135.0,133.66886846071705,9.805246255922413,0.0,False
1397,12,135.0,133.23809652547635,9.039032819607002,0.0,False
1397,13,135.0,133.37780072304338,9.039032819607002,0.0,False
1397,14,135.0,131.74802980085482,42.953368117054055,0.0,False
1397,15,135.0,123.8219485036089,52.83098948830299,0.0,False
1397,16,135.0,118.06841134224655,52.92723274317659,0.0,False
1398,0,120.0,121.17703183626732,28.443407930536083,10.0,False
1398,1,125.0,123.77368069588638,26.70551768863237,5.0,False
1398,2,130.0,126.28767351395167,26.025054620479324,0.0,False
1398,3,130.0,127.85975026102751,25.10345929537897,0.0,False
1398,4,130.0,129.4215443155963,14.20931243557392,0.0,False
1398,5,130.0,129.64911149738845,13.55339889912787,0.0,False
1398,6,130.0,131.39578065690745,11.229636495256457,0.0,False
1398,7,130.0,131.45058305763325,12.14977816562093,0.0,False
1398,8,130.0,132.12788577461566,17.10959531172456,0.0,False
1398,9,130.0,133.80126204245303,20.277358164490565,0.0,False
1398,10,135.0,134.98581659190432,19.147325816393163,5.0,False
1398,11,140.0,136.6084653998163,18.315234698413292,10.0,False
1398,12,140.0,137.73320890203405,19.43330316374515,10.0,False
1398,13,140.0,134.83844104526958,62.78653309013404,10.0,False
1398,14,140.0,125.05770090682412,71.92932801656562,10.0,False
1398,15,140.0,119.01578334737535,72.69018928083827,10.0,False
1398,16,135.0,107.01447594185382,145.77362973521753,5.0,False
1399,0,135.0,133.9745293339795,5.964762307510171,5.0,False
1399,1,135.0,134.5588141934787,5.843030350981223,5.0,False
1399,2,135.0,135.11358453337476,7.0496235313869136,5.0,False
1399,3,135.0,135.45013391760992,4.279423107685574,5.0,False
1399,4,135.0,134.82019885668876,5.036654326551741,5.0,False
1399,5,135.0,133.70386365120862,8.629575125932405,5.0,False
1399,6,135.0,133.34422476593764,8.23687989976014,5.0,False
1399,7,135.0,134.45946752906704,15.0121749860958,5.0,False
1399,8,135.0,134.23956303103452,12.262227657560146,5.0,False
1399,9,130.0,132.57699892474633,15.780619882397659,0.0,False
1399,10,130.0,131.12883078699082,17.541570385505167,0.0,False
1399,11,130.0,129.56270935921407,20.26061569280317,0.0,False
1399,12,125.0,128.674096969175,18.52856969185852,5.0,False
1399,13,125.0,128.53733931879862,18.52856969185852,5.0,False
1399,14,125.0,127.65935747162342,23.072394836406133,5.0,False
1399,15,125.0,119.13998975063407,37.90711303524914,5.0,False
1399,16,125.0,95.0946630913032,125.58081188145364,5.0,False
1400,0,120.0,120.28125467226064,11.649123004926437,5.0,False
1400,1,120.0,121.8262202654848,19.634178658752873,5.0,False
1400,2,120.0,120.71263932981364,9.334858927707103,5.0,False
1400,3,120.0,119.70022680606478,12.27283463676332,5.0,False
1400,4,120.0,119.64455221227811,11.303354141430816,5.0,False
1400,5,120.0,120.13690795746437,11.303354141430816,5.0,False
1400,6,120.0,117.29744701909051,23.622620504021285,5.0,False
1400,7,120.0,116.73612405318053,21.520596147545987,5.0,False
1400,8,120.0,118.45825695443253,26.479818133127424,5.0,False
1400,9,125.0,118.67859914352798,25.713802709370952,0.0,False
1400,10,125.0,119.77945155582309,27.067475057310048,0.0,False
1400,11,125.0,122.50283034174174,29.329440574363076,0.0,False
1400,12,130.0,123.37613875978583,33.705222857564664,5.0,False
1400,13,130.0,122.75604740668177,53.28984753135745,5.0,False
1400,14,130.0,117.79319133538078,61.07497970180299,5.0,False
1400,15,130.0,112.59585077477813,63.28308583933649,5.0,False
1400,16,130.0,106.17443254240784,62.92739708601698,5.0,False
1401,0,125.0,131.65912568612353,37.81830889818153,5.0,False
1401,1,120.0,126.87332379500265,43.09395272052515,0.0,False
1401,2,115.0,124.74095317116776,44.71253026639859,5.0,False
1401,3,115.0,124.08238277309657,43.6599345787472,5.0,False
1401,4,115.0,119.77248466911658,43.030583546093595,5.0,False
1401,5,115.0,114.75421645996948,9.361930730893889,5.0,False
1401,6,115.0,114.43538865399547,30.59822807591614,5.0,False
1401,7,115.0,116.75162873474194,15.81350026747478,5.0,False
1401,8,120.0,117.57231969280183,15.624861856435345,0.0,False
1401,9,120.0,120.72395299741248,27.11082881420866,0.0,False
1401,10,120.0,121.25978367753669,16.416791829736923,0.0,False
1401,11,125.0,122.92821657994661,13.572392180178,5.0,False
1401,12,125.0,121.91590972260974,19.05910247365901,5.0,False
1401,13,125.0,121.6300952031182,18.533063247287686,5.0,False
1401,14,120.0,120.18588604719096,18.533063247287686,0.0,False
1401,15,120.0,120.61406424544293,22.109234772427385,0.0,False
1401,16,120.0,120.70775775294678,27.5169119772587,0.0,False
1402,0,150.0,151.8166448709605,8.315547648040905,5.0,False
1402,1,150.0,150.97025846200205,6.91967938233779,5.0,False
1402,2,150.0,126.51709635762735,154.7271710412401,5.0,False
1402,3,150.0,107.52488332943015,154.3998771776462,5.0,False
1402,4,150.0,88.49368405341625,156.25527226766297,5.0,False
1402,5,150.0,97.58823260800115,152.29139761526037,5.0,False
1402,6,150.0,97.86022922772823,154.6236489996214,5.0,False
1402,7,150.0,98.58557300949545,155.07841660418313,5.0,False
1402,8,150.0,91.4884932873682,154.456030195238,5.0,False
1402,9,150.0,104.43816920874788,154.45271840004168,5.0,False
1402,10,155.0,124.23496898502361,156.53076010019265,0.0,False
1402,11,150.0,152.16663880656023,6.859760067820986,5.0,False
1402,12,155.0,153.07795025074762,13.183216985790892,0.0,False
1402,13,155.0,153.8866538959661,11.965872041615057,0.0,False
1402,14,155.0,154.70997046268036,11.965868701588363,0.0,False
1402,15,155.0,155.06739780558968,13.530997518840849,0.0,False
1402,16,155.0,149.8049521655348,46.20823287410991,0.0,False
1403,0,135.0,134.14208071851266,8.979405761521463,0.0,False
1403,1,135.0,133.58610039631958,4.814054944273153,0.0,False
1403,2,135.0,130.60455611077487,43.096074647628924,0.0,False
1403,3,135.0,132.82179465224186,12.457047018305985,0.0,False
1403,4,135.0,133.17607093617215,15.158876442373241,0.0,False
1403,5,135.0,134.736613938665,22.73296875450103,0.0,False
1403,6,135.0,136.89546824798555,26.971205112861554,0.0,False
1403,7,140.0,137.41828681038757,25.681185169862232,5.0,False
1403,8,140.0,138.07200415193952,27.209410532850384,5.0,False
1403,9,140.0,140.3999752097614,60.529570833451274,5.0,False
1403,10,145.0,142.7529605225946,15.635797011725998,10.0,False
1403,11,145.0,143.96822237774404,9.833757884558707,10.0,False
1403,12,145.0,143.03820153865183,16.82799001820399,10.0,False
1403,13,145.0,141.86271389985103,16.818958243805213,10.0,False
1403,14,140.0,139.3630189007202,13.393815428436426,5.0,False
1403,15,140.0,138.9708425349608,15.03807836930352,5.0,False
1403,16,140.0,118.00961863379734,145.96829192004114,5.0,False
1404,0,145.0,140.49107159751617,35.152692752996145,40.0,False
1404,1,145.0,127.18851983162511,152.16750459858952,40.0,False
1404,2,145.0,103.72600537878188,149.7139111898004,40.0,False
1404,3,140.0,83.28574597938983,146.57789726983106,35.0,False
1404,4,140.0,99.07394634418851,146.57789726983106,35.0,False
1404,5,140.0,99.85293018329479,146.57789726983106,35.0,False
1404,6,140.0,95.69776672054545,146.57789726983106,35.0,False
1404,7,95.0,86.97322871829391,146.45764619940033,10.0,True
1404,8,100.0,80.37178368461674,136.561756752563,5.0,True
1404,9,95.0,92.49717953276141,136.52636980778937,10.0,True
1404,10,100.0,95.1923604202388,136.52636980778937,5.0,True
1404,11,100.0,76.96794028615814,136.52837663161316,5.0,True
1405,0,130.0,128.86948219134018,135.87765943637834,5.0,False
1405,1,130.0,129.0874013403634,13.410819828134791,5.0,False
1405,2,130.0,128.69822373248158,9.666737258269052,5.0,False
1405,3,130.0,128.7811292895272,10.281902628454816,5.0,False
1405,4,130.0,127.43838090109809,10.390298919702687,5.0,False
1405,5,125.0,125.90278869665025,13.125018275895258,0.0,False
1405,6,125.0,125.12919632387336,12.769324471239514,0.0,False
1405,7,125.0,123.99899108759928,11.86593757672398,0.0,False
1405,8,120.0,122.7746237893047,9.621406506267164,5.0,False
1405,9,125.0,123.53277993968598,8.918322307516263,0.0,False
1405,10,125.0,124.3698580703054,17.974457014065905,0.0,False
1405,11,125.0,123.98520008255585,10.33417459236469,0.0,False
1405,12,125.0,124.5879017655897,10.929690097631891,0.0,False
1405,13,125.0,120.26601764992796,69.70507190734861,0.0,False
1405,14,125.0,112.93148375627027,74.54940154274914,0.0,False
1405,15,125.0,109.74572679919652,70.55972353242373,0.0,False
1405,16,125.0,94.5328981067942,130.09655303718807,0.0,False
1406,0,130.0,126.38827379710202,26.424575243741316,0.0,False
1406,1,130.0,125.5290177948255,26.424575243741316,0.0,False
1406,2,130.0,125.46978361188378,26.424575243741316,0.0,False
1406,3,125.0,125.1384511604409,26.424575243741316,5.0,False
1406,4,130.0,125.53668775932556,26.84215448932298,0.0,False
1406,5,130.0,124.18009805650533,57.915249194029414,0.0,False
1406,6,130.0,127.78636788822315,24.110221808503184,0.0,False
1406,7,130.0,130.2774536862284,11.17317861803977,0.0,False
1406,8,130.0,132.39044178457613,17.7607213103108,0.0,False
1406,9,130.0,131.20049358627094,21.149696211104967,0.0,False
1406,10,130.0,130.6762025970433,18.041365515141237,0.0,False
1406,11,130.0,130.49991389272336,18.041365515141237,0.0,False
1406,12,130.0,128.07369437576855,23.861065600773856,0.0,False
1406,13,130.0,123.74026963192256,34.09098983051253,0.0,False
1406,14,125.0,111.77094428628948,138.0201569496814,5.0,False
1406,15,120.0,90.3985980311106,144.06140263508618,10.0,False
1406,16,115.0,73.85330430821047,126.99945968859984,15.0,False
1407,0,150.0,148.00004292553305,7.101313184380615,0.0,False
1407,1,145.0,147.29442669930714,7.032181421326243,5.0,False
1407,2,145.0,146.5436549220492,5.793768499382196,5.0,False
1407,3,145.0,145.65992269277635,6.694269622873378,5.0,False
1407,4,145.0,145.65065792895257,6.731846610251608,5.0,False
1407,5,145.0,146.15866941275812,8.221965202563325,5.0,False
1407,6,145.0,145.91620871277192,6.230119335077717,5.0,False
1407,7,145.0,146.44676237868254,8.446650100302264,5.0,False
1407,8,145.0,146.668536884282,8.042699133690633,5.0,False
1407,9,145.0,147.53825370372948,16.758620392659935,5.0,False
1407,10,145.0,144.12913503562612,33.51484704314092,5.0,False
1407,11,150.0,121.71697018682151,152.90002564416508,0.0,False
1407,12,150.0,133.46155074587304,152.90002564416508,0.0,False
1407,13,150.0,134.15187041862305,154.10593619388402,0.0,False
1407,14,150.0,126.66121896866525,153.9063959345264,0.0,False
1407,15,150.0,113.5440656939213,154.34586371308203,0.0,False
1407,16,135.0,94.40354220004376,164.39851616036336,15.0,False
1408,0,160.0,158.4601966680935,3.1637116415311084,0.0,False
1408,1,160.0,158.67815420434025,6.58019851328865,0.0,False
1408,2,160.0,158.88764616549,3.73850737160771,0.0,False
1408,3,160.0,158.67848604667677,4.212294230157141,0.0,False
1408,4,160.0,159.00642896159775,4.611758719669865,0.0,False
1408,5,160.0,158.5549700173429,4.218940670966646,0.0,False
1408,6,160.0,158.52343775161577,6.332032056001026,0.0,False
1408,7,160.0,158.0539793993244,5.680148868561474,0.0,False
1408,8,160.0,158.5325631540798,6.19628772243243,0.0,False
1408,9,160.0,158.55960677233264,5.9032009664814495,0.0,False
1408,10,160.0,132.93367452211365,161.28966347326042,0.0,False
1408,11,160.0,113.15054585150513,161.2896634732383,0.0,False
1408,12,160.0,93.21820107842032,161.2896634732383,0.0,False
1409,0,155.0,150.37889861283801,56.52043538642489,0.0,False
1409,1,155.0,153.32423792064378,56.94725588325507,0.0,False
1409,2,160.0,154.502100830826,56.255981283509115,5.0,False
1409,3,165.0,155.15762275685364,56.255981283509115,10.0,True
1409,4,160.0,152.68970207384982,57.56281555716333,5.0,False
1409,5,160.0,156.90231012599227,49.33406930132789,5.0,False
1409,6,155.0,159.83499606897945,27.047622918504203,0.0,False
1409,7,155.0,158.39605613058458,26.26750384140371,0.0,False
1409,8,155.0,154.82882885199507,23.52892545473378,0.0,False
1409,9,155.0,152.8571089483946,12.359935334558571,0.0,False
1409,10,150.0,151.38132677092796,13.302650618695054,5.0,False
1409,11,150.0,150.3607313852975,14.031362545194469,5.0,False
1409,12,150.0,150.51975021242197,15.66445013345674,5.0,False
1409,13,150.0,153.09800584996933,20.21949340491534,5.0,False
1409,14,150.0,152.2483452328469,18.092291453603195,5.0,False
1409,15,150.0,152.67373400826207,18.092291453603195,5.0,False
1409,16,150.0,150.48451210623924,32.21000605552476,5.0,False
1410,0,140.0,141.47664895288136,12.361914188648058,5.0,False
1410,1,140.0,137.68291101190258,58.12228271028012,5.0,False
1410,2,145.0,143.7117677794183,11.343540248527631,0.0,False
1410,3,145.0,144.6264965836846,12.13676223592978,0.0,False
1410,4,145.0,145.84836713025425,10.930641865982267,0.0,False
1410,5,145.0,141.26953387300125,33.506500361648946,0.0,False
1410,6,145.0,138.4048519782409,33.506500361648946,0.0,False
1410,7,150.0,138.55274916339647,66.08989698282957,5.0,False
1410,8,150.0,141.55678170393008,37.91300685820964,5.0,False
1410,9,150.0,141.09554213272472,37.91300685820964,5.0,False
1410,10,150.0,139.52666323182865,37.91300685820964,5.0,False
1410,11,130.0,133.20387632117738,48.618335583004324,15.0,False
1410,12,125.0,119.75184371913032,152.77906336254767,20.0,False
1410,13,130.0,120.32340744116406,152.7671609409276,15.0,False
1410,14,95.0,108.83415474281342,152.76177203617078,50.0,True
1410,15,95.0,92.46881182647772,152.36351785761582,50.0,True
1410,16,95.0,82.6018783535397,143.04548674787407,50.0,True
1411,0,135.0,101.97825220256203,140.138260210314,0.0,False
1411,1,135.0,93.98665696078501,140.88408023783182,0.0,False
1411,2,135.0,105.18256890678812,138.59384827159008,0.0,False
1411,3,135.0,132.88776964733495,140.61726866447074,0.0,False
1411,4,135.0,133.99165342892047,6.627408597333954,0.0,False
1411,5,135.0,134.35645957153653,9.11187852279133,0.0,False
1411,6,135.0,135.59422601520015,12.684930810866575,0.0,False
1411,7,135.0,136.75829099149433,12.417257148289877,0.0,False
1411,8,135.0,137.3694384057448,12.474176817846,0.0,False
1411,9,135.0,137.57635493340567,10.897984083161987,0.0,False
1411,10,140.0,138.0453700343064,8.955312976517092,5.0,False
1411,11,140.0,137.94164333099144,8.955312976517092,5.0,False
1411,12,140.0,127.98943993817234,143.129366731744,5.0,False
1411,13,140.0,110.3893282861229,143.7442039367993,5.0,False
1411,14,135.0,92.37436483770192,141.87102831555728,0.0,False
1411,15,135.0,74.68143222464246,139.36298359993017,0.0,False
1412,0,130.0,126.30875650032797,29.47319392016351,5.0,False
1412,1,130.0,127.2380148696115,34.762000698319554,5.0,False
1412,2,125.0,118.77894328895486,50.642526273123465,0.0,False
1412,3,120.0,111.15970392235609,49.58348993490584,5.0,False
1412,4,120.0,114.21872040233332,49.58348993490584,5.0,False
1412,5,125.0,113.28050278367303,49.58348993490584,0.0,False
1412,6,125.0,114.84469323117806,50.11943220112512,0.0,False
1412,7,125.0,113.45063038876116,43.26284256690671,0.0,False
1412,8,125.0,111.8373163970831,41.7059408113912,0.0,False
1412,9,125.0,115.17137807082996,46.00484689171735,0.0,False
1412,10,125.0,119.92725085269612,37.482857056793904,0.0,False
1412,11,125.0,122.79588252760237,11.62068853255083,0.0,False
1412,12,125.0,117.78269297119948,38.72138544546739,0.0,False
1412,13,125.0,112.72133670343915,50.07202601034068,0.0,False
1412,14,120.0,110.0112455317217,48.68086271665703,5.0,False
1412,15,110.0,104.04978957760437,45.221076166583046,15.0,False
1412,16,95.0,99.31830130673009,49.60971464403772,30.0,True
1413,0,140.0,139.0886798675352,12.528645452296587,5.0,False
1413,1,140.0,138.17570960360115,9.491924380201908,5.0,False
1413,2,140.0,137.36955279687234,17.524566860070365,5.0,False
1413,3,140.0,138.4500283833594,9.491924380201908,5.0,False
1413,4,140.0,137.77239491381357,12.977010162835825,5.0,False
1413,5,140.0,139.1744384298946,8.108450530090266,5.0,False
1413,6,140.0,139.38281246555096,8.108450530090266,5.0,False
1413,7,140.0,140.7710958184265,14.957140195518036,5.0,False
1413,8,140.0,139.96265867465863,11.655366396161185,5.0,False
1413,9,140.0,141.46456653749365,28.713714987833754,5.0,False
1413,10,140.0,140.96062102746635,29.18919878838338,5.0,False
1413,11,135.0,139.52790823088196,36.50652964091756,0.0,False
1413,12,135.0,138.62602710140166,38.18238315752566,0.0,False
1413,13,135.0,137.57005179168723,37.284227960041335,0.0,False
1413,14,135.0,136.85522196303174,37.284227960041335,0.0,False
1413,15,135.0,135.2171604165008,17.036619775956154,0.0,False
1413,16,135.0,133.0002794779666,23.26958613059091,0.0,False
1414,0,145.0,119.43008890567677,72.14140332419548,5.0,False
1414,1,145.0,117.1554676118269,71.87074374958799,5.0,False
1414,2,145.0,125.66107377452116,79.36711626916029,5.0,False
1414,3,150.0,134.6957435934314,86.06766822220736,0.0,False
1414,4,150.0,148.41806961948495,88.28661394575505,0.0,False
1414,5,155.0,151.0403969489336,20.2198541767859,5.0,False
1414,6,155.0,152.6436183687194,20.94771941522194,5.0,False
1414,7,155.0,154.6952695814807,20.232699037658534,5.0,False
1414,8,155.0,156.4305349196678,13.606625139547901,5.0,False
1414,9,155.0,153.1656888877658,64.61952091407363,5.0,False
1414,10,155.0,156.23213096212928,11.500172284391198,5.0,False
1414,11,155.0,155.08540273449307,10.723840364735565,5.0,False
1414,12,155.0,150.11229156401512,53.20429779300983,5.0,False
1414,13,155.0,141.23262512224844,61.260150260992134,5.0,False
1414,14,155.0,136.0728967673774,64.22242714373304,5.0,False
1414,15,125.0,132.2212364403273,59.49591364068907,25.0,False
1414,16,125.0,129.2437568194536,59.49591364068907,25.0,False
1415,0,95.0,57.33292003148829,94.70615248607851,50.0,True
1415,1,140.0,86.75121481996938,148.10949210122587,5.0,False
1415,2,140.0,105.68682711860491,152.2118550230254,5.0,False
1415,3,145.0,125.72646719464547,157.97991836104868,0.0,False
1415,4,145.0,145.97383047402292,21.222643961635697,0.0,False
1415,5,145.0,146.7484451219915,20.154439883187962,0.0,False
1415,6,145.0,147.78442434411846,14.313807451593817,0.0,False
1415,7,145.0,147.8493969879444,13.525592199415627,0.0,False
1415,8,145.0,147.9554008758551,13.053475570601961,0.0,False
1415,9,145.0,147.8142617633457,13.61844173234087,0.0,False
1415,10,145.0,146.07116946768173,16.510417111009133,0.0,False
1415,11,145.0,140.2570005834518,40.28997859901041,0.0,False
1416,0,125.0,126.05214150345256,8.07276392653381,5.0,False
1416,1,125.0,126.3363966466198,7.186419114975763,5.0,False
1416,2,125.0,126.37483879688295,6.393467914830794,5.0,False
1416,3,125.0,127.00389597009438,7.834427589342667,5.0,False
1416,4,125.0,126.07460668359286,7.753091605135353,5.0,False
1416,5,125.0,126.4820012221368,7.5353290294027175,5.0,False
1416,6,125.0,127.37590373890642,9.945455064055338,5.0,False
1416,7,130.0,128.45891720439838,11.936156277892152,0.0,False
1416,8,130.0,129.31864275678615,11.333562877480915,0.0,False
1416,9,130.0,130.75102833582676,11.913035426507264,0.0,False
1416,10,135.0,134.07791291416578,24.06863533937441,5.0,False
1416,11,135.0,134.5964320955444,25.694735141602592,5.0,False
1416,12,135.0,136.48134134150533,15.676359990210472,5.0,False
1416,13,135.0,138.90860874515872,17.05588734647705,5.0,False
1416,14,140.0,141.06608203217013,17.768159762352127,10.0,False
1416,15,145.0,142.6287643528396,17.306593673010013,15.0,False
1416,16,145.0,130.60480942609658,150.3120605848596,15.0,False
1417,0,145.0,144.42672339411646,12.981685284815597,0.0,False
1417,1,145.0,143.97181202324288,7.907101617000194,0.0,False
1417,2,145.0,144.32200898005294,7.907101617000194,0.0,False
1417,3,145.0,144.7403415539707,7.955839522231827,0.0,False
1417,4,145.0,146.40727957157776,13.579216436649602,0.0,False
1417,5,145.0,126.66445645160672,154.9073492766853,0.0,False
1417,6,145.0,109.17550688227371,154.92162356975075,0.0,False
1417,7,150.0,91.22483087607866,155.31534599903458,5.0,False
1418,0,130.0,130.94233028565668,16.840374607018788,5.0,False
1418,1,135.0,134.41458018534294,23.49582162702761,0.0,False
1418,2,135.0,110.50509771433057,146.06988047350285,0.0,False
1418,3,135.0,95.16339948380667,146.07498216008108,0.0,False
1418,4,140.0,97.22999248108991,146.6219813776671,5.0,False
1418,5,140.0,101.23771195360685,156.90969641624216,5.0,False
1418,6,145.0,104.26714282012469,158.9782962539165,10.0,False
1418,7,150.0,105.30629933002295,157.23498812302975,15.0,False
1418,8,150.0,102.5727185131086,157.23906016620364,15.0,False
1418,9,155.0,117.81175199362005,163.85094280157406,20.0,False
1418,10,155.0,140.16566905512636,163.03215087941155,20.0,False
1418,11,155.0,152.34271299123304,22.664813650022637,20.0,False
1418,12,155.0,150.6907700083117,27.03818452286535,20.0,False
1418,13,150.0,142.4703585438257,73.50229471658649,15.0,False
1418,14,150.0,142.765527836502,60.09066404216398,15.0,False
1418,15,145.0,140.16535399541888,60.09066404216398,10.0,False
1418,16,140.0,136.97858512217528,60.97887531908293,5.0,False
1419,0,140.0,138.68628267781307,6.185199752964138,0.0,False
1419,1,140.0,138.40305660571622,7.63409015225929,0.0,False
1419,2,140.0,136.385874826857,57.475103797067675,0.0,False
1419,3,140.0,122.71460421101922,140.6524439890766,0.0,False
1419,4,140.0,101.58097617932725,140.6792699094774,0.0,False
1419,5,135.0,93.79597218303999,140.67484567653634,5.0,False
1419,6,110.0,90.42205365063981,140.67484567653634,30.0,False
1419,7,95.0,90.7471946396642,144.16638453967988,45.0,True
1419,8,105.0,97.1501594278902,163.51824156145784,35.0,True
1419,9,110.0,98.634995635462,165.03219591012365,30.0,False
1419,10,110.0,105.59240611290335,166.7669394270746,30.0,False
1419,11,160.0,123.34752570419845,166.77077693129138,20.0,False
1419,12,160.0,139.7593382406299,116.61310399704897,20.0,False
1419,13,160.0,145.3353544007869,67.66529767018089,20.0,False
1419,14,160.0,150.74917480556886,43.79670543587076,20.0,False
1419,15,155.0,135.8146432367558,166.85672260386372,15.0,False
1419,16,130.0,115.33267979488373,167.36916795989544,10.0,False
1420,0,155.0,154.12108636709394,11.534320809029168,5.0,False
1420,1,155.0,152.6822065649702,16.293537112318887,5.0,False
1420,2,155.0,153.9608687655616,10.983033799981428,5.0,False
1420,3,155.0,155.63843947231152,14.489977652685951,5.0,False
1420,4,155.0,157.02104404519685,19.784292784113774,5.0,False
1420,5,160.0,159.80559939949438,11.946434218636142,10.0,False
1420,6,160.0,161.3699494890658,14.790502619035777,10.0,False
1420,7,160.0,156.5165025688142,34.18471339298196,10.0,False
1420,8,160.0,155.48853606540118,34.18471339298196,10.0,False
1420,9,160.0,153.76431120638577,34.18471339298196,10.0,False
1420,10,155.0,152.07897682716293,34.18471339298196,5.0,False
1420,11,140.0,149.11628064322267,34.18471339298196,10.0,False
1420,12,140.0,144.81463739792667,39.41807868377046,10.0,False
1420,13,140.0,139.2380353876066,11.24880006167919,10.0,False
1420,14,140.0,140.11414879944087,11.26758692243078,10.0,False
1420,15,140.0,141.1820275860809,15.135492996772427,10.0,False
1420,16,140.0,141.38371087284253,24.68804848362649,10.0,False
1421,0,120.0,120.43135653162827,6.342427696763863,0.0,False
1421,1,120.0,120.64078432613023,6.192914991418277,0.0,False
1421,2,120.0,121.10512752742162,6.841992813465097,0.0,False
1421,3,120.0,121.81288512290193,6.773635099892374,0.0,False
1421,4,120.0,122.482715628906,6.346624847154317,0.0,False
1421,5,125.0,122.53762610768845,5.398284585826531,5.0,False
1421,6,120.0,122.3452068801916,5.43119123035811,0.0,False
1421,7,120.0,121.36742608937747,10.184829239334846,0.0,False
1421,8,120.0,120.96837930400676,7.773252621514658,0.0,False
1421,9,120.0,120.91184226668852,8.036663465388827,0.0,False
1421,10,120.0,120.46684293740356,7.503892826204023,0.0,False
1421,11,120.0,119.62461558674501,7.318228683462323,0.0,False
1421,12,120.0,119.33768310877717,5.043745524307198,0.0,False
1421,13,120.0,120.24961624013304,9.388847343736913,0.0,False
1421,14,120.0,120.44018682400662,10.231418120993041,0.0,False
1421,15,120.0,121.21771510221419,4.843108448175414,0.0,False
1421,16,120.0,122.51651352490134,20.75084537396205,0.0,False
1422,0,135.0,132.89521683495101,12.328383077281416,5.0,False
1422,1,130.0,131.9727594665561,8.946781869825827,0.0,False
1422,2,130.0,131.8356672273812,7.7484801637709495,0.0,False
1422,3,135.0,117.41408397727474,135.83020103584985,5.0,False
1422,4,135.0,122.84849741829727,51.11174807684121,5.0,False
1422,5,135.0,120.32258356637973,51.11174807684121,5.0,False
1422,6,130.0,115.68148377617962,51.11174807684121,0.0,False
1422,7,120.0,114.78354467668372,52.87865292061839,10.0,False
1422,8,120.0,112.58816340327088,47.14469245583159,10.0,False
1422,9,115.0,103.65939609995402,138.59946311273802,15.0,False
1422,10,115.0,111.73957918321976,139.45327218293434,15.0,False
1422,11,115.0,117.11439579242848,43.25314191309252,15.0,False
1422,12,115.0,118.60672797174581,47.28185905438244,15.0,False
1422,13,120.0,126.76882607329331,38.34009720191014,10.0,False
1422,14,120.0,108.15239420762987,141.81880336403498,10.0,False
1422,15,120.0,104.35288386533016,141.83412630937417,10.0,False
1422,16,100.0,99.12452625588548,141.8724389159986,30.0,True
1423,0,135.0,134.4862209652633,15.461938068823613,5.0,False
1423,1,135.0,132.34622288155987,17.244656074846375,5.0,False
1423,2,130.0,130.3807774081736,14.373091639582384,0.0,False
1423,3,130.0,129.11439245383167,12.302250128133323,0.0,False
1423,4,130.0,128.73700540836586,11.306139189849432,0.0,False
1423,5,130.0,123.80078431926484,42.24551014541966,0.0,False
1423,6,125.0,122.57093365963085,30.82166408452936,5.0,False
1423,7,125.0,123.04396130902882,30.82166408452936,5.0,False
1423,8,130.0,123.8088566668249,32.24226630390483,0.0,False
1423,9,130.0,124.93261836261202,31.06239464569488,0.0,False
1423,10,130.0,125.29985933859736,31.06239464569488,0.0,False
1423,11,130.0,125.56353275361086,31.06239464569488,0.0,False
1423,12,130.0,124.12896152166388,42.48641717153977,0.0,False
1423,13,130.0,126.37846512031872,25.878147314377202,0.0,False
1423,14,130.0,128.54148951969148,20.95655693565294,0.0,False
1423,15,130.0,128.11046108576815,21.881541358511953,0.0,False
1423,16,130.0,122.91306057830836,32.563594366313794,0.0,False
1424,0,140.0,142.56701987713203,13.468732687336086,5.0,False
1424,1,145.0,143.20560953539425,13.468732687336086,0.0,False
1424,2,145.0,143.36174222292465,13.468732687336086,0.0,False
1424,3,145.0,142.65034715522037,25.269251101443288,0.0,False
1424,4,145.0,144.95818273035968,11.414063292326261,0.0,False
1424,5,145.0,146.70028839313457,19.665048659776488,0.0,False
1424,6,150.0,147.5449523928074,19.5731406530154,5.0,False
1424,7,150.0,148.04614574081538,36.23729405650734,5.0,False
1424,8,150.0,152.06625475659794,23.385731308051675,5.0,False
1424,9,155.0,153.477046178142,23.444854806283416,10.0,False
1424,10,155.0,155.49223150615546,23.69978520578931,10.0,False
1424,11,155.0,152.5183992186181,40.45161998920135,10.0,False
1424,12,155.0,149.28520395761316,41.11319431246079,10.0,False
1424,13,130.0,141.63630173559918,61.53537803466253,15.0,False
1424,14,125.0,129.12084566637847,99.30536438604938,20.0,False
1424,15,125.0,116.4135920444862,161.8883899391334,20.0,False
1424,16,120.0,95.60816797050795,158.80351281593312,25.0,False
1425,0,140.0,133.70047976040786,143.63161252276464,0.0,False
1425,1,140.0,139.13879017040645,11.433802996344383,0.0,False
1425,2,140.0,138.58876941775395,11.433802996344383,0.0,False
1425,3,140.0,138.03216527909274,11.849402456028855,0.0,False
1425,4,135.0,135.91537546666262,12.96492840342546,5.0,False
1425,5,135.0,136.55768071471758,15.513275918993244,5.0,False
1425,6,140.0,139.46184415435243,19.824562333814555,0.0,False
1425,7,140.0,141.9613979913987,25.771513574210246,0.0,False
1425,8,140.0,114.51497487408751,155.1491724713404,0.0,False
1425,9,140.0,97.35723366380583,155.1491724713404,0.0,False
1425,10,140.0,79.88950945870153,155.1491724713404,0.0,False
1426,0,145.0,146.98581606466246,6.444525991163459,0.0,False
1426,1,145.0,146.61210719796318,6.444525991163459,0.0,False
1426,2,145.0,146.05236456817238,7.998084574201869,0.0,False
1426,3,145.0,145.2117649247798,5.105769984289594,0.0,False
1426,4,145.0,144.91147936489074,2.269771965001354,0.0,False
1426,5,145.0,144.9524373393287,3.4072876974680923,0.0,False
1426,6,145.0,145.1619547719425,3.134012857303304,0.0,False
1426,7,145.0,145.15523871292226,2.4715969293582702,0.0,False
1426,8,145.0,145.37902302073832,2.6215628702426272,0.0,False
1426,9,145.0,145.25817695157636,2.7285205235120884,0.0,False
1426,10,145.0,144.35169249644179,16.16614761162407,0.0,False
1426,11,145.0,144.57389926558733,10.609495748854926,0.0,False
1426,12,145.0,144.05604846454852,7.50229911171769,0.0,False
1426,13,145.0,141.40505470621486,29.214497741158993,0.0,False
1426,14,145.0,136.7259921788855,32.1487176031455,0.0,False
1426,15,140.0,134.41485861760643,32.07048490009248,5.0,False
1426,16,140.0,133.98870387632826,30.52076713675845,5.0,False
1427,0,140.0,100.14032196786407,139.91212108256656,0.0,False
1427,1,140.0,100.33225911572814,145.93250454912703,0.0,False
1427,2,140.0,110.81738124354636,149.2897244826567,0.0,False
1427,3,140.0,135.02201971775577,147.9872938076025,0.0,False
1427,4,145.0,142.96256806276472,22.087275654603104,5.0,False
1427,5,145.0,146.03678850550375,23.16488915024715,5.0,False
1427,6,150.0,147.48964144435635,15.872119996613634,10.0,False
1427,7,150.0,147.85949160664498,17.92898254435744,10.0,False
1427,8,150.0,148.65999997566595,10.935251995096934,10.0,False
1427,9,150.0,147.73806645109838,14.828641358720063,10.0,False
1427,10,145.0,146.24511189330067,18.916389267758092,5.0,False
1427,11,145.0,145.21336053542075,18.519434976594226,5.0,False
1427,12,140.0,143.13439721236827,19.229119331051493,0.0,False
1427,13,140.0,138.96935536863396,24.031404038720055,0.0,False
1427,14,140.0,138.37958539596855,14.835293924972177,0.0,False
1427,15,135.0,137.16530532968113,13.041705382275296,5.0,False
1427,16,135.0,135.76702054820657,8.615999748519698,5.0,False
1428,0,140.0,140.17215270271257,40.47773652934309,0.0,False
1428,1,140.0,141.3343973047561,40.47773652934309,0.0,False
1428,2,145.0,141.66568077786053,40.47773652934309,5.0,False
1428,3,140.0,132.40311635693394,48.478227791064015,0.0,False
1428,4,140.0,131.04805753524232,48.72288656497176,0.0,False
1428,5,140.0,125.03926399103467,55.27457111504316,0.0,False
1428,6,140.0,118.97760056023918,61.36345861117674,0.0,False
1428,7,95.0,111.82842587072824,53.704681685230966,45.0,True
1428,8,95.0,113.74289572718219,54.47217605414629,45.0,True
1428,9,95.0,110.60929975979124,51.386940738545306,45.0,True
1428,10,140.0,112.77289712078428,50.50263685531375,0.0,False
1428,11,140.0,117.47871923506091,50.50263685531375,0.0,False
1428,12,140.0,122.25137267996557,51.03352233966601,0.0,False
1428,13,140.0,127.57256883942819,50.76208072022979,0.0,False
1428,14,135.0,130.17477394312334,48.23308781066925,5.0,False
1428,15,135.0,130.5860541526071,37.83974597874153,5.0,False
1428,16,135.0,127.09246596511497,33.86621488567589,5.0,False
1429,0,140.0,110.23542979651764,143.15274843706632,0.0,False
1429,1,140.0,131.2991997930458,143.15999916240028,0.0,False
1429,2,140.0,139.93564287720724,5.8146224559170605,0.0,False
1429,3,140.0,139.39947821981443,2.2213247528736986,0.0,False
1429,4,140.0,139.6412953809435,3.257550837292598,0.0,False
1429,5,140.0,140.20644387161335,11.253207487821044,0.0,False
1429,6,140.0,141.34961028350293,10.363848607820756,0.0,False
1429,7,140.0,141.79331372824177,10.98428957406685,0.0,False
1429,8,140.0,142.34777525182446,8.996598993270425,0.0,False
1429,9,140.0,142.31958903276617,9.483730301169288,0.0,False
1429,10,140.0,141.99142784478792,12.91943476190525,0.0,False
1429,11,140.0,141.7426944309722,12.248431064516552,0.0,False
1429,12,145.0,143.3657423150795,15.445007384706969,5.0,False
1429,13,145.0,144.87308663916568,25.328859622279595,5.0,False
1429,14,140.0,144.49677695647793,34.21794525564516,0.0,False
1429,15,140.0,143.26448473267735,32.612862029403715,0.0,False
1429,16,145.0,147.88414185121107,35.35840241422957,5.0,False
1430,0,150.0,97.6470672018267,170.03604018782903,5.0,False
1430,1,160.0,117.61474564510293,169.647595813746,15.0,False
1430,2,160.0,135.80929181470094,169.6598306808012,15.0,False
1430,3,155.0,154.93687143014947,31.363787963811404,10.0,False
1430,4,155.0,155.3705294711495,30.564128467567087,10.0,False
1430,5,145.0,154.05899251450842,32.25139946512169,0.0,False
1430,6,145.0,150.71549539913326,30.564128467567087,0.0,False
1430,7,145.0,147.60525613963662,31.33940364249642,0.0,False
1430,8,145.0,143.60678039923602,17.505371104298007,0.0,False
1430,9,140.0,141.07122703626075,9.53281395777637,5.0,False
1430,10,140.0,138.34759462853083,21.248584458413447,5.0,False
1430,11,140.0,133.65600436055234,42.817561813556495,5.0,False
1430,12,140.0,133.95163090185665,40.095655042088154,5.0,False
1432,0,105.0,93.1668434143746,171.244290899775,20.0,True
1432,1,110.0,83.45429108521351,171.244290899775,15.0,False
1432,2,140.0,89.04438163358412,146.32668177114596,15.0,False
1432,3,135.0,102.91952052645837,146.32668177114596,10.0,False
1432,4,140.0,120.98202076788245,146.329766621494,15.0,False
1432,5,135.0,128.0895646567109,41.93022823394935,10.0,False
1432,6,120.0,124.38951117104594,41.32439202755185,5.0,False
1432,7,120.0,122.21215807627435,43.13832996864019,5.0,False
1432,8,120.0,121.02263443591383,35.95452445925133,5.0,False
1432,9,125.0,121.13757771946369,40.40692022579171,0.0,False
1433,0,130.0,127.74856889258061,12.535307980293865,5.0,False
1433,1,130.0,127.02348043842557,12.0859428626663,5.0,False
1433,2,125.0,126.02649613257532,11.276961376829675,0.0,False
1433,3,125.0,124.93576163336193,11.775157307957883,0.0,False
1433,4,125.0,123.91547828944235,11.28330010394312,0.0,False
1433,5,125.0,123.00685654944735,6.33905825340949,0.0,False
1433,6,125.0,122.98248837204599,10.033158342818055,0.0,False
1433,7,125.0,108.64290647983339,126.07510701846972,0.0,False
1433,8,125.0,110.70296000022223,68.57352204754719,0.0,False
1433,9,125.0,95.63653388973717,125.85095002004475,0.0,False
1433,10,125.0,106.19819281849259,128.3628011741463,0.0,False
1433,11,125.0,105.66145941361711,129.49401412961933,0.0,False
1433,12,125.0,106.34569462515327,129.49376245100086,0.0,False
1433,13,125.0,104.99747882042512,129.49376245100086,0.0,False
1433,14,125.0,105.5599200396337,129.49376245100086,0.0,False
1433,15,125.0,121.2645409171592,40.128136330436774,0.0,False
1433,16,125.0,99.80680179264037,129.53076567197292,0.0,False
1434,0,140.0,140.91207076625813,17.356291201546668,15.0,False
1434,1,140.0,141.02452606925735,17.28122937033939,15.0,False
1434,2,145.0,140.4303349610213,18.09273630037734,20.0,False
1434,3,145.0,133.91973293800035,42.034963699893524,20.0,False
1434,4,140.0,138.801959365745,77.57989741315018,15.0,False
1434,5,140.0,137.27152710807863,65.52514521947191,15.0,False
1434,6,125.0,129.84601511211645,65.52514521947191,0.0,False
1434,7,120.0,125.70976735645023,67.84495138033954,5.0,False
1434,8,115.0,127.74661447127619,66.13454500233438,10.0,False
1434,9,110.0,118.94390595474955,66.13454500233438,15.0,False
1434,10,110.0,126.63879853043892,66.13454500233438,15.0,False
1434,11,115.0,126.90950047975247,80.13547513005356,10.0,False
1434,12,115.0,112.81279812015971,103.94556843370779,10.0,False
1434,13,115.0,97.3352518316735,158.57621033025524,10.0,False
1435,0,120.0,95.60577113496608,128.47241036243935,5.0,False
1435,1,120.0,100.49014332269905,128.4626327335389,5.0,False
1435,2,120.0,100.35452180135576,128.4626327335389,5.0,False
1435,3,120.0,99.9768276885879,128.4626327335389,5.0,False
1435,4,120.0,100.7496496921219,128.4626327335389,5.0,False
1435,5,125.0,101.4485622457957,128.79609156743143,0.0,False
1435,6,125.0,97.84834279228103,124.34042945032564,0.0,False
1435,7,125.0,118.56751190817663,126.81976468501027,0.0,False
1435,8,125.0,123.66347026307017,9.237561850833075,0.0,False
1435,9,125.0,124.26561179723943,10.382818746117778,0.0,False
1435,10,125.0,125.06092085800378,6.305555152131674,0.0,False
1435,11,125.0,124.93169959007558,7.297694255020502,0.0,False
1435,12,125.0,126.57594912714029,21.039499634777158,0.0,False
1435,13,125.0,127.6644347400722,16.00184018629126,0.0,False
1435,14,130.0,130.39207122250073,23.00033313297554,5.0,False
1435,15,130.0,132.73256280925085,24.63924597166333,5.0,False
1435,16,130.0,125.70015336173256,146.007884757977,5.0,False
1436,0,125.0,123.12051652717062,7.293022622812941,0.0,False
1436,1,125.0,123.72896671973038,6.036932523254293,0.0,False
1436,2,125.0,125.09485888186076,10.047911916169369,0.0,False
1436,3,125.0,126.19007047064684,9.115410899537324,0.0,False
1436,4,125.0,127.09522648948831,8.444457568345712,0.0,False
1436,5,130.0,126.30391222971797,62.57614624896422,5.0,False
1436,6,130.0,129.6017542236315,12.882263088557195,5.0,False
1436,7,130.0,112.59626247046782,134.55765581630453,5.0,False
1436,8,130.0,96.63431350100187,134.55765581630453,5.0,False
1436,9,130.0,81.02798954862371,134.55765581630453,5.0,False
1437,0,140.0,138.6746055704954,10.664238273260281,0.0,False
1437,1,140.0,138.86100230667375,11.112728139498955,0.0,False
1437,2,140.0,137.76031703848878,13.60211616358552,0.0,False
1437,3,135.0,137.0313005791045,9.573121473053106,5.0,False
1437,4,140.0,138.27772305015108,10.120102579262806,0.0,False
1437,5,140.0,139.6051706039533,11.736078384151654,0.0,False
1437,6,140.0,140.13613895062042,28.117304036454115,0.0,False
1437,7,140.0,141.37277875217202,13.216726603705297,0.0,False
1437,8,140.0,141.65440001565065,13.216726603705297,0.0,False
1437,9,145.0,141.42345686693727,42.789909973649,5.0,False
1437,10,145.0,142.55626016506363,12.800444457043085,5.0,False
1437,11,145.0,142.72369594641307,9.646585133587138,5.0,False
1437,12,140.0,141.40608804286103,14.901941260824913,0.0,False
1437,13,140.0,135.32194994466107,146.77434199810966,0.0,False
1437,14,140.0,136.50567502337586,42.21869298757427,0.0,False
1437,15,140.0,122.42648349192476,144.69229618504025,0.0,False
1437,16,140.0,102.02846205764884,146.02776341406923,0.0,False
1438,0,125.0,124.2225846624125,26.90015567901189,10.0,False
1438,1,120.0,119.52972416887899,28.923585427739184,5.0,False
1438,2,120.0,124.95927555480688,36.71720367834256,5.0,False
1438,3,120.0,121.48688596601751,52.47101453720951,5.0,False
1438,4,125.0,118.78775852483137,52.271245539974814,10.0,False
1438,5,120.0,115.80640952078397,52.76953983762897,5.0,False
1438,6,115.0,113.59860743818375,52.76953983762897,0.0,False
1438,7,115.0,113.36293868097506,52.76953983762897,0.0,False
1438,8,120.0,116.65259128648694,52.76953983762897,5.0,False
1438,9,120.0,113.6594356103706,53.18190368991975,5.0,False
1438,10,120.0,109.72479928709247,28.68701723060086,5.0,False
1438,11,115.0,111.37256419432505,27.641958562624367,0.0,False
1438,12,115.0,113.83273689995941,24.163847035105476,0.0,False
1438,13,115.0,115.65807710174442,12.610159677356336,0.0,False
1438,14,115.0,115.35540403625821,12.482031554239427,0.0,False
1438,15,115.0,115.7558983601072,13.523120003552677,0.0,False
1438,16,115.0,114.68135203762431,40.609554579916605,0.0,False
1439,0,140.0,140.53885289310523,11.640323972960488,5.0,False
1439,1,140.0,140.0081895357856,9.080005728561702,5.0,False
1439,2,140.0,139.58369556932433,6.57558620177366,5.0,False
1439,3,140.0,140.91104943888814,14.025942613832456,5.0,False
1439,4,140.0,142.3632415610293,14.524597526904302,5.0,False
1439,5,145.0,144.386857377762,15.06236481495992,0.0,False
1439,6,145.0,145.61108129185322,15.314164480652352,0.0,False
1439,7,150.0,147.70743080318675,18.295911921885505,5.0,False
1439,8,150.0,149.44172673995416,11.058770169130554,5.0,False
1439,9,150.0,151.48767800765225,15.515002665369792,5.0,False
1439,10,155.0,152.81078750497676,7.290583873362607,10.0,False
1439,11,155.0,152.8043057221684,8.592793550064016,10.0,False
1439,12,155.0,153.68642357263118,5.067556398686406,10.0,False
1439,13,155.0,153.29456209748002,7.0001601650811835,10.0,False
1439,14,155.0,152.6796972495714,8.775911393495335,10.0,False
1439,15,150.0,151.7624390389333,11.736533797526988,5.0,False
1439,16,155.0,127.25766640911425,158.48050331370288,10.0,False
1440,0,160.0,100.49519671974448,163.55741548759485,10.0,False
1440,1,155.0,119.68861616988713,163.55741548759485,5.0,False
1440,2,155.0,139.23167617725508,163.54646300102752,5.0,False
1440,3,155.0,155.13935201003142,21.959743786746174,5.0,False
1440,4,155.0,151.31907339723878,22.98277090356686,5.0,False
1440,5,150.0,150.10350592096356,23.38600682136945,0.0,False
1440,6,150.0,147.9634384033145,19.59906296845901,0.0,False
1440,7,145.0,147.00185657057057,19.59906296845901,5.0,False
1440,8,150.0,147.16168376391687,19.930930734974595,0.0,False
1440,9,145.0,146.12506002085,19.96273337818971,5.0,False
1440,10,145.0,145.66748665838094,17.324830887056635,5.0,False
1440,11,150.0,147.41952613983668,19.011874600490614,0.0,False
1440,12,150.0,149.5894549608888,13.278627483065605,0.0,False
1440,13,150.0,150.5791347819428,13.577781681432242,0.0,False
1440,14,150.0,151.31612554958966,9.032480385129475,0.0,False
1440,15,150.0,151.09339668504245,9.844310639175461,0.0,False
1440,16,150.0,149.6505032235064,12.92374862101721,0.0,False
1441,0,140.0,141.9802345267087,29.905967140472796,5.0,False
1441,1,140.0,144.8324287663926,35.020681226524914,5.0,False
1441,2,140.0,141.36623207789083,18.931368775129414,5.0,False
1441,3,145.0,144.67551398874693,20.337271059133798,0.0,False
1441,4,145.0,145.73472583750257,14.934806146621384,0.0,False
1441,5,145.0,148.34820744745582,35.817705338733674,0.0,False
1441,6,150.0,152.7877071753205,30.265264214486336,5.0,False
1441,7,150.0,151.28301581867234,29.493218972357397,5.0,False
1441,8,150.0,151.68669604178362,26.921055155517337,5.0,False
1441,9,150.0,151.75837156107707,36.383824639286644,5.0,False
1441,10,150.0,149.85223335381198,28.89333754173998,5.0,False
1441,11,145.0,148.6302699064692,28.778224724817278,0.0,False
1441,12,145.0,150.21513082377888,32.88165447500313,0.0,False
1441,13,145.0,146.3251794468754,21.656383019559286,0.0,False
1441,14,145.0,146.20579980130097,13.522444236135357,0.0,False
1441,15,145.0,146.27109801379692,13.522444236135357,0.0,False
1441,16,145.0,145.6545563295971,20.246850808156267,0.0,False
1442,0,125.0,127.40755976156137,2.774773283695467,5.0,False
1442,1,130.0,128.3092728303917,6.989887566649443,0.0,False
1442,2,130.0,128.67162097849203,7.4892203441743845,0.0,False
1442,3,130.0,130.045535097285,9.733280324730984,0.0,False
1442,4,130.0,130.40428578230282,7.898087037945558,0.0,False
1442,5,130.0,130.435591146417,7.898087037945558,0.0,False
1442,6,130.0,132.2011065312864,14.007101282074728,0.0,False
1442,7,135.0,133.03605989894675,11.108512577306186,5.0,False
1442,8,135.0,132.7963761978685,9.685402743171977,5.0,False
1442,9,135.0,133.0236284052742,9.0687947356071,5.0,False
1442,10,135.0,133.56003670169923,9.0687947356071,5.0,False
1442,11,135.0,133.77498625886423,10.015012460082147,5.0,False
1442,12,135.0,134.62820929382863,9.09561822842582,5.0,False
1442,13,135.0,133.8622830504278,11.751519157172027,5.0,False
1442,14,130.0,132.2322286588886,12.953239614566726,0.0,False
1442,15,130.0,131.49350799687036,13.175518928536206,0.0,False
1442,16,130.0,131.1321234480174,13.284893158681498,0.0,False
1443,0,135.0,136.12625826462192,14.946802150412793,0.0,False
1443,1,135.0,131.75519773538366,145.56137400018906,0.0,False
1443,2,135.0,108.38524712466739,145.55171689220566,0.0,False
1443,3,140.0,92.16917736318807,145.55171689220566,5.0,False
1443,4,140.0,76.55031554712055,153.05404805211182,5.0,False
1443,5,135.0,72.14628413857884,141.05453386333141,0.0,False
1443,6,135.0,89.37800585321122,141.05453386333141,0.0,False
1443,7,135.0,107.52112948475143,147.28554892211815,0.0,False
1443,8,135.0,135.82906771251731,167.6135472886979,0.0,False
1443,9,135.0,141.99770896154217,33.97479787725888,0.0,False
1443,10,135.0,141.65382572557962,34.47327499562954,0.0,False
1443,11,135.0,142.19985963878673,32.84926056670673,0.0,False
1443,12,140.0,141.89328560644222,49.47069818759654,5.0,False
1444,0,140.0,139.74398328625344,15.641418312641122,0.0,False
1444,1,140.0,139.92898984682267,29.37582714823975,0.0,False
1444,2,135.0,137.38163134582655,7.994728009284671,5.0,False
1444,3,135.0,136.08295951599914,12.951767708773133,5.0,False
1444,4,135.0,140.18563596947212,32.65116659020734,5.0,False
1444,5,135.0,142.45114533913423,30.696250876629307,5.0,False
1444,6,135.0,141.82570056616643,30.696250876629307,5.0,False
1444,7,135.0,144.47873586764302,36.12779033070805,5.0,False
1444,8,135.0,141.54109954765866,41.01343360510009,5.0,False
1444,9,130.0,139.75031013786818,38.92268586311768,10.0,False
1444,10,130.0,141.07469220877238,38.92268586311768,10.0,False
1444,11,130.0,137.59560103647513,71.95876644739069,10.0,False
1444,12,130.0,109.33461166203546,164.59601038835808,10.0,False
1444,13,130.0,89.82855633244442,165.10753823921831,10.0,False
1444,14,135.0,80.5426600568456,146.96490236476612,5.0,False
1444,15,135.0,55.49445257534801,134.8907670693201,5.0,False
1445,0,150.0,149.9097542561859,12.551935341082071,5.0,False
1445,1,150.0,149.7699223697671,11.959382406675786,5.0,False
1445,2,150.0,149.74451597889046,11.959382406675786,5.0,False
1445,3,150.0,150.02033859755375,12.397248958652625,5.0,False
1445,4,150.0,147.6360920156343,18.27925301387984,5.0,False
1445,5,145.0,145.4075628130726,10.560675712601153,0.0,False
1445,6,145.0,145.82350010996205,10.497757324722699,0.0,False
1445,7,145.0,145.42966399643436,10.497757324722699,0.0,False
1445,8,145.0,144.1519514976245,11.181332266257868,0.0,False
1445,9,145.0,144.23226609568442,10.911491979438864,0.0,False
1445,10,145.0,143.86069421389874,10.83783729759736,0.0,False
1445,11,145.0,143.51196867038792,12.123865662825324,0.0,False
1445,12,145.0,144.44047342856254,9.018014848299828,0.0,False
1445,13,145.0,137.28541761757597,51.303443283684516,0.0,False
1445,14,145.0,133.2959047070412,50.527655287438535,0.0,False
1445,15,145.0,129.6121229932031,50.527655287438535,0.0,False
1445,16,145.0,124.03977766775536,149.12730660896307,0.0,False
1446,0,130.0,102.5289510647918,132.23937648971972,5.0,False
1446,1,130.0,124.13289344536,132.24666938032553,5.0,False
1446,2,130.0,129.3720678694467,6.014173867018883,5.0,False
1446,3,130.0,129.4417311993581,6.107830593971997,5.0,False
1446,4,130.0,129.0519988410315,4.09671537313973,5.0,False
1446,5,130.0,130.33531064452362,12.858200925895133,5.0,False
1446,6,130.0,130.83807201041543,10.294062720705782,5.0,False
1446,7,130.0,131.7451477341224,10.294062720705782,5.0,False
1446,8,130.0,133.98252025289307,24.3373495407872,5.0,False
1446,9,135.0,138.00890116258208,30.84248480415164,0.0,False
1446,10,140.0,140.9770378324792,25.65933996556913,5.0,False
1446,11,140.0,141.09390438531895,28.428630272723495,5.0,False
1446,12,140.0,142.20830028656007,21.41051455975878,5.0,False
1446,13,140.0,142.3933914801959,23.13952697730008,5.0,False
1446,14,145.0,145.64678748285252,26.814151728579162,10.0,False
1446,15,145.0,150.43145866651625,33.22479524767445,10.0,False
1446,16,145.0,144.05526326179788,165.37996973955674,10.0,False
1447,0,160.0,159.257969685227,13.937352716608018,5.0,False
1447,1,155.0,157.10527464011443,14.557044443820757,0.0,False
1447,2,155.0,155.0719781411038,12.904437499912234,0.0,False
1447,3,155.0,153.511236625491,16.348928905068533,0.0,False
1447,4,150.0,151.3315300641343,14.07060644617502,5.0,False
1447,5,150.0,151.09021663249413,13.792207057644845,5.0,False
1447,6,150.0,151.0973746536041,13.92513998041747,5.0,False
1447,7,150.0,150.8973903248043,11.760850340335395,5.0,False
1447,8,150.0,150.38139238894829,11.760850340335395,5.0,False
1447,9,150.0,145.4948670698271,62.13194773529361,5.0,False
1447,10,150.0,149.97078997115958,34.53582351593296,5.0,False
1447,11,155.0,151.7307243465888,38.52883335058557,0.0,False
1447,12,155.0,153.01401313951592,38.36404441047789,0.0,False
1447,13,155.0,151.87486379061863,38.36404441047789,0.0,False
1447,14,155.0,151.45438663063885,38.36404441047789,0.0,False
1447,15,155.0,143.3439851213877,64.43706652104177,0.0,False
1447,16,155.0,135.99120646477442,67.3173688654442,0.0,False
1448,0,145.0,150.4708248538724,22.811159513500627,5.0,False
1448,1,150.0,152.57317284307408,21.14860068092517,0.0,False
1448,2,150.0,153.26435249870434,20.553250331846414,0.0,False
1448,3,150.0,153.0413240325651,20.553250331846414,0.0,False
1448,4,155.0,154.40500065454438,20.972095351986553,5.0,False
1448,5,150.0,149.38803435116293,46.59900316085857,0.0,False
1448,6,150.0,130.10207337300977,161.1057374558111,0.0,False
1448,7,150.0,113.1774256623691,168.6681441849674,0.0,False
1448,8,150.0,92.54893760187088,156.98404487140115,0.0,False
1449,0,130.0,92.89062179161684,137.3546249491241,5.0,False
1449,1,130.0,109.44813956634702,137.3546249491241,5.0,False
1449,2,130.0,129.3726407593281,15.79018061152982,5.0,False
1449,3,130.0,130.54828894056956,16.382726792608764,5.0,False
1449,4,135.0,132.40049304728905,11.08244338046768,0.0,False
1449,5,135.0,132.92252785011902,11.389850816316027,0.0,False
1449,6,135.0,133.0358866021741,13.123494905067844,0.0,False
1449,7,135.0,133.52203651843845,13.98359251201444,0.0,False
1449,8,135.0,134.08954977876036,15.624898793813685,0.0,False
1449,9,135.0,134.45057066418448,18.296965451207313,0.0,False
1449,10,135.0,132.35227581288942,28.058797050127623,0.0,False
1449,11,135.0,128.8222387279256,35.74344082572327,0.0,False
1449,12,135.0,125.17348802104146,38.99228127753862,0.0,False
1449,13,110.0,112.04619439287256,141.03079674154534,25.0,False
1450,0,170.0,167.6694466650809,5.786445832513863,5.0,True
1450,1,170.0,167.8283796923828,4.866358433521867,5.0,True
1450,2,170.0,168.23543806943016,6.131990619130818,5.0,True
1450,3,170.0,167.86605982710165,4.8896606405119485,5.0,True
1450,4,170.0,168.49469061423846,5.881791957887486,5.0,True
1450,5,170.0,168.09180430341678,5.584189628531277,5.0,True
1450,6,165.0,167.33895538065974,6.872776996332874,0.0,True
1450,7,165.0,167.11182760768716,7.515845815773275,0.0,True
1450,8,170.0,167.8508738181527,6.722877435182028,5.0,True
1450,9,170.0,167.6424586233963,7.5023485508598355,5.0,True
1450,10,165.0,166.24484019091105,9.138849403197327,0.0,True
1450,11,165.0,165.30365580969735,11.428156038714405,0.0,True
1450,12,165.0,164.1298483598982,8.718426947359148,0.0,True
1450,13,165.0,162.10585798982666,34.167971889499256,0.0,True
1450,14,165.0,154.83909563184972,63.65974954563133,0.0,True
1450,15,165.0,158.12578566184155,62.35436390946447,0.0,True
1450,16,160.0,148.46383069164239,59.31107741091097,5.0,False
1451,0,125.0,86.66821368281579,128.07828844021267,5.0,False
1451,1,125.0,101.8131924430692,128.07828844021267,5.0,False
1451,2,125.0,119.5669664858434,36.53391955321021,5.0,False
1451,3,125.0,116.05227732816064,36.19237564115075,5.0,False
1451,4,125.0,112.91382114295246,37.1918523350419,5.0,False
1451,5,125.0,116.37700226138053,52.94363413055568,5.0,False
1451,6,125.0,118.3503760465521,52.94363413055568,5.0,False
1451,7,120.0,118.21489968607715,52.94363413055568,10.0,False
1451,8,135.0,118.02053404783452,54.169643700930166,5.0,False
1451,9,135.0,122.76684515521299,51.90557701000759,5.0,False
1451,10,140.0,128.583281235034,50.94615644682919,10.0,False
1451,11,140.0,128.0601269540289,51.63932539198096,10.0,False
1451,12,135.0,124.18420071353044,53.872726320475536,5.0,False
1451,13,135.0,120.43179725034658,51.12678070472201,5.0,False
1451,14,135.0,121.78307788014374,49.9833302845404,5.0,False
1451,15,135.0,123.79689930066321,50.088380424596,5.0,False
1451,16,135.0,109.52286015885463,139.12493537376199,5.0,False
1452,0,125.0,98.20060246003483,127.66039724495894,5.0,False
1452,1,125.0,98.49419012024923,127.65986395298552,5.0,False
1452,2,120.0,97.75286023566596,127.65986395298552,0.0,False
1452,3,120.0,97.00397261002382,127.65986395298552,0.0,False
1452,4,120.0,96.70946623224256,127.65986395298552,0.0,False
1452,5,120.0,92.33612296148114,127.65986395298552,0.0,False
1452,6,120.0,107.2221238078702,127.66228984469161,0.0,False
1452,7,120.0,109.82942653309537,127.46088210467707,0.0,False
1452,8,120.0,91.19747759201256,125.16845226596206,0.0,False
1452,9,120.0,85.79331266882946,120.54321420923719,0.0,False
1452,10,120.0,89.69535857824752,125.96363933708413,0.0,False
1452,11,120.0,78.45783979146209,125.92614338759711,0.0,False
1452,12,105.0,61.88922937414304,125.93181179009878,15.0,True
1453,0,155.0,153.05509914482178,9.091508111007329,5.0,False
1453,1,155.0,153.15744702877097,6.426041662972011,5.0,False
1453,2,155.0,146.70903493334743,156.12525079416307,5.0,False
1453,3,150.0,119.54594853531877,155.42794809283797,0.0,False
1453,4,150.0,100.15880855983328,154.11102867127582,0.0,False
1453,5,140.0,87.26029946416497,154.11096252708495,10.0,False
1453,6,150.0,91.94311278751705,154.5955390642486,0.0,False
1453,7,150.0,91.00826403093924,154.47790455926116,0.0,False
1453,8,150.0,91.92436171051212,154.09620400829954,0.0,False
1453,9,150.0,86.30898846331814,154.10531060980819,0.0,False
1453,10,150.0,104.96786573372844,154.08212697998223,0.0,False
1453,11,150.0,123.77755043955962,154.08212715321434,0.0,False
1453,12,150.0,148.99222900923857,64.30930365984231,0.0,False
1453,13,150.0,151.20715764303205,5.3201456667218565,0.0,False
1453,14,150.0,150.78555570567497,4.986877315346845,0.0,False
1453,15,150.0,150.34592694267084,2.6218908442524764,0.0,False
1453,16,150.0,149.9508155544587,4.338456699336888,0.0,False
1454,0,130.0,129.25525352068547,29.984428951886045,15.0,False
1454,1,130.0,129.18696398751015,29.984428951886045,15.0,False
1454,2,130.0,128.67672928264497,29.984428951886045,15.0,False
1454,3,130.0,130.8010664877368,29.984428951886045,15.0,False
1454,4,135.0,131.15982926005864,27.63315217014373,10.0,False
1454,5,140.0,133.45306361691067,37.62715286215604,5.0,False
1454,6,145.0,138.35977644986676,34.69254806873923,0.0,False
1454,7,145.0,142.52031111512363,35.78105241721093,0.0,False
1454,8,145.0,145.43416117606722,20.02662147295905,0.0,False
1454,9,150.0,147.85428817452586,16.482083563454637,5.0,False
1454,10,150.0,150.823674631552,19.427875163957538,5.0,False
1454,11,155.0,154.16085157526248,21.80957228599874,10.0,False
1454,12,155.0,156.95687425341103,21.2033595641536,10.0,False
1454,13,155.0,157.34423688453296,20.23896633537214,10.0,False
1454,14,160.0,158.44649573172023,20.23896633537214,15.0,False
1454,15,160.0,152.4588100857447,49.861660626136555,15.0,False
1454,16,160.0,146.40699822448659,63.463946320111916,15.0,False
1455,0,130.0,128.26691266932238,8.183623870536792,0.0,False
1455,1,130.0,130.22257339605767,25.343761920963075,0.0,False
1455,2,130.0,132.75224576828063,19.17354406784571,0.0,False
1455,3,130.0,133.36497176042627,19.031507479308033,0.0,False
1455,4,130.0,131.14913727637006,32.33287672691269,0.0,False
1455,5,130.0,132.65286668652905,19.031507479308033,0.0,False
1455,6,130.0,133.22714133081362,21.40295774862622,0.0,False
1455,7,135.0,135.0881923848346,17.584449121632332,5.0,False
1455,8,135.0,133.42655251901695,31.826407715401075,5.0,False
1455,9,135.0,123.90551357819568,142.07234373671773,5.0,False
1455,10,135.0,101.42222013237208,139.1699696125157,5.0,False
1455,11,130.0,84.05278717452546,139.1699696125157,0.0,False
1455,12,130.0,87.88858587551398,139.1699696125157,0.0,False
1455,13,115.0,74.16100698972797,139.1699696125157,15.0,False
1456,0,115.0,109.15180959028785,33.296998733097325,0.0,False
1456,1,115.0,109.93092495360828,33.661243047616864,0.0,False
1456,2,120.0,113.98027261716953,37.34233958332524,5.0,False
1456,3,120.0,118.0355973073918,14.340832983103738,5.0,False
1456,4,120.0,119.92533653377795,11.983356479883753,5.0,False
1456,5,120.0,117.73822565562068,28.136537661963203,5.0,False
1456,6,120.0,119.27439313193858,7.012404528566961,5.0,False
1456,7,120.0,119.55536040918761,8.126322466152558,5.0,False
1456,8,120.0,120.01373033087259,7.012404528566961,5.0,False
1456,9,120.0,119.39217512257325,24.159402455940608,5.0,False
1456,10,120.0,119.30950283596535,25.330760704225284,5.0,False
1456,11,120.0,116.77947544411187,24.046395895894918,5.0,False
1456,12,120.0,113.14796956854033,29.60139576755185,5.0,False
1456,13,105.0,109.84849821425948,33.46081046906019,10.0,True
1456,14,95.0,104.78675743540916,42.51081245084946,20.0,True
1456,15,95.0,103.05694769602536,37.026003129673754,20.0,True
1456,16,95.0,99.09999160058838,34.9183803768785,20.0,True
1457,0,140.0,138.3047254863469,5.514740779292907,0.0,False
1457,1,140.0,138.25769800241707,5.653314621537106,0.0,False
1457,2,140.0,138.38264739629903,5.703733605386532,0.0,False
1457,3,140.0,138.74011642804078,7.462768677329166,0.0,False
1457,4,140.0,139.56346446692928,8.030612082572873,0.0,False
1457,5,140.0,138.76483003584897,18.63112813633525,0.0,False
1457,6,140.0,137.74167075515297,12.269053960413288,0.0,False
1457,7,140.0,134.70990897384078,28.63517607119209,0.0,False
1457,8,140.0,135.67925789063545,21.77080743220486,0.0,False
1457,9,140.0,136.84269598180546,22.999214507177243,0.0,False
1457,10,140.0,137.44702664488673,23.759539058170475,0.0,False
1457,11,140.0,137.8733790081962,25.27250166669839,0.0,False
1457,12,145.0,139.07508682019127,30.164186125755833,5.0,False
1457,13,145.0,139.7986228231193,36.275745878127935,5.0,False
1457,14,145.0,139.05153275624062,39.23267745786262,5.0,False
1457,15,145.0,143.32699487281363,33.868534395603845,5.0,False
1457,16,145.0,142.05462276004386,33.868534395603845,5.0,False
1458,0,135.0,137.53791032170722,4.9134934806693025,5.0,False
1458,1,135.0,136.8399557089987,6.619476728604951,5.0,False
1458,2,135.0,135.90885258841828,11.242853157101962,5.0,False
1458,3,135.0,134.51258904546106,10.033793640813514,5.0,False
1458,4,135.0,133.8390867206558,10.695459613012162,5.0,False
1458,5,135.0,132.3611411997666,15.253768893017337,5.0,False
1458,6,135.0,106.60151386273856,139.806676003073,5.0,False
1458,7,130.0,89.05444672058627,136.38336609509517,0.0,False
1458,8,90.0,56.309314299210115,128.67945291954211,40.0,True
1458,9,90.0,47.88818432336038,123.13448063690016,40.0,True
1458,10,90.0,56.83540896648467,104.87680470162567,40.0,True
1458,11,85.0,66.36531649839645,104.87680470162567,45.0,True
1458,12,90.0,78.87339126687509,104.8768049385313,40.0,True
1458,13,90.0,91.28199929033661,26.056785104538378,40.0,True
1459,0,135.0,136.8420988220935,6.055665546554025,0.0,False
1459,1,135.0,136.9261571570251,5.366084323756354,0.0,False
1459,2,135.0,137.30244220671204,4.522405777955498,0.0,False
1459,3,135.0,137.00859737632734,5.391859995383442,0.0,False
1459,4,135.0,136.76315590498928,4.522405777955498,0.0,False
1459,5,135.0,137.25332445688989,7.212213375024163,0.0,False
1459,6,140.0,138.4799234143566,8.719606738093518,5.0,False
1459,7,140.0,138.31241521440668,8.21539166501978,5.0,False
1459,8,140.0,138.3061318327778,8.21539166501978,5.0,False
1459,9,140.0,137.02330843004285,20.95523959797245,5.0,False
1459,10,135.0,136.0153127827693,17.657414060906234,0.0,False
1459,11,135.0,135.47307089030855,17.657414060906234,0.0,False
1459,12,135.0,134.50918695497683,17.657414060906234,0.0,False
1459,13,135.0,132.97889011683617,16.364294637774123,0.0,False
1459,14,130.0,128.95881515741985,33.93042676105699,5.0,False
1459,15,130.0,124.24706934973949,35.22181283662246,5.0,False
1459,16,130.0,117.67088830313668,44.28527543528139,5.0,False
1460,0,145.0,148.3981994342756,19.65675050234634,5.0,False
1460,1,145.0,148.55080267095352,17.0773422044835,5.0,False
1460,2,150.0,148.90096680355794,17.0773422044835,0.0,False
1460,3,150.0,149.8637828942828,16.126216280558538,0.0,False
1460,4,150.0,150.64969845519397,14.885839857119322,0.0,False
1460,5,150.0,150.8860131204945,11.753709730660177,0.0,False
1460,6,150.0,150.0368049373936,12.738318686380524,0.0,False
1460,7,150.0,148.57096727972734,10.496905872949071,0.0,False
1460,8,150.0,151.4909270200661,27.510846246287144,0.0,False
1460,9,150.0,152.83940558310778,25.757237075448387,0.0,False
1460,10,150.0,153.0052563420548,25.757237075448387,0.0,False
1460,11,150.0,152.83832824112397,25.757237075448387,0.0,False
1460,12,150.0,152.72108221270852,26.662706162497955,0.0,False
1460,13,150.0,153.62497755396097,25.26061317759607,0.0,False
1460,14,150.0,153.88214652469134,25.26061317759607,0.0,False
1460,15,150.0,151.72115896901073,30.859045971378805,0.0,False
1460,16,150.0,129.44982370004078,156.1646468727647,0.0,False
1461,0,125.0,99.38407401607286,129.21186457915564,0.0,False
1461,1,125.0,83.24265611775807,126.68476109325742,0.0,False
1461,2,125.0,93.54965219781164,144.84070906718122,0.0,False
1461,3,130.0,93.99252853508689,144.7094200019271,5.0,False
1461,4,130.0,94.39160120196478,144.7094200019271,5.0,False
1461,5,130.0,94.37697952561278,144.7094200019271,5.0,False
1461,6,130.0,89.63851170249664,144.71300924902985,5.0,False
1461,7,130.0,105.17096109687833,144.7094200019271,5.0,False
1461,8,130.0,127.46468894930688,144.7227526404335,5.0,False
1461,9,130.0,128.54652010018606,20.9274830626065,5.0,False
1461,10,125.0,126.36117417403264,10.518672695178154,0.0,False
1461,11,125.0,125.0446141927992,6.208301441636564,0.0,False
1461,12,125.0,124.42116743456766,4.352615437599312,0.0,False
1461,13,125.0,124.1847556099386,5.262668164109172,0.0,False
1461,14,125.0,123.523930489466,5.8513125158861214,0.0,False
1461,15,125.0,123.99045654721553,5.8513125158861214,0.0,False
1461,16,125.0,124.0253854858508,6.801084700397851,0.0,False
1462,0,135.0,115.2692857811126,140.7951014229953,0.0,False
1462,1,135.0,115.20784725735662,140.7951014229953,0.0,False
1462,2,135.0,115.13176646159624,140.7951014229953,0.0,False
1462,3,135.0,115.52247329435605,140.79510142299426,0.0,False
1462,4,140.0,113.84063696627705,141.3837774293322,5.0,False
1462,5,140.0,125.3492201623807,147.64186829853233,5.0,False
1462,6,140.0,139.9800633131978,16.23447195041075,5.0,False
1462,7,140.0,140.80982201572795,14.436043748165332,5.0,False
1462,8,140.0,140.07400600175495,42.36506597215195,5.0,False
1462,9,140.0,140.21195121286715,21.0099782515141,5.0,False
1462,10,140.0,139.49075389659785,21.732187080464612,5.0,False
1462,11,140.0,139.61129672163904,21.732187080464612,5.0,False
1462,12,140.0,137.99909727175836,30.658341235730887,5.0,False
1462,13,135.0,120.5792171658512,148.02008971194556,0.0,False
1462,14,135.0,119.20677964664822,142.97886373387408,0.0,False
1462,15,130.0,115.11740615477795,136.90824990254455,5.0,False
1462,16,130.0,99.09131488707585,136.9649302689937,5.0,False
1463,0,130.0,128.0930514331974,25.353984986960526,0.0,False
1463,1,130.0,129.41830645215094,24.476083977703794,0.0,False
1463,2,130.0,132.28526864828848,32.52463579545173,0.0,False
1463,3,130.0,132.22917382247522,24.334773815843675,0.0,False
1463,4,135.0,131.79563541351746,26.044914996821078,5.0,False
1463,5,135.0,133.12541396183894,26.044914996821078,5.0,False
1463,6,140.0,136.06296348796147,32.02930823252463,10.0,False
1463,7,140.0,131.876455132679,53.36125684758616,10.0,False
1463,8,140.0,127.01871648085303,153.55820427754603,10.0,False
1463,9,140.0,120.97081856355781,153.62006799184948,10.0,False
1463,10,135.0,110.52267525807736,153.58729649163067,5.0,False
1463,11,145.0,107.0048162807923,153.58729649163067,15.0,False
1463,12,145.0,111.22600218342147,153.58729649163067,15.0,False
1463,13,145.0,100.20689780108592,153.58729649163067,15.0,False
1463,14,105.0,75.59671165705342,151.56286098705587,25.0,True
1464,0,160.0,160.48491160690085,26.994882817890925,5.0,False
1464,1,160.0,158.99302401140045,27.95931094102997,5.0,False
1464,2,160.0,158.34542259171792,27.485734959552445,5.0,False
1464,3,155.0,156.66482275134814,30.248050267131077,0.0,False
1464,4,155.0,154.26356416978672,24.80353438419482,0.0,False
1464,5,155.0,152.73757694910762,19.54731833378318,0.0,False
1464,6,155.0,151.53944204049208,12.851122860402,0.0,False
1464,7,155.0,152.37163135356022,13.550422737736767,0.0,False
1464,8,155.0,154.2726983692058,13.67167743054344,0.0,False
1464,9,155.0,156.45388152731513,15.469072015491264,0.0,False
1464,10,155.0,153.71181200949096,43.117349284482884,0.0,False
1464,11,155.0,155.60266770004927,31.21369842461303,0.0,False
1464,12,155.0,155.48537607329752,31.21369842461303,0.0,False
1464,13,155.0,154.96818608614018,31.21369842461303,0.0,False
1464,14,155.0,152.41950405815714,32.18932317308429,0.0,False
1464,15,155.0,146.47644237439553,59.16283489149019,0.0,False
1464,16,150.0,145.3769517450312,50.940641191587005,5.0,False
1465,0,130.0,127.93755725177292,19.80883764684333,5.0,False
1465,1,130.0,127.74576395335156,17.153326632862445,5.0,False
1465,2,130.0,128.13459852104032,20.186416375621917,5.0,False
1465,3,130.0,123.73694728331532,137.69516556147886,5.0,False
1465,4,130.0,128.06307631250172,40.689091145866186,5.0,False
1465,5,135.0,135.62931547055243,33.68747107654431,0.0,False
1465,6,135.0,139.34411874270293,32.138595182875534,0.0,False
1465,7,140.0,142.77138320761048,28.927680745627256,5.0,False
1465,8,150.0,145.7495150325019,29.777766273299036,15.0,False
1465,9,150.0,148.46783326096036,30.056838882692645,15.0,False
1465,10,150.0,153.51332631360495,34.53921944232019,15.0,False
1465,11,155.0,157.10942200063047,23.222521538111238,20.0,False
1465,12,155.0,157.90206286248508,21.724277181082783,20.0,False
1465,13,155.0,144.93469940565666,169.0908218039047,20.0,False
1465,14,160.0,124.83163496351166,169.09694827604233,25.0,False
1465,15,160.0,122.96661963589885,169.09694827604233,25.0,False
1465,16,115.0,115.9018235012949,169.09694827604233,20.0,False
1466,0,125.0,135.86837561944117,61.46838960720939,0.0,False
1466,1,125.0,139.69406877009828,60.08573684107441,0.0,False
1466,2,120.0,145.43958849665046,60.08573684107441,5.0,False
1466,3,120.0,148.4096484788931,60.08573684107441,5.0,False
1466,4,145.0,151.02714034634536,60.08573684107441,20.0,False
1466,5,145.0,147.63895160803395,81.93902818404237,20.0,False
1466,6,135.0,144.72424456661463,81.9390281840425,10.0,False
1466,7,130.0,136.0556331773887,84.30497163900968,5.0,False
1466,8,125.0,126.6731263222361,80.11130381499972,0.0,False
1466,9,140.0,126.4118621372255,63.60146680415083,15.0,False
1466,10,130.0,128.34968147371382,81.2572127633817,5.0,False
1466,11,125.0,128.23350490691092,76.12222066862647,0.0,False
1466,12,110.0,129.21084184995192,67.156417066319,15.0,False
1466,13,145.0,137.82093194477778,61.3236514233179,20.0,False
1466,14,150.0,144.22246889918418,60.764535080751685,25.0,False
1466,15,150.0,151.81829939642355,61.36511264248658,25.0,False
1466,16,150.0,150.57745143012403,27.823368507278303,25.0,False
1467,0,145.0,134.0719652286608,60.32455797655521,0.0,False
1467,1,145.0,143.4248524584295,8.575095577242706,0.0,False
1467,2,145.0,145.24754652239994,10.537130073968598,0.0,False
1467,3,145.0,146.01280534254124,10.68097746970031,0.0,False
1467,4,145.0,146.03444131078354,11.599736588433416,0.0,False
1467,5,145.0,142.02212152101728,47.4282832356798,0.0,False
1467,6,145.0,143.40473947285977,22.069164537223173,0.0,False
1467,7,145.0,143.33865305977795,22.069164537223173,0.0,False
1467,8,145.0,143.23913507644224,22.069164537223173,0.0,False
1467,9,145.0,142.5338547671903,22.644224968474447,0.0,False
1467,10,145.0,137.7432620716458,38.805808468624846,0.0,False
1467,11,140.0,137.06358154689065,21.93755725557091,5.0,False
1467,12,140.0,136.16147685878025,44.04504963762636,5.0,False
1467,13,140.0,138.5794535798548,21.93755725557091,5.0,False
1467,14,140.0,120.5677238715371,143.24652621235836,5.0,False
1467,15,140.0,114.35751069264731,142.94654778688482,5.0,False
1467,16,125.0,104.69834148862121,145.23998624279938,20.0,False
1468,0,140.0,141.608435095095,4.709553873216606,0.0,False
1468,1,145.0,142.57405158061417,6.583151254734474,5.0,False
1468,2,145.0,142.60081901310784,6.01203407641745,5.0,False
1468,3,145.0,142.99088443333545,5.944704374966449,5.0,False
1468,4,145.0,143.2244917063905,5.910645691399395,5.0,False
1468,5,145.0,143.2081983040066,7.066730647367649,5.0,False
1468,6,145.0,142.8698320594214,7.201935690973755,5.0,False
1468,7,145.0,142.7936133750756,7.80021284286758,5.0,False
1468,8,145.0,142.49352460796706,7.479206681719177,5.0,False
1468,9,140.0,141.82393372993738,5.861872264968611,0.0,False
1468,10,140.0,141.82254156627891,7.353571334106363,0.0,False
1468,11,140.0,140.9350738004109,4.181596379499609,0.0,False
1468,12,140.0,140.94496936235888,3.80332779156592,0.0,False
1468,13,140.0,139.56522384873193,16.149546204795257,0.0,False
1468,14,140.0,135.9627776283754,29.817333343664927,0.0,False
1468,15,140.0,132.0091212649029,40.05843215912142,0.0,False
1468,16,140.0,126.29198740004139,38.28021232410704,0.0,False
1469,0,125.0,123.28285952173476,13.977059997942462,0.0,False
1469,1,125.0,124.9986154860083,9.187195586099833,0.0,False
1469,2,125.0,125.82500439370716,6.326886577386944,0.0,False
1469,3,125.0,126.40076537271986,5.645678189652045,0.0,False
1469,4,125.0,127.22003926862574,5.823483493662948,0.0,False
1469,5,130.0,128.0777586721053,4.847275568971341,5.0,False
1469,6,130.0,128.5456240782495,4.8971788159647645,5.0,False
1469,7,130.0,129.31536709113982,8.964491496869016,5.0,False
1469,8,130.0,130.00883260841846,8.65498085895564,5.0,False
1469,9,130.0,112.36291888721293,134.83773806413316,5.0,False
1469,10,130.0,96.63570000104116,134.83773806413316,5.0,False
1469,11,130.0,80.70681717487419,134.83773806413316,5.0,False
1470,0,135.0,137.18517800564186,13.021544530168654,5.0,False
1470,1,135.0,136.3566350650029,11.584048918224397,5.0,False
1470,2,135.0,134.61574702488312,26.902165663934795,5.0,False
1470,3,135.0,133.47813629057185,9.12030641831106,5.0,False
1470,4,135.0,134.0070909405991,9.719557586726438,5.0,False
1470,5,135.0,135.28397886774584,18.45564383526292,5.0,False
1470,6,140.0,137.57019109532212,21.015210839962748,0.0,False
1470,7,145.0,140.18170625131003,22.63904705079878,5.0,False
1470,8,145.0,141.00425345718946,22.783530141534214,5.0,False
1470,9,145.0,141.4213783377754,33.189580108359905,5.0,False
1470,10,145.0,143.7438670934554,18.73021616593573,5.0,False
1470,11,145.0,145.53833390751467,11.712240033100727,5.0,False
1470,12,145.0,145.77380443757158,14.660907618407634,5.0,False
1470,13,145.0,142.8029775649477,32.64540759127462,5.0,False
1470,14,145.0,135.09862722330698,55.580810764356215,5.0,False
1470,15,145.0,123.94941589474261,86.0169433709322,5.0,False
1470,16,145.0,119.88961008058305,85.9526584317441,5.0,False
1471,0,140.0,107.58513866519789,142.39418392611532,10.0,False
1471,1,135.0,102.49178371422104,142.39626821265503,5.0,False
1471,2,135.0,109.93250320464296,142.39042012456625,5.0,False
1471,3,135.0,133.23812109108124,142.40074967462516,5.0,False
1471,4,135.0,133.7097391934847,14.868550793369323,5.0,False
1471,5,130.0,132.77453978470496,15.252069556635561,0.0,False
1471,6,130.0,131.11718904267087,16.259622018600908,0.0,False
1471,7,130.0,129.10615677538436,7.5427997414422805,0.0,False
1471,8,130.0,128.49942293301856,3.2680759003132778,0.0,False
1471,9,130.0,128.89849165275936,4.829290808547398,0.0,False
1471,10,130.0,129.07304512192624,5.1259659702211025,0.0,False
1471,11,130.0,129.19265680690756,5.531991441825227,0.0,False
1471,12,130.0,129.58934400681042,5.1259659702211025,0.0,False
1471,13,130.0,129.53705354654642,5.1259659702211025,0.0,False
1471,14,130.0,129.2905619985584,6.92380211554277,0.0,False
1471,15,130.0,128.92819314636168,7.942518266547253,0.0,False
1471,16,130.0,128.65943417407215,8.240492745950405,0.0,False
1472,0,125.0,69.34190787543433,124.39424028759586,5.0,False
1472,1,125.0,85.0062330422566,125.12470875165545,5.0,False
1472,2,125.0,101.24629117634419,129.27585667230898,5.0,False
1472,3,125.0,124.12186000472124,37.89533543111705,5.0,False
1472,4,125.0,124.79924372140634,6.488660133691667,5.0,False
1472,5,125.0,125.87910148162725,7.757762903633775,5.0,False
1472,6,125.0,127.04726569096218,8.548329571231662,5.0,False
1472,7,130.0,127.89456062652816,8.015241563739309,0.0,False
1472,8,130.0,129.4417416576411,10.484782081484212,0.0,False
1472,9,130.0,130.60470801991556,11.147689358767622,0.0,False
1472,10,130.0,131.13983282122373,11.808134711655214,0.0,False
1472,11,135.0,132.7250862859402,10.109038910211638,5.0,False
1472,12,135.0,131.59291896773513,23.178960506809304,5.0,False
1472,13,135.0,128.94105760325817,26.179757702016687,5.0,False
1472,14,135.0,125.29138415822844,32.09563922697836,5.0,False
1472,15,135.0,123.3772619080282,32.49960902870913,5.0,False
1472,16,135.0,113.74749186374267,135.60564812552326,5.0,False
1473,0,130.0,122.34301166212065,42.334054104197534,15.0,False
1473,1,130.0,121.92550416847392,44.10375352259807,15.0,False
1473,2,130.0,124.92206209259156,56.97395252496621,15.0,False
1473,3,135.0,129.02586333200045,61.50367894086827,10.0,False
1473,4,145.0,136.03560125944068,43.462105351053836,0.0,False
1473,5,145.0,141.18202931049802,32.19157922245246,0.0,False
1473,6,145.0,143.81170839818896,26.084036710123627,0.0,False
1473,7,145.0,145.45250612801223,13.717563923229477,0.0,False
1473,8,145.0,145.8613031567346,13.407681958763817,0.0,False
1473,9,145.0,146.83822652074528,15.060758474735849,0.0,False
1473,10,145.0,146.1067139005615,12.133589473972535,0.0,False
1473,11,145.0,146.09848731051855,12.29225249699411,0.0,False
1473,12,145.0,145.63358658495596,13.307692515157356,0.0,False
1473,13,145.0,144.78959106317856,9.896786798231034,0.0,False
1473,14,145.0,143.82728976729825,21.260033798960976,0.0,False
1473,15,145.0,145.08516053216496,10.54637105456689,0.0,False
1473,16,145.0,144.0068027227964,18.844842200633224,0.0,False
1474,0,130.0,82.3401996643892,132.76554357011872,5.0,False
1474,1,130.0,98.53614604300911,132.76554357011872,5.0,False
1474,2,130.0,118.33002279147979,132.76874982063492,5.0,False
1474,3,130.0,127.69917288856018,31.360921832365634,5.0,False
1474,4,130.0,128.20755759854748,11.516252794536342,5.0,False
1474,5,130.0,128.01160590882773,10.867920655300765,5.0,False
1474,6,130.0,128.11822880558927,10.867920655300765,5.0,False
1474,7,130.0,127.44427343883818,10.867920655300765,5.0,False
1474,8,125.0,127.09893691706665,10.867920655300765,0.0,False
1474,9,125.0,126.32245913845264,12.298955761988282,0.0,False
1474,10,125.0,123.79478990166982,29.54936916074604,0.0,False
1474,11,125.0,126.56934423493348,4.84275786941113,0.0,False
1474,12,125.0,125.78373030527277,7.569067308302849,0.0,False
1474,13,125.0,124.84997080761347,9.139058879475797,0.0,False
1474,14,125.0,124.46800734617636,8.797355403685927,0.0,False
1474,15,125.0,124.7873458690506,8.797355403685927,0.0,False
1475,0,135.0,134.9439020735424,14.300065115073153,5.0,False
1475,1,135.0,137.32502727650908,20.351243955425048,5.0,False
1475,2,140.0,140.1692442836959,17.549988040915082,0.0,False
1475,3,140.0,142.3116738659968,14.495669539209956,0.0,False
1475,4,145.0,143.70752739926215,13.862025173841062,5.0,False
1475,5,145.0,138.94931597954832,149.88016884240594,5.0,False
1475,6,145.0,140.0623443670422,149.90585173596838,5.0,False
1475,7,145.0,138.27190804449017,61.52572129399256,5.0,False
1475,8,145.0,112.70506733370799,149.87341883239196,5.0,False
1475,9,115.0,94.3008244594666,150.6106146484118,25.0,False
1476,0,140.0,142.12682400501683,6.29195702238448,5.0,False
1476,1,140.0,142.08003188603084,6.054049426810025,5.0,False
1476,2,145.0,143.07116158113058,7.40401787797083,0.0,False
1476,3,145.0,145.0893763051767,17.64092440553256,0.0,False
1476,4,145.0,146.44507078481593,16.82373438285805,0.0,False
1476,5,145.0,147.0694014744999,14.504978174640598,0.0,False
1476,6,145.0,147.45301186697648,13.16357466235607,0.0,False
1476,7,145.0,146.98797135571863,13.739814308746901,0.0,False
1476,8,145.0,147.51024303948333,16.10722106640594,0.0,False
1476,9,150.0,148.27318654162983,12.538905135048509,5.0,False
1476,10,150.0,145.7273074202388,47.34639685057597,5.0,False
1476,11,145.0,144.63250449217443,33.49200639652554,0.0,False
1476,12,145.0,142.9208028335551,31.532228645033967,0.0,False
1476,13,145.0,142.51925930398275,31.532228645033967,0.0,False
1476,14,145.0,140.14051797176037,31.532228645033967,0.0,False
1476,15,145.0,133.3500064823525,58.05643421621092,0.0,False
1476,16,135.0,124.65475884641312,69.37596483385732,10.0,False
1477,0,130.0,98.16201246922151,132.50726375383866,5.0,False
1477,1,130.0,81.65404477447412,131.33271859709228,5.0,False
1477,2,115.0,73.07413076460203,127.63262461443402,10.0,False
1477,3,125.0,88.1956759096167,127.63262461443402,0.0,False
1477,4,125.0,102.93365419806001,127.63262461443402,0.0,False
1477,5,125.0,120.59830755662733,35.463431626162404,0.0,False
1477,6,125.0,116.42827838608078,33.33049647015659,0.0,False
1477,7,120.0,113.47658926605715,31.436062319455516,5.0,False
1477,8,120.0,110.41109242217016,32.13496876174402,5.0,False
1477,9,115.0,107.12757649567925,30.141878685515238,10.0,False
1477,10,100.0,87.92878117571482,122.91872407904623,25.0,True
1478,0,150.0,149.83388444354898,6.97864847593479,5.0,False
1478,1,150.0,149.094078559858,4.457797580713475,5.0,False
1478,2,150.0,148.37447674375974,8.33063868827736,5.0,False
1478,3,145.0,147.18981955653842,9.281862404029198,0.0,False
1478,4,145.0,146.1726346801179,12.033412285548224,0.0,False
1478,5,145.0,145.2284192641011,10.554586420223274,0.0,False
1478,6,145.0,146.11094483283588,13.414157123927737,0.0,False
1478,7,145.0,146.04107840606014,14.20524305329181,0.0,False
1478,8,145.0,144.79162556805218,14.20524305329181,0.0,False
1478,9,145.0,144.97139447805122,14.20524305329181,0.0,False
1478,10,145.0,143.73356663914984,16.166609675699704,0.0,False
1478,11,145.0,143.75707969479566,14.850255151922084,0.0,False
1478,12,140.0,142.5403979684522,22.87816869707109,5.0,False
1478,13,140.0,140.9738254276456,27.823593642642635,5.0,False
1478,14,140.0,136.20102459957516,23.965101938632813,5.0,False
1478,15,140.0,135.06425723664987,23.021181062994074,5.0,False
1478,16,135.0,134.1708208594292,25.771373377629615,10.0,False
1479,0,135.0,136.14097382901042,9.38391278477377,0.0,False
1479,1,135.0,137.0775840036886,9.4392236760429,0.0,False
1479,2,135.0,137.273000144134,10.216811403663712,0.0,False
1479,3,135.0,136.5386248328346,12.067874052540503,0.0,False
1479,4,135.0,136.85232009239203,9.180224079884312,0.0,False
1479,5,135.0,136.9588943295688,9.25439936612787,0.0,False
1479,6,135.0,136.15551787799515,11.117015280473254,0.0,False
1479,7,135.0,136.3176132717061,9.159683011014579,0.0,False
1479,8,135.0,136.33634508733857,9.40628118221943,0.0,False
1479,9,135.0,135.98394273257892,8.129494697791102,0.0,False
1479,10,135.0,135.12234644650712,8.129494697791102,0.0,False
1479,11,135.0,135.65924193747836,8.65399757322649,0.0,False
1479,12,135.0,136.2257057541384,7.8123377338451405,0.0,False
1479,13,135.0,137.43482315924808,7.728916008842418,0.0,False
1479,14,140.0,138.18273812462792,24.230966763792836,5.0,False
1479,15,135.0,139.48917738193674,24.56624999545008,0.0,False
1479,16,140.0,142.42229016846724,30.810757753352192,5.0,False
1480,0,175.0,168.21329231234375,26.51552000298534,5.0,True
1480,1,170.0,167.44809931588637,22.599387188289654,0.0,True
1480,2,165.0,157.62378077844733,97.104951422394,5.0,True
1480,3,165.0,161.81910713716755,47.449657848431514,5.0,True
1480,4,165.0,163.42624211675277,56.09407769262498,5.0,True
1480,5,175.0,166.9742544691655,58.0090291317274,5.0,True
1480,6,180.0,170.13447858259985,57.38883803323114,10.0,True
1480,7,180.0,172.98347120030218,57.38883803323114,10.0,True
1480,8,180.0,169.53703537937986,57.38883803323114,10.0,True
1480,9,185.0,158.71258601443412,107.06163451163904,15.0,True
1480,10,185.0,163.53924114025673,64.86882707781076,15.0,True
1480,11,140.0,148.31748768129182,189.9531513675202,30.0,False
1480,12,125.0,143.2536694604419,187.29038498098484,45.0,False
1480,13,115.0,112.7805492684185,186.5294018134889,55.0,False
1480,14,115.0,88.21236651277482,169.3694764520628,55.0,False
1480,15,115.0,73.59109142231605,143.52809239949232,55.0,False
1480,16,115.0,50.050017524938724,135.46899597474993,55.0,False
1481,0,150.0,76.13676287600889,151.87554129979407,5.0,False
1481,1,150.0,93.70622845217451,151.87554129979407,5.0,False
1481,2,150.0,111.42691816241971,151.87554129979407,5.0,False
1481,3,150.0,129.78686591299837,151.87845800339926,5.0,False
1481,4,150.0,146.84537961419397,13.4360611568394,5.0,False
1481,5,145.0,142.1861819922015,28.72283903761715,0.0,False
1481,6,145.0,139.21206491702662,27.73428073930461,0.0,False
1481,7,140.0,139.14739636666224,28.13906988829116,5.0,False
1481,8,140.0,138.97943760700034,28.13906988829116,5.0,False
1481,9,145.0,139.91541109575172,28.13906988829116,0.0,False
1481,10,145.0,143.80042212288282,42.8897346092087,0.0,False
1481,11,155.0,144.7514578715688,43.11285805647462,10.0,False
1481,12,155.0,147.9234839579113,43.539828937794155,10.0,False
1481,13,155.0,151.29026317785886,35.38464143476591,10.0,False
1481,14,155.0,148.5531821325834,45.08204695553117,10.0,False
1481,15,155.0,144.49348436026946,52.19753419089564,10.0,False
1481,16,155.0,141.25267040331346,56.81875931765161,10.0,False
1482,0,155.0,112.25875398745416,157.2894232035687,10.0,False
1482,1,155.0,112.97403348784695,157.2894232035687,10.0,False
1482,2,150.0,115.24463033053743,157.2894232035687,5.0,False
1482,3,150.0,132.61162269959203,157.28461903439387,5.0,False
1482,4,150.0,147.8879904524398,22.300578191884625,5.0,False
1482,5,150.0,146.4003992152481,18.860790761311677,5.0,False
1482,6,145.0,144.59708801574283,17.528242439817802,0.0,False
1482,7,145.0,142.29426999995061,16.1889399604936,0.0,False
1482,8,140.0,140.34789537469513,11.967132155889999,5.0,False
1482,9,140.0,139.8085141760203,10.32739473527468,5.0,False
1482,10,140.0,138.92704306767726,7.673225806508782,5.0,False
1482,11,140.0,139.285599756936,17.244554221005856,5.0,False
1482,12,140.0,140.246156252776,18.85979544302637,5.0,False
1482,13,140.0,138.69646023565875,23.446502550189237,5.0,False
1482,14,140.0,138.66461256177882,18.673261813650555,5.0,False
1482,15,140.0,139.94775928246688,18.80305577987002,5.0,False
1482,16,145.0,139.80119887983693,44.15562550794337,0.0,False
1483,0,140.0,137.8634425769513,12.411417646371774,0.0,False
1483,1,140.0,137.86199141965355,14.012525710805704,0.0,False
1483,2,135.0,135.2409989655142,17.627452649610646,5.0,False
1483,3,135.0,132.21725145928727,21.31078966062988,5.0,False
1483,4,135.0,133.85293449413746,16.447201353671645,5.0,False
1483,5,135.0,135.30699290716814,21.74538572314397,5.0,False
1483,6,135.0,137.05011416949344,25.804800013334315,5.0,False
1483,7,135.0,134.83844843655368,31.4912277760899,5.0,False
1483,8,135.0,135.12091211510565,25.02989471743048,5.0,False
1483,9,140.0,138.29137247036343,28.276831090164805,0.0,False
1483,10,145.0,140.9824163494142,37.06446060114223,5.0,False
1483,11,150.0,144.80261153678467,27.35791551728201,10.0,False
1483,12,150.0,147.62343661148276,34.994547804159964,10.0,False
1483,13,155.0,150.88765322832933,40.146507255949444,15.0,False
1483,14,155.0,151.41845859646918,54.56143020247647,15.0,False
1483,15,155.0,150.72586428303447,45.79399991427012,15.0,False
1483,16,155.0,145.77326581783456,64.18972898716441,15.0,False
1484,0,145.0,143.53089673816746,16.58071635162557,0.0,False
1484,1,145.0,145.98188248126374,15.824697035430518,0.0,False
1484,2,145.0,147.025802047402,13.066552386297076,0.0,False
1484,3,150.0,144.0219286029065,30.96615004073088,5.0,False
1484,4,150.0,140.42739998138106,34.65141637085587,5.0,False
1484,5,150.0,136.2875197613167,37.949590480443035,5.0,False
1484,6,130.0,132.08625849643383,36.58677743393196,15.0,False
1484,7,130.0,133.4821448785193,36.58677743393196,15.0,False
1484,8,135.0,132.40937731937404,37.277062827492955,10.0,False
1484,9,140.0,130.3884306284156,27.434125460544237,5.0,False
1484,10,140.0,131.891854239469,30.933873544088385,5.0,False
1484,11,145.0,135.85996963748056,36.01907240387399,0.0,False
1484,12,145.0,140.57223209657516,38.760476510123596,0.0,False
1484,13,150.0,146.58029976173086,35.52203199179972,5.0,False
1484,14,150.0,148.65354567144945,16.102021074429274,5.0,False
1484,15,150.0,150.58882424082012,17.535413814838478,5.0,False
1484,16,155.0,151.95009204049094,36.670780974274734,10.0,False
1485,0,130.0,131.28052916357868,13.55681662925008,5.0,False
1485,1,130.0,130.81087761965674,13.55681662925008,5.0,False
1485,2,130.0,129.10517243405369,60.75175784898062,5.0,False
1485,3,130.0,125.9755283872154,54.52252450066206,5.0,False
1485,4,135.0,128.9737938179446,36.633008011141825,0.0,False
1485,5,135.0,129.92427225667106,36.633008011141825,0.0,False
1485,6,135.0,123.39436556109727,63.68280762998822,0.0,False
1485,7,130.0,117.670642273197,64.20204422017592,5.0,False
1485,8,135.0,114.93465610951316,64.20204422017592,0.0,False
1485,9,130.0,112.15825719767075,68.46684788420201,5.0,False
1485,10,130.0,120.8087355670981,76.43961380161066,5.0,False
1485,11,130.0,122.2385636969955,75.41705064971596,5.0,False
1485,12,135.0,123.52280596561255,75.41705064971596,0.0,False
1485,13,135.0,122.72812357052763,75.70972187898684,0.0,False
1485,14,140.0,129.95792123131045,73.08601133265203,5.0,False
1485,15,140.0,130.08077383601417,66.07102308899776,5.0,False
1485,16,140.0,126.30010936082391,66.42540802047078,5.0,False
1486,0,150.0,148.4825471610889,29.369239324734266,0.0,False
1486,1,150.0,146.13161323821677,21.40752619762077,0.0,False
1486,2,150.0,145.17390868005634,23.50167117358697,0.0,False
1486,3,145.0,143.71915051527898,18.77811320291687,5.0,False
1486,4,145.0,143.52314798471053,20.48174372184417,5.0,False
1486,5,145.0,142.26613107415645,15.70607442368916,5.0,False
1486,6,145.0,143.3605706081801,29.034611179740352,5.0,False
1486,7,145.0,143.4055872952977,34.40345813307118,5.0,False
1486,8,145.0,139.21331949284806,67.24812486301381,5.0,False
1486,9,145.0,142.6749886533605,44.327471689869355,5.0,False
1486,10,150.0,143.82373727179476,44.327471689869355,0.0,False
1486,11,150.0,144.4058541533983,44.327471689869355,0.0,False
1486,12,150.0,144.80250047900734,44.327471689869355,0.0,False
1486,13,150.0,143.76152491634838,46.45305304145535,0.0,False
1486,14,150.0,136.86808725543935,47.04500787709627,0.0,False
1486,15,150.0,140.08661151001397,59.65604048047514,0.0,False
1486,16,150.0,143.12271363335753,32.99626475739322,0.0,False
1487,0,135.0,133.13096908804874,10.366939521258843,5.0,False
1487,1,135.0,132.96684079856493,10.366939533585679,5.0,False
1487,2,135.0,132.25187233287383,15.7172923643258,5.0,False
1487,3,135.0,130.47277370917783,32.462984815002855,5.0,False
1487,4,135.0,132.4698910311539,55.703415078737436,5.0,False
1487,5,135.0,123.32227562073865,54.46476245817571,5.0,False
1487,6,135.0,118.05330052067603,54.86220644307892,5.0,False
1487,7,130.0,113.41017043505924,54.86220644307892,0.0,False
1487,8,110.0,112.2442850687234,54.86220644307892,20.0,False
1487,9,100.0,107.72178722381287,54.86220644307892,30.0,True
1487,10,100.0,105.08371750552152,55.6479733474486,30.0,True
1487,11,100.0,103.14902907604656,69.37201792999882,30.0,True
1487,12,100.0,100.66845553392069,32.02592885767072,30.0,True
1487,13,100.0,101.8132889913649,32.02592885767072,30.0,True
1487,14,105.0,101.59441483359095,32.02592885767072,25.0,True
1487,15,105.0,100.62197542318712,32.02592885767072,25.0,True
1487,16,100.0,99.33804774293878,32.02592885767072,30.0,True
1488,0,135.0,136.0754024094113,36.7656963987731,5.0,False
1488,1,140.0,133.47048040039158,54.98036094243611,10.0,False
1488,2,135.0,136.42980659425598,15.058521625890876,5.0,False
1488,3,135.0,135.49549343436374,10.859635858274856,5.0,False
1488,4,135.0,132.3122866206958,27.553035455967063,5.0,False
1488,5,135.0,126.41538557757114,35.54910625771353,5.0,False
1488,6,135.0,122.13284162541702,35.67103132642724,5.0,False
1488,7,130.0,118.35895322300443,35.53560418476549,0.0,False
1488,8,105.0,115.15551913347423,36.33642613782489,25.0,True
1488,9,105.0,112.14935360625329,28.89862938096182,25.0,True
1488,10,105.0,112.09444525105587,38.58895186092825,25.0,True
1488,11,110.0,110.42311660560871,22.171675479696376,20.0,False
1488,12,110.0,112.94093555672933,26.24967127003083,20.0,False
1488,13,115.0,115.34675155017018,29.206393409876227,15.0,False
1488,14,115.0,109.85008524807611,130.1608081301792,15.0,False
1488,15,115.0,93.82126723376946,130.1946595614932,15.0,False
1488,16,115.0,80.16076322015363,130.22849534594434,15.0,False
1489,0,135.0,133.80170769859083,4.766747579522985,0.0,False
1489,1,135.0,134.0869840076831,6.009124053519429,0.0,False
1489,2,135.0,135.2370540087914,10.124132253790492,0.0,False
1489,3,135.0,135.5564149657982,8.868943612899699,0.0,False
1489,4,135.0,135.96700899466947,8.896905691322303,0.0,False
1489,5,135.0,136.9657829382903,8.868943612899699,0.0,False
1489,6,140.0,137.75104303917402,9.037604403880067,5.0,False
1489,7,140.0,138.71381024249794,7.9674552439904005,5.0,False
1489,8,140.0,139.44724460327805,3.797994159150335,5.0,False
1489,9,140.0,139.80832596805436,6.073491760832951,5.0,False
1489,10,140.0,139.855695516803,4.762433772664906,5.0,False
1489,11,140.0,140.4379710644683,4.141623554797604,5.0,False
1489,12,140.0,141.7645744461599,14.442774440389314,5.0,False
1489,13,140.0,139.5338465152693,15.457659760129587,5.0,False
1489,14,140.0,137.8320911968295,18.655483644974936,5.0,False
1489,15,140.0,140.0629737444202,42.84224736589378,5.0,False
1489,16,140.0,137.74163757209394,18.301834624594377,5.0,False
1490,0,145.0,143.72361338981048,55.55631541672089,0.0,False
1490,1,150.0,147.85922982633699,37.19682674177058,5.0,False
1490,2,155.0,148.08121540771432,48.905183876680624,10.0,False
1490,3,155.0,149.77882568194175,37.19682674177058,10.0,False
1490,4,155.0,148.58964114229022,38.59224854243344,10.0,False
1490,5,150.0,145.383326121777,37.19682674177058,5.0,False
1490,6,150.0,143.86500135494586,37.19682674177058,5.0,False
1490,7,150.0,147.92786743456458,42.79388866455899,5.0,False
1490,8,145.0,145.5906559943451,37.86246645343624,0.0,False
1490,9,145.0,137.21810782067712,46.656900239514385,0.0,False
1490,10,145.0,132.0187068032193,39.9336350006792,0.0,False
1490,11,125.0,127.84311222852999,36.80027509926853,20.0,False
1490,12,115.0,123.98781564140481,36.80074865770047,30.0,False
1490,13,115.0,124.24920737235615,49.837085096897425,30.0,False
1490,14,115.0,125.62646196375321,45.58495169182015,30.0,False
1490,15,115.0,125.51176463560172,45.58495169181943,30.0,False
1490,16,120.0,129.51837985959085,46.69799405626418,25.0,False
1491,0,135.0,137.14248647419794,9.398362366496684,5.0,False
1491,1,140.0,138.47779081642554,7.0778980336620805,0.0,False
1491,2,140.0,139.21309067518794,2.9342820546994233,0.0,False
1491,3,140.0,138.86469785543454,4.928538284906381,0.0,False
1491,4,140.0,138.89101307834727,4.403235982449843,0.0,False
1491,5,140.0,139.99251800130386,6.758488874836331,0.0,False
1491,6,140.0,140.35112300616814,10.068996204722339,0.0,False
1491,7,140.0,141.77527467024086,9.373624007064421,0.0,False
1491,8,140.0,142.23412995952415,9.388503698522982,0.0,False
1491,9,140.0,142.01471322765676,9.388436357596305,0.0,False
1491,10,145.0,142.45565088690586,11.836194606363307,5.0,False
1491,11,145.0,144.73914135250524,12.813881794429193,5.0,False
1491,12,145.0,145.70400941183362,11.538898755684357,5.0,False
1491,13,145.0,145.85153525266264,11.538898755684357,5.0,False
1491,14,145.0,146.60992088422418,11.964553200022294,5.0,False
1491,15,145.0,146.43536895449427,11.538898755684357,5.0,False
1491,16,145.0,144.20178821278415,32.02217516479064,5.0,False
1492,0,120.0,121.53968144667277,4.4169908769644195,5.0,False
1492,1,120.0,121.20735844466125,4.61672576888472,5.0,False
1492,2,120.0,121.5605603788064,4.3271406818971485,5.0,False
1492,3,125.0,122.36388008147857,6.546152278633841,0.0,False
1492,4,125.0,123.92578594787929,34.33427957410973,0.0,False
1492,5,125.0,122.01007068670243,37.33600134602567,0.0,False
1492,6,125.0,124.32169160352224,8.591050951422375,0.0,False
1492,7,125.0,125.1495165068388,7.898265125020828,0.0,False
1492,8,125.0,125.57339511930414,8.943236164928749,0.0,False
1492,9,125.0,127.03489581414712,8.011763762516338,0.0,False
1492,10,130.0,128.1159390206117,6.582700817942651,5.0,False
1492,11,130.0,127.85075063134532,35.27304037829455,5.0,False
1492,12,130.0,129.79198916803918,8.913291672254928,5.0,False
1492,13,130.0,108.91478586662866,134.2170974814646,5.0,False
1492,14,130.0,104.68761054822313,134.21739983690787,5.0,False
1492,15,130.0,99.27578127358512,134.21739983690787,5.0,False
1492,16,130.0,79.93486169027385,134.21739983690787,5.0,False
1493,0,135.0,132.14378929484909,29.235163339872912,0.0,False
1493,1,135.0,133.24399295187155,24.308823782796452,0.0,False
1493,2,135.0,133.89449283728962,24.308823782796452,0.0,False
1493,3,135.0,130.53011448647706,33.65953108535881,0.0,False
1493,4,135.0,131.07593440178036,21.123844724830008,0.0,False
1493,5,135.0,132.31486974353712,23.47433623512015,0.0,False
1493,6,135.0,131.6975254407086,21.123844724830008,0.0,False
1493,7,135.0,133.2440396189123,25.131402002287274,0.0,False
1493,8,135.0,132.8869155021126,32.70057921371803,0.0,False
1493,9,135.0,131.6979711927537,32.098404040032406,0.0,False
1493,10,135.0,129.75804321592034,36.84252162089402,0.0,False
1493,11,135.0,131.81732053918086,32.098404040032406,0.0,False
1493,12,135.0,132.94804447534014,32.098404040032406,0.0,False
1493,13,135.0,133.3712211311768,32.098404040032406,0.0,False
1493,14,135.0,132.21197526044844,20.720491429969883,0.0,False
1493,15,130.0,127.87789557617735,37.344894596454466,5.0,False
1493,16,130.0,103.50993937416962,132.61215337200815,5.0,False
1494,0,120.0,123.8791436232169,30.612546197876142,10.0,False
1494,1,125.0,126.90602652385094,26.894912235766284,15.0,False
1494,2,130.0,126.61258361927437,42.673256708294005,20.0,False
1494,3,120.0,118.30170802716545,37.82859717891354,10.0,False
1494,4,120.0,117.81010057924524,40.243119366759615,10.0,False
1494,5,110.0,113.72575488542847,40.0063120105893,0.0,False
1494,6,105.0,109.82450469542482,31.003612104296934,5.0,True
1494,7,100.0,107.47668071785638,31.793818243133288,10.0,True
1494,8,100.0,104.16963226922826,34.00030977582682,10.0,True
1494,9,100.0,106.98396009624834,44.463908906524836,10.0,True
1494,10,100.0,112.07108109759713,52.99752404164869,10.0,True
1494,11,105.0,117.679693776481,52.99752743769011,5.0,True
1494,12,110.0,122.48892906119127,52.99752743769011,0.0,False
1494,13,120.0,124.08545342338999,52.99752743769011,10.0,False
1494,14,140.0,130.11806418027734,51.64651437568605,30.0,False
1494,15,140.0,132.45827774296018,51.64651437568605,30.0,False
1494,16,140.0,129.5913393856293,54.177467462608945,30.0,False
1495,0,165.0,166.0573621738231,20.480302526398475,0.0,True
1495,1,165.0,164.3310968866917,21.90287156407672,0.0,True
1495,2,165.0,162.45699633857163,15.581983673889624,0.0,True
1495,3,165.0,163.12634617193962,19.245350856178618,0.0,True
1495,4,160.0,163.6669691415897,20.89027493376409,5.0,False
1495,5,160.0,160.26646380618564,28.00917943134391,5.0,False
1495,6,155.0,158.98626454831654,30.462863754465985,10.0,False
1495,7,165.0,163.30693502774497,29.8168206556019,0.0,True
1495,8,165.0,163.50633883097683,29.8168206556019,0.0,True
1495,9,170.0,159.964423488101,61.639960819001274,5.0,True
1495,10,155.0,151.1548864988608,69.56016687953675,10.0,False
1495,11,150.0,142.685163516412,69.56016687953675,15.0,False
1495,12,145.0,139.81592284045118,69.56016687953675,20.0,False
1495,13,135.0,140.06906021358546,71.27712758211842,30.0,False
1495,14,130.0,129.13135904745593,82.887338097649,35.0,False
1495,15,105.0,117.05083852365875,76.15326984946277,60.0,True
1495,16,90.0,106.41991528771388,58.27763000076311,75.0,True
1496,0,135.0,78.27119662221399,137.57328015489145,5.0,False
1496,1,135.0,94.8588625791983,136.0576271772296,5.0,False
1496,2,135.0,111.90702947332099,140.1498739273547,5.0,False
1496,3,135.0,136.80279238186117,23.098008104164478,5.0,False
1496,4,135.0,139.14254366623214,22.155344608542293,5.0,False
1496,5,135.0,138.1074374086401,37.507615859729924,5.0,False
1496,6,135.0,134.86409121662277,40.63587793307008,5.0,False
1496,7,135.0,133.11880734055254,40.59935275561537,5.0,False
1496,8,130.0,130.37275489440194,40.59935275561537,0.0,False
1496,9,120.0,129.5447858715969,41.67353461593956,10.0,False
1496,10,115.0,124.76557758127466,39.63120132536295,15.0,False
1496,11,115.0,120.57214301462223,39.35562853349518,15.0,False
1496,12,115.0,117.0706106230297,11.693642437382863,15.0,False
1497,0,135.0,136.0226002174813,12.523879797734395,0.0,False
1497,1,135.0,134.11681022310395,14.853974636742734,0.0,False
1497,2,135.0,132.4608514665479,14.521959010021874,0.0,False
1497,3,130.0,131.25595591496187,15.783324358612276,5.0,False
1497,4,130.0,131.13975008657115,13.754219335952968,5.0,False
1497,5,130.0,130.5000396081479,14.60278131324003,5.0,False
1497,6,130.0,129.4222440670589,10.753412063389106,5.0,False
1497,7,130.0,129.34390029403696,10.415663464035134,5.0,False
1497,8,130.0,130.64947603665487,14.187588276158166,5.0,False
1497,9,130.0,130.5063693223279,31.481867678654055,5.0,False
1497,10,130.0,107.64199495111812,138.61606719133843,5.0,False
1497,11,135.0,91.36448024217088,138.68338652874777,0.0,False
1497,12,130.0,97.43220257684975,138.66247476765335,5.0,False
1497,13,130.0,95.20814422356686,138.66247476765335,5.0,False
1497,14,130.0,94.8644810069598,138.66247476765335,5.0,False
1497,15,130.0,94.24103940087731,137.91331826656096,5.0,False
1497,16,130.0,87.48978327118722,134.43448271761275,5.0,False
1498,0,150.0,149.54096711570784,20.02433485918712,20.0,False
1498,1,150.0,149.35128644693796,20.02433485918712,20.0,False
1498,2,145.0,144.4400842036792,24.221352996142343,15.0,False
1498,3,135.0,141.9924437066396,23.811357547612715,5.0,False
1498,4,135.0,140.78379020259905,25.513321241688857,5.0,False
1498,5,130.0,137.56203844489835,22.953431274415394,0.0,False
1498,6,130.0,116.90409702516685,150.9437744662548,0.0,False
1498,7,130.0,99.47792998511501,153.98327228357172,0.0,False
1498,8,130.0,79.9756081102429,141.18116020987298,0.0,False
1498,9,130.0,87.05440601909721,131.52353760332684,0.0,False
1498,10,130.0,86.3383030549751,130.4746531066714,0.0,False
1498,11,125.0,85.67362564065152,129.07374234476404,5.0,False
1498,12,125.0,81.63984184538336,128.13411792127252,5.0,False
1498,13,125.0,85.25559501128807,128.13245351412647,5.0,False
1498,14,125.0,100.38385048802242,128.13245351412647,5.0,False
1498,15,125.0,122.36416299880737,18.045518512296525,5.0,False
1498,16,120.0,120.5098010120177,14.309522074555616,10.0,False
1499,0,120.0,127.76799725568804,45.64396323477297,0.0,False
1499,1,120.0,127.79878524440777,45.64396323477297,0.0,False
1499,2,120.0,127.48403669466924,45.64396323477297,0.0,False
1499,3,120.0,129.05914425730245,45.64396323477297,0.0,False
1499,4,120.0,123.47171071437329,48.16979700891679,0.0,False
1499,5,125.0,123.26493129255783,14.638261097004971,5.0,False
1499,6,125.0,124.26724579169982,9.36912935794723,5.0,False
1499,7,125.0,124.81367139345254,9.888917386340026,5.0,False
1499,8,125.0,124.84870957679057,9.151886662434393,5.0,False
1499,9,125.0,124.86329243640809,9.225252253676501,5.0,False
1499,10,125.0,124.62233526477435,9.360638566655524,5.0,False
1499,11,125.0,124.44039900909256,9.336510579506012,5.0,False
1499,12,125.0,123.67947191990966,11.74942002787978,5.0,False
1499,13,120.0,122.66973607214918,7.634579867613198,0.0,False
1499,14,120.0,122.55627860824866,10.056490141586039,0.0,False
1499,15,120.0,119.49319412395528,17.975854783267394,0.0,False
1499,16,120.0,115.90341868435071,37.55419326586387,0.0,False
1500,0,130.0,120.96015651797725,136.5443388554322,0.0,False
1500,1,135.0,101.30670412565506,138.2192292250164,5.0,False
1500,2,130.0,84.10196774167885,134.85330758117956,0.0,False
1500,3,130.0,82.39269523426478,134.04512784964254,0.0,False
1500,4,130.0,79.40352331471856,132.01574724365645,0.0,False
1500,5,130.0,104.32764168965659,132.07435583279866,0.0,False
1500,6,125.0,122.4478276179002,55.4311371573509,5.0,False
1500,7,125.0,118.90549352189278,55.4311371573509,5.0,False
1500,8,125.0,120.37184743977144,56.60046077048665,5.0,False
1500,9,125.0,121.31594792407132,132.11408760524756,5.0,False
1500,10,125.0,125.75877003440662,12.408390614568503,5.0,False
1500,11,125.0,124.57297922466081,12.603431501200816,5.0,False
1500,12,125.0,106.75876222552499,129.9612602545099,5.0,False
1501,0,155.0,108.09493616071748,156.8248369596612,40.0,False
1501,1,150.0,126.66956617689934,156.82611707245357,35.0,False
1501,2,150.0,150.98346951024214,12.091908059215058,35.0,False
1501,3,150.0,149.4496260949607,14.348660582919194,35.0,False
1501,4,150.0,148.17215778027239,11.811269203530287,35.0,False
1501,5,145.0,147.18016789394068,9.231659523788466,30.0,False
1501,6,145.0,119.04298063577725,150.37341702715688,30.0,False
1501,7,145.0,109.16566690715813,152.0047862524446,30.0,False
1501,8,145.0,106.68833690854235,147.57484227155146,30.0,False
1501,9,140.0,103.54099022873925,147.57484227155146,25.0,False
1501,10,135.0,96.41366107149005,148.06289221564077,20.0,False
1501,11,130.0,90.24474169268683,144.90512724643716,15.0,False
1502,0,115.0,117.08792756807438,21.398975197219613,0.0,False
1502,1,115.0,116.57095618338717,14.845509278488422,0.0,False
1502,2,115.0,116.44008841177488,15.236492300173666,0.0,False
1502,3,115.0,116.41513711819843,13.878446726904158,0.0,False
1502,4,120.0,115.81923094502727,15.937863221809721,5.0,False
1502,5,115.0,113.97027503807898,34.80037846665138,0.0,False
1502,6,115.0,107.96793206193635,35.46193192673195,0.0,False
1502,7,115.0,103.64649444981283,36.711472923231995,0.0,False
1502,8,110.0,103.8841109892642,30.480456633809396,5.0,False
1502,9,115.0,105.17644441082045,33.98427320532724,0.0,False
1502,10,115.0,106.2163546787245,33.98427320532724,0.0,False
1502,11,115.0,105.77944205454723,33.98427320532724,0.0,False
1502,12,115.0,107.68631353748287,33.98427320532724,0.0,False
1502,13,115.0,111.69905328845472,39.11947645066856,0.0,False
1502,14,115.0,115.96528614205299,34.07750942641724,0.0,False
1502,15,115.0,112.28220399348994,44.05320075117993,0.0,False
1502,16,120.0,100.24961856221142,124.35569189827352,5.0,False
1503,0,125.0,124.66927772908495,14.269474361252378,0.0,False
1503,1,125.0,125.58020864727128,14.467935217931654,0.0,False
1503,2,125.0,127.49355501169744,14.650283081608677,0.0,False
1503,3,130.0,129.19920428295882,14.79866056088187,5.0,False
1503,4,130.0,130.18500198972416,21.138390261611733,5.0,False
1503,5,130.0,132.68533362733754,18.118304665462276,5.0,False
1503,6,135.0,132.7038195361576,14.084971492673787,10.0,False
1503,7,130.0,131.95205407911868,12.622243938676533,5.0,False
1503,8,130.0,131.59987938525117,12.622243938676533,5.0,False
1503,9,130.0,131.10743789668385,12.622243938676533,5.0,False
1503,10,130.0,130.31731622116533,12.622243938676533,5.0,False
1503,11,130.0,129.64901008792052,13.112513050133359,5.0,False
1503,12,130.0,127.1072647776986,8.027846433633002,5.0,False
1503,13,125.0,127.23358450861468,5.091000754564988,0.0,False
1503,14,130.0,127.56661161264965,3.6157949257620885,5.0,False
1503,15,125.0,127.15172678432228,6.10599697163228,0.0,False
1503,16,125.0,126.4086082418951,9.44175928003888,0.0,False
1504,0,135.0,74.7949021819329,136.09233298092525,0.0,False
1504,1,135.0,91.60402986559491,136.09233298092525,0.0,False
1504,2,135.0,109.02064995167163,142.89285932860528,0.0,False
1504,3,135.0,132.80628299461574,26.333556269975787,0.0,False
1504,4,135.0,133.31380016848877,10.227802758709316,0.0,False
1504,5,135.0,133.18090129382986,9.784558458869896,0.0,False
1504,6,130.0,132.51419242316499,9.784558458869896,5.0,False
1504,7,135.0,133.75652301613204,14.230107354900554,0.0,False
1504,8,135.0,132.70834082407222,33.068826504431726,0.0,False
1504,9,135.0,131.69928306692216,35.654155001416,0.0,False
1504,10,135.0,131.62274132890423,35.654155001416,0.0,False
1504,11,135.0,132.7395381222588,35.654155001416,0.0,False
1504,12,135.0,137.47070767555732,59.87898822332022,0.0,False
1504,13,135.0,138.0582892779491,59.8789882233327,0.0,False
1504,14,140.0,139.3935762306584,59.8789882233327,5.0,False
1505,0,135.0,136.4047944561865,8.351965201538206,0.0,False
1505,1,140.0,138.12675782617887,17.23177907498595,5.0,False
1505,2,140.0,140.7797065774315,24.79255334146407,5.0,False
1505,3,135.0,139.41037593566628,23.933693299487032,0.0,False
1505,4,135.0,137.75311979581713,26.119010616128122,0.0,False
1505,5,135.0,138.50504000475917,23.933693299487032,0.0,False
1505,6,135.0,138.3515995600744,23.933693299487032,0.0,False
1505,7,140.0,139.74278263203874,23.85259155419112,5.0,False
1505,8,140.0,140.27959958112865,23.85259155419112,5.0,False
1505,9,135.0,137.49997073035013,27.966653743082276,0.0,False
1505,10,135.0,136.04125337353975,9.40269479245103,0.0,False
1505,11,135.0,136.09980185208042,11.625661637312845,0.0,False
1505,12,135.0,135.02394382223056,21.31001182925513,0.0,False
1505,13,135.0,132.17643558079342,28.145994965684736,0.0,False
1505,14,135.0,129.09951087230337,32.48991710337715,0.0,False
1505,15,130.0,126.50438140893867,25.5439339337769,5.0,False
1505,16,130.0,124.55568557479465,25.5439339337769,5.0,False
1506,0,140.0,141.7774177238522,11.681336652560304,0.0,False
1506,1,140.0,141.22058636675953,11.67923905167487,0.0,False
1506,2,140.0,140.03809417831866,10.162028915585495,0.0,False
1506,3,140.0,139.17827106994446,10.62062836243561,0.0,False
1506,4,140.0,138.37839273717714,11.683443372494281,0.0,False
1506,5,140.0,138.73479408506947,11.742509164939264,0.0,False
1506,6,140.0,139.20023618081797,11.293734413653283,0.0,False
1506,7,140.0,138.71930805288056,12.659996698603294,0.0,False
1506,8,140.0,139.95328040513735,22.992254076289356,0.0,False
1506,9,140.0,142.5906598575891,27.13508207048966,0.0,False
1506,10,140.0,145.67584451781732,30.129084786871857,0.0,False
1506,11,140.0,149.65559749898958,31.87818799277491,0.0,False
1506,12,140.0,148.8270563827084,34.90670357288289,0.0,False
1506,13,145.0,151.16030191834787,30.486726195687993,5.0,False
1506,14,160.0,154.02190150571198,37.60563884758653,20.0,False
1506,15,160.0,153.0834150242387,30.486726195687993,20.0,False
1506,16,155.0,143.74374235847105,65.49075500555372,15.0,False
2001,0,150.0,133.4339375116169,168.06123516551546,20.0,False
2001,1,150.0,153.8549298414517,32.52623385947615,20.0,False
2001,2,150.0,153.42945525484495,32.66859436604639,20.0,False
2001,3,150.0,154.12404963784923,31.031113973449777,20.0,False
2001,4,150.0,154.1952530811321,27.687878792284096,20.0,False
2001,5,145.0,148.9282126609364,44.99859561518031,15.0,False
2001,6,145.0,141.86027863895515,64.48162494636327,15.0,False
2001,7,140.0,133.29416931541402,59.2010199004615,10.0,False
2001,8,135.0,125.1103098312297,58.13760383062446,5.0,False
2001,9,120.0,116.21218836356155,71.78078249788423,10.0,False
2001,10,120.0,116.08520015005003,83.10670863048749,10.0,False
2001,11,95.0,111.83833616533288,168.12299707376985,35.0,True
2001,12,90.0,84.46877315441466,137.8783593045123,40.0,True
2001,13,90.0,68.13206713596725,137.8783593045123,40.0,True
2002,0,135.0,136.5037023642074,8.853708512795066,0.0,False
2002,1,135.0,135.09547449370137,24.498431572353212,0.0,False
2002,2,135.0,134.1183911928335,17.632770420471346,0.0,False
2002,3,135.0,131.4557147654046,27.17671918217229,0.0,False
2002,4,135.0,128.7710338727044,25.400115268177643,0.0,False
2002,5,130.0,128.98905405207537,19.815448385880984,5.0,False
2002,6,130.0,127.76446500682636,22.075716912649597,5.0,False
2002,7,130.0,127.02419579385518,17.61402769642322,5.0,False
2002,8,125.0,122.36780057345953,45.65314358686999,10.0,False
2002,9,125.0,117.26796657170247,45.87270766550138,10.0,False
2002,10,125.0,118.91083779418227,45.87270766550138,10.0,False
2002,11,130.0,122.57723577928016,53.71750144391517,5.0,False
2002,12,135.0,113.27294013653272,142.9700932774016,0.0,False
2002,13,125.0,93.33208999967363,142.98296992587348,10.0,False
2002,14,85.0,78.59910938600656,142.98296992587348,50.0,True
2003,0,145.0,145.51094632181554,67.91478119725559,145.0,False
2003,1,145.0,145.1205092227824,69.93614730709893,145.0,False
2003,2,140.0,138.88241560593377,70.53256249156959,140.0,False
2003,3,140.0,140.40820020976562,26.932988941503766,140.0,False
2003,4,140.0,139.18415223728138,24.772681486129386,140.0,False
2003,5,135.0,136.78587417249102,19.638936951833415,135.0,False
2003,6,135.0,111.11324149400573,147.09114287592797,135.0,False
2003,7,135.0,93.72830921223398,144.6299252263543,135.0,False
2004,0,150.0,152.04228558224338,15.055488869749837,0.0,False
2004,1,150.0,151.84679273702722,13.698120133572303,0.0,False
2004,2,150.0,151.6613696082754,13.258458256465474,0.0,False
2004,3,150.0,152.11424253870223,13.707668285048044,0.0,False
2004,4,150.0,151.02957434750164,9.789588490868823,0.0,False
2004,5,150.0,149.5425508278054,15.329654745123122,0.0,False
2004,6,150.0,124.90152567817432,153.13273394154925,0.0,False
2004,7,150.0,105.99341341771515,153.13273394154925,0.0,False
2004,8,150.0,87.27239336691221,153.13273394154925,0.0,False
2005,0,150.0,144.5479027701236,36.128070094047544,150.0,False
2005,1,145.0,143.13263241552656,36.128070094047544,145.0,False
2005,2,135.0,139.29402840308106,40.058291530126866,135.0,False
2005,3,140.0,145.22622225812344,41.830921537266676,140.0,False
2005,4,160.0,151.59923577731723,45.43840946251308,160.0,False
2005,5,160.0,143.9823584800528,174.47294158949254,160.0,False
2005,6,150.0,123.84434662920843,174.4875172125737,150.0,False
2005,7,135.0,103.59371240893464,174.4875172125737,135.0,False
2005,8,95.0,82.20226595049321,174.4875172125737,95.0,True
2007,0,165.0,135.03809607135403,171.54961774611155,55.0,True
2007,1,165.0,135.6331070058094,171.54961774611155,55.0,True
2007,2,165.0,135.38416402053292,171.54961774611155,55.0,True
2007,3,165.0,128.92733373539613,171.5366840935458,55.0,True
2007,4,165.0,147.90078793338554,70.30181614324022,55.0,True
2007,5,140.0,142.97966986978597,71.1685326281311,30.0,False
2007,6,130.0,139.64032867688448,73.94482318743992,20.0,False
2007,7,130.0,135.91110045512272,68.21774621314962,20.0,False
2007,8,130.0,116.16138093116906,156.18104271856615,20.0,False
2007,9,130.0,94.02432148882727,142.89371158665296,20.0,False
2007,10,110.0,79.67492640530276,142.89371158665296,0.0,False
2008,0,160.0,90.67801468945231,169.87855364077043,160.0,False
2008,1,160.0,113.43781791488591,180.49324294497717,160.0,False
2008,2,165.0,136.05768096607625,181.241124041795,165.0,True
2008,3,170.0,163.62015888302813,43.722426681935445,170.0,True
2008,4,170.0,165.65184524391992,68.19249383917835,170.0,True
2008,5,170.0,170.6186202502024,23.110435046612764,170.0,True
2008,6,175.0,161.95638528018415,68.51078404489975,175.0,True
2008,7,175.0,156.83303248012047,68.19411085907049,175.0,True
2008,8,175.0,127.91360688443596,181.5355820931589,175.0,True
2008,9,155.0,105.34589409403634,181.35980127142707,155.0,False
2008,10,115.0,82.19755419466118,171.95921610062075,115.0,False
2009,0,175.0,176.3509808678717,10.478662672355853,5.0,True
2009,1,180.0,177.6237812157601,10.166159588319886,0.0,True
2009,2,180.0,178.60180283184562,14.203028247695016,0.0,True
2009,3,180.0,180.19804592309893,3.309182748856216,0.0,True
2009,4,180.0,180.30021557539237,4.035422147452351,0.0,True
2009,5,180.0,180.8136819124501,2.581700342242925,0.0,True
2009,6,180.0,181.07160190858525,3.2090712411087168,0.0,True
2009,7,180.0,181.1183572522363,5.046636509094583,0.0,True
2009,8,180.0,181.7599617659943,2.2820964955089096,0.0,True
2009,9,180.0,181.93889815818318,2.4352599862056366,0.0,True
2009,10,180.0,166.1148947137465,183.16876866458824,0.0,True
2009,11,180.0,138.89224022063485,183.18205000894412,0.0,True
2009,12,180.0,116.3615907200362,183.18205000894412,0.0,True
2010,0,140.0,103.65248755531657,145.07649110189303,0.0,False
2010,1,140.0,104.1583964061584,147.62930457924847,0.0,False
2010,2,140.0,102.34842773850522,140.73177726180973,0.0,False
2010,3,140.0,103.00995284684429,140.73177726180973,0.0,False
2010,4,140.0,98.01056418182856,140.73817657993547,0.0,False
2010,5,140.0,115.47029830810047,140.7302801408532,0.0,False
2010,6,140.0,138.4520321869121,7.1322438454196515,0.0,False
2010,7,140.0,139.29639672101496,8.208480861291946,0.0,False
2010,8,140.0,138.2013997969927,7.685236772202586,0.0,False
2010,9,135.0,137.53790709160745,8.998202618464319,5.0,False
2010,10,135.0,136.97957222430006,8.653181063449068,5.0,False
2010,11,135.0,115.01463373585216,142.39961751288297,5.0,False
2010,12,135.0,98.16905289656012,142.39961751288297,5.0,False
2010,13,135.0,80.82792062433137,144.06744652644716,5.0,False
2011,0,160.0,158.31420558666824,6.410690298681999,0.0,False
2011,1,160.0,158.59328549116182,8.230113114659645,0.0,False
2011,2,160.0,158.5825792650064,7.450399706814977,0.0,False
2011,3,160.0,158.28399842696,9.096706112762377,0.0,False
2011,4,160.0,158.19948353545186,8.670528982563525,0.0,False
2011,5,160.0,158.71211927814872,10.435869762666556,0.0,False
2011,6,160.0,158.06527602649092,7.692668753327013,0.0,False
2011,7,160.0,158.50091126912665,9.636946532735124,0.0,False
2011,8,155.0,154.8257732717006,20.366217133039186,5.0,False
2011,9,155.0,154.67583849524806,19.26316632938071,5.0,False
2011,10,160.0,156.10153404297185,19.26316632938071,0.0,False
2011,11,160.0,154.72567415878743,29.405336944241895,0.0,False
2011,12,155.0,151.53881411007066,37.63972786033871,5.0,False
2011,13,155.0,144.04194763693212,63.53403571334154,5.0,False
2011,14,155.0,131.28950857771963,99.40545912349806,5.0,False
2011,15,145.0,120.38177673884769,95.99617298182179,15.0,False
2011,16,105.0,101.58201326670903,161.5118958300628,55.0,True
2012,0,160.0,163.40566187110093,25.246295166915274,0.0,False
2012,1,160.0,161.89571777974461,25.26279681123995,0.0,False
2012,2,160.0,159.5506238605194,6.201227657099821,0.0,False
2012,3,160.0,158.7376148091982,6.1003931914484895,0.0,False
2012,4,160.0,158.74237217656437,6.098337390985847,0.0,False
2012,5,160.0,158.1796464816347,7.62831402948791,0.0,False
2012,6,155.0,157.28989509768215,3.5321381558002543,5.0,False
2012,7,155.0,156.81446707629982,2.8045096780751635,5.0,False
2012,8,155.0,156.51100160893375,2.0710038924312926,5.0,False
2012,9,155.0,155.93051752457234,5.312614978683399,5.0,False
2012,10,155.0,130.5742152982456,157.45215093012447,5.0,False
2012,11,155.0,110.92237137414259,157.10571379966854,5.0,False
2012,12,155.0,91.33962067396696,156.6515079140941,5.0,False
2014,0,135.0,129.54465053815048,74.80777499027397,5.0,False
2014,1,135.0,130.5540565296957,74.80777499027397,5.0,False
2014,2,135.0,129.7795046321652,77.15314427228526,5.0,False
2014,3,130.0,123.60859951715004,57.91307943451247,0.0,False
2014,4,130.0,113.35923901090156,138.86360132796577,0.0,False
2014,5,130.0,125.33768307474,139.8536210250794,0.0,False
2014,6,130.0,130.04270131019382,20.740998737865027,0.0,False
2014,7,130.0,130.29047705237073,20.83363660275353,0.0,False
2014,8,130.0,129.8393354785652,20.56285968866777,0.0,False
2014,9,130.0,128.58944178595937,20.56285968866777,0.0,False
2014,10,130.0,130.7944407365562,22.59951262418805,0.0,False
2014,11,135.0,134.25374782741852,16.06144692703242,5.0,False
2014,12,135.0,112.67681052749863,142.27443774239373,5.0,False
2014,13,135.0,95.2521930649019,142.27443774239373,5.0,False
2014,14,130.0,77.90984594789134,142.27443774239373,0.0,False
2015,0,120.0,80.04140029059735,139.89394276804148,0.0,False
2015,1,120.0,96.78432967308511,139.89394276804148,0.0,False
2015,2,135.0,111.11105463128915,139.89394276804148,15.0,False
2015,3,135.0,127.48515199406893,28.310856579660083,15.0,False
2015,4,135.0,127.18961040674515,27.01634586848597,15.0,False
2015,5,135.0,126.27802698118074,26.457445010005827,15.0,False
2015,6,135.0,126.16853466660393,26.457445010005827,15.0,False
2015,7,135.0,129.45735491678664,27.427055755636317,15.0,False
2015,8,135.0,125.0066988081,23.312094401882334,15.0,False
2015,9,135.0,114.59457583631647,135.20711080966916,15.0,False
2015,10,135.0,98.01826269989513,135.21995526666547,15.0,False
2015,11,130.0,82.80860265645047,134.83364074993995,10.0,False
2016,0,155.0,154.16578399780832,2.2905960913393244,5.0,False
2016,1,155.0,153.76088282397203,2.863999152778092,5.0,False
2016,2,155.0,153.3488501229416,2.7138423097230486,5.0,False
2016,3,155.0,153.3009968375806,2.57695137284,5.0,False
2016,4,155.0,152.83361004581243,3.7983736404419233,5.0,False
2016,5,155.0,152.58437328881467,3.1754448555113015,5.0,False
2016,6,150.0,152.15698066307232,4.464166847915521,0.0,False
2016,7,150.0,151.61907699588326,3.353442828540068,0.0,False
2016,8,150.0,151.06789422466304,3.294397752857435,0.0,False
2016,9,150.0,150.4196681817277,4.926109677833381,0.0,False
2016,10,150.0,149.94792140752946,4.985689928207364,0.0,False
2016,11,150.0,149.86348074360572,4.193325894992739,0.0,False
2016,12,150.0,149.8037693364769,5.433276431356433,0.0,False
2016,13,150.0,143.93084046502452,152.70938048314474,0.0,False
2016,14,150.0,117.65245125325993,151.06657367318797,0.0,False
2016,15,150.0,98.80743465011591,151.06657337007823,0.0,False
2016,16,150.0,80.26319014343602,151.06657337007823,0.0,False
2017,0,135.0,94.621510649279,136.0908634847687,0.0,False
2017,1,135.0,111.48091297813822,136.07278413146108,0.0,False
2017,2,135.0,133.4490593081136,11.271063658036184,0.0,False
2017,3,135.0,134.8452002742538,6.753109215582555,0.0,False
2017,4,135.0,135.28037692636528,8.65913586090636,0.0,False
2017,5,135.0,135.86791899327272,13.973544944952323,0.0,False
2017,6,140.0,137.91046653499052,16.00139185515596,5.0,False
2017,7,140.0,139.52694325837206,12.194609763670456,5.0,False
2017,8,140.0,140.39588011677873,11.607817977625245,5.0,False
2017,9,140.0,128.8492053890773,145.98584584915596,5.0,False
2017,10,140.0,108.06744726471871,145.98271294309174,5.0,False
2017,11,140.0,90.98176805060173,145.98271294309174,5.0,False
2017,12,145.0,73.78689618536727,145.98271294309174,10.0,False
2018,0,140.0,133.80260720108257,53.437433826166966,40.0,False
2018,1,145.0,127.6913474188688,67.86161303600537,45.0,False
2018,2,105.0,122.86366767501949,65.1804080399899,5.0,True
2018,3,100.0,117.74540036081663,65.1804080399899,0.0,True
2018,4,105.0,118.49679631479812,77.43153019660035,5.0,True
2018,5,120.0,111.91510050413866,50.0827056208161,20.0,False
2018,6,125.0,112.06915070805461,41.33891013773213,25.0,False
2018,7,105.0,97.058586060065,131.66633678745157,5.0,True
2018,8,100.0,84.5636655487272,131.67557992140235,0.0,True
2018,9,110.0,73.81383172573256,131.67557992140235,10.0,False
2019,0,140.0,105.85788061422942,141.93083087901636,140.0,False
2019,1,125.0,88.33626246625242,138.9479658172309,125.0,False
2019,2,115.0,70.99964870900715,138.7346018059649,115.0,False
2019,3,120.0,76.82396575264978,138.36145612627848,120.0,False
2019,4,120.0,78.28164807271654,139.3366950193321,120.0,False
2019,5,100.0,75.25870400922466,137.41793490863336,100.0,True
2019,6,100.0,70.98767181565394,137.42456811474432,100.0,True
2019,7,115.0,84.10338177938043,137.40574639240447,115.0,False
2019,8,120.0,98.41031116372324,137.40574639240447,120.0,False
2019,9,120.0,123.40709142680527,49.152242488077164,120.0,False
2019,10,120.0,98.81055554167752,137.40635514238133,120.0,False
2019,11,110.0,82.18668813617654,138.6284936192217,110.0,False
2020,0,150.0,150.65083960090652,11.658047824794465,10.0,False
2020,1,150.0,148.81800775137967,31.279989108322795,10.0,False
2020,2,150.0,150.11299482560696,34.735525806645526,10.0,False
2020,3,150.0,149.329183270953,7.153309580818274,10.0,False
2020,4,150.0,149.8701387959298,8.552281731259939,10.0,False
2020,5,150.0,149.51431895453172,7.94514538982591,10.0,False
2020,6,150.0,150.18624351173585,7.188262015254651,10.0,False
2020,7,150.0,135.84063007478449,91.32269095526539,10.0,False
2020,8,150.0,126.86424590681665,95.5965276928008,10.0,False
2020,9,150.0,121.80329599170278,92.5191378591832,10.0,False
2020,10,125.0,118.66790952809733,92.50190377249037,15.0,False
2020,11,105.0,92.99311604168305,155.2627211836999,35.0,True
2020,12,75.0,73.59784570290573,150.54928462033345,65.0,True
2021,0,140.0,138.19503105498066,11.893312591947307,140.0,False
2021,1,140.0,138.91782256070252,12.338395113746799,140.0,False
2021,2,140.0,138.9939224117147,11.899729286476258,140.0,False
2021,3,140.0,138.2192367548753,13.204546532398524,140.0,False
2021,4,135.0,137.82474155248036,13.036398325385449,135.0,False
2021,5,135.0,131.6624681471071,144.989508302916,135.0,False
2021,6,135.0,136.81176168586947,14.487041524882642,135.0,False
2021,7,135.0,114.60982268530842,143.99559518062915,135.0,False
2021,8,135.0,96.72184363946542,144.81518338584723,135.0,False
2021,9,135.0,78.72454334047931,137.19962291225806,135.0,False
2022,0,130.0,130.59261498330073,6.124805485492658,5.0,False
2022,1,130.0,132.05189838002246,12.402733943129846,5.0,False
2022,2,135.0,132.5751764368081,10.471171253144291,0.0,False
2022,3,135.0,133.2396021257432,9.23994914608565,0.0,False
2022,4,135.0,134.0184260632201,8.920155837365769,0.0,False
2022,5,135.0,135.51628117294115,11.62458898005923,0.0,False
2022,6,135.0,135.86186393252973,8.284133347689476,0.0,False
2022,7,135.0,135.64605450012837,8.922214244470098,0.0,False
2022,8,135.0,117.0640855204262,140.11375212762763,0.0,False
2022,9,135.0,99.63113448651562,139.28211156697603,0.0,False
2022,10,135.0,82.72362873247566,139.27892323695966,0.0,False
2022,11,135.0,65.99139424726641,139.27892323695966,0.0,False
2023,0,160.0,158.9889317156767,13.381740793295336,5.0,False
2023,1,160.0,158.71897292349232,13.381740793295336,5.0,False
2023,2,160.0,151.78699871421748,165.18150194883086,5.0,False
2023,3,160.0,159.25155165262694,13.688995242741953,5.0,False
2023,4,160.0,159.7293495715499,11.02375755487239,5.0,False
2023,5,160.0,159.357518073349,11.203460591386943,5.0,False
2023,6,160.0,158.26005827165855,10.778436173242085,5.0,False
2023,7,155.0,156.7032981394189,6.501733885791765,0.0,False
2023,8,155.0,155.84898438563548,7.397614978442533,0.0,False
2023,9,155.0,155.2720724755538,8.596870371278783,0.0,False
2023,10,155.0,145.05374507199167,79.03794758602649,0.0,False
2023,11,155.0,144.77046479526,49.62469731100798,0.0,False
2023,12,155.0,120.07170932425234,160.6572067472795,0.0,False
2023,13,150.0,100.01860323479548,156.2978531731044,5.0,False
2023,14,80.0,80.47741690550278,153.31789340766542,75.0,True
2024,0,140.0,118.67274611155803,159.3211789546611,10.0,False
2024,1,140.0,140.46170420369828,76.22077194869847,10.0,False
2024,2,145.0,140.80910751542245,76.07007670824753,5.0,False
2024,3,150.0,142.6906592680377,76.07007670824753,0.0,False
2024,4,155.0,144.7449081867392,76.07007670824753,5.0,False
2024,5,155.0,142.9270463394537,78.55937462853133,5.0,False
2024,6,155.0,151.5415808817799,72.56920183128383,5.0,False
2024,7,155.0,154.00406812503726,10.513145128184732,5.0,False
2024,8,155.0,154.06841567549822,10.995009705475496,5.0,False
2024,9,155.0,151.0979137540801,23.357551745979947,5.0,False
2024,10,150.0,150.5072448980768,21.706196938995987,0.0,False
2024,11,150.0,149.38141483202855,21.706196938995987,0.0,False
2024,12,150.0,121.51098546526222,160.39473977104896,0.0,False
2024,13,150.0,102.90909576104393,160.39473977104896,0.0,False
2024,14,145.0,83.85509748742312,160.39473977104896,5.0,False
2026,0,130.0,127.6509316535377,12.153970730208684,130.0,False
2026,1,130.0,126.85087537135153,12.289914083596145,130.0,False
2026,2,125.0,125.99535715761556,14.193884178406151,125.0,False
2026,3,125.0,125.05003942519174,8.733173409238148,125.0,False
2026,4,125.0,100.94346441466,128.04844905205127,125.0,False
2026,5,125.0,84.59933306382675,125.67622261737496,125.0,False
2026,6,125.0,69.94248689447659,125.6543199912445,125.0,False
2027,0,155.0,152.73415306588447,66.43750669060518,60.0,False
2027,1,155.0,155.61946207498286,18.35101178310191,60.0,False
2027,2,155.0,157.22211684870416,10.031353321789396,60.0,False
2027,3,155.0,157.4729508362658,6.892029082024237,60.0,False
2027,4,155.0,157.06347870896948,7.2205983573998935,60.0,False
2027,5,155.0,155.71069017391895,9.64665851666328,60.0,False
2027,6,155.0,129.99841472841882,160.72595521416417,60.0,False
2027,7,155.0,109.87229097383917,156.61324008601733,60.0,False
2027,8,155.0,90.32895776640548,155.24780857234362,60.0,False
2028,0,150.0,110.83945485996514,151.36170750607806,150.0,False
2028,1,145.0,92.11219055713607,151.36170750607806,145.0,False
2028,2,115.0,73.35952038906365,151.36170750607806,115.0,False
2028,3,100.0,78.34441414994996,157.5919689015361,100.0,True
2028,4,110.0,98.00250967500914,157.5919689015361,110.0,False
2028,5,135.0,112.43978106672944,163.1420282967036,135.0,False
2028,6,135.0,107.94917433067471,159.9821292653032,135.0,False
2028,7,115.0,98.47133323832023,159.98212926500918,115.0,False
2028,8,100.0,74.44141343132809,159.98212926500918,100.0,True
2029,0,115.0,106.85059418879013,42.219388322955496,5.0,False
2029,1,110.0,106.54334031813137,42.850776674062274,10.0,False
2029,2,110.0,103.37845777782356,40.06763460233921,10.0,False
2029,3,110.0,105.92331912812585,42.77117834283146,10.0,False
2029,4,115.0,105.93515864995084,41.54362638251162,5.0,False
2029,5,115.0,107.96970043045275,46.230624790002636,5.0,False
2029,6,115.0,114.83634289505683,22.103858387741795,5.0,False
2029,7,120.0,117.59035836139806,26.742210129067615,0.0,False
2029,8,120.0,118.97416217034544,25.72708572791798,0.0,False
2029,9,120.0,120.84699708399839,30.573804428356212,0.0,False
2029,10,120.0,98.92502051117333,126.45280972001127,0.0,False
2029,11,120.0,84.10836836197518,126.45280972001127,0.0,False
2029,12,125.0,69.58344422526585,126.45280972001127,5.0,False
2030,0,95.0,99.29950857896377,132.07674952247066,0.0,True
2030,1,100.0,112.965905184827,48.75682470819443,5.0,True
2030,2,130.0,118.94989949822086,42.18426378669446,35.0,False
2030,3,135.0,123.95081704763227,42.265971526295246,40.0,False
2030,4,135.0,130.11585146240395,37.84774804681284,40.0,False
2030,5,135.0,134.73013773900374,16.40623950703484,40.0,False
2030,6,135.0,137.27921306846807,17.20451086901869,40.0,False
2030,7,140.0,138.83688585926575,13.945726615796843,45.0,False
2030,8,140.0,133.78991853994899,40.72710982993891,45.0,False
2030,9,140.0,132.7761544004954,42.922767873508306,45.0,False
2030,10,140.0,132.13345621086924,42.92291629184342,45.0,False
2030,11,140.0,110.51363020235357,146.51078184596759,45.0,False
2030,12,140.0,93.1349654207596,146.51981164225688,45.0,False
2030,13,100.0,75.09858816426492,146.48873992431737,5.0,True
2031,0,170.0,168.02006946574133,7.5370562968276715,10.0,True
2031,1,165.0,167.11077993946185,10.533908816736698,5.0,True
2031,2,165.0,166.17317565634227,10.122940452324258,5.0,True
2031,3,165.0,164.83227434493267,5.731535780710431,5.0,True
2031,4,165.0,164.2296085180351,5.895647635963456,5.0,True
2031,5,165.0,163.07137561545608,11.60085275584089,5.0,True
2031,6,160.0,162.16827496519818,9.095748825851672,0.0,False
2031,7,160.0,161.16969516642655,7.501445584166447,0.0,False
2031,8,160.0,159.6658854350371,11.13678989044999,0.0,False
2031,9,160.0,158.11349941121424,13.499065285531543,0.0,False
2031,10,155.0,156.26343564419966,14.28540852812634,5.0,False
2031,11,155.0,154.57019963141278,13.71547493678787,5.0,False
2031,12,155.0,153.25439325862646,11.483219599432545,5.0,False
2031,13,155.0,124.64307355417276,162.92989108777198,5.0,False
2031,14,150.0,104.34323389307153,158.14621474256876,10.0,False
2031,15,150.0,84.58999809207495,151.96351504746096,10.0,False
2032,0,150.0,146.0648145808086,40.382783468487204,5.0,False
2032,1,145.0,145.4248213343184,40.382783468487204,0.0,False
2032,2,145.0,144.90826662858453,40.56421909321905,0.0,False
2032,3,145.0,143.02290698302468,37.8704557019646,0.0,False
2032,4,145.0,146.9850761183191,26.285722616637685,0.0,False
2032,5,145.0,142.69568408964065,59.68077073767712,0.0,False
2032,6,150.0,141.97957177947993,56.25634933199039,5.0,False
2032,7,150.0,137.08815885255424,56.25634933199039,5.0,False
2032,8,135.0,133.37188862665676,56.25634933199039,10.0,False
2032,9,130.0,131.7971991151798,56.25634933199039,15.0,False
2032,10,135.0,130.33784182544952,59.40225389130471,10.0,False
2032,11,135.0,128.84752744170865,52.72228079307884,10.0,False
2032,12,130.0,99.61103889035192,142.3502000550783,15.0,False
2032,13,125.0,87.59470958286408,142.3502000550783,20.0,False
2032,14,120.0,72.83737962786863,142.3502000550783,25.0,False
2033,0,165.0,165.6680089467871,41.093053723930865,15.0,True
2033,1,175.0,168.0246749025939,40.051785157536926,25.0,True
2033,2,175.0,169.3452367187906,40.051785157536926,25.0,True
2033,3,165.0,166.3036594214032,40.051785157536926,15.0,True
2033,4,155.0,163.16101044861603,40.051785157536926,5.0,False
2033,5,150.0,158.58056938258295,45.458338603470565,0.0,False
2033,6,150.0,152.5277796611288,34.99416987503341,0.0,False
2033,7,150.0,154.8376422114092,30.330527220872426,0.0,False
2033,8,150.0,156.3117652840795,32.434771986627084,0.0,False
2033,9,150.0,150.63388597078625,30.74019473273708,0.0,False
2033,10,150.0,149.48070405638902,13.46553728296064,0.0,False
2033,11,150.0,148.75287212402512,13.002720411170628,0.0,False
2033,12,145.0,120.52982489132695,158.38089623330836,5.0,False
2033,13,150.0,102.84173466328457,158.38089623330836,0.0,False
2033,14,150.0,84.8881852268929,165.72838013367584,0.0,False
2034,0,130.0,129.66655042164973,16.32055541351957,0.0,False
2034,1,130.0,129.86174795658496,16.32055541351957,0.0,False
2034,2,130.0,129.90736939963867,16.67848724777855,0.0,False
2034,3,130.0,128.313272515584,25.110674225862553,0.0,False
2034,4,130.0,131.25143242247267,6.442010390741615,0.0,False
2034,5,130.0,130.90927317869475,6.649443331903086,0.0,False
2034,6,130.0,130.99702198435713,7.432062740555864,0.0,False
2034,7,130.0,131.46069941094203,3.1093555064690293,0.0,False
2034,8,130.0,131.45713317877036,3.701368215860043,0.0,False
2034,9,130.0,131.63671721863236,2.4536463177989276,0.0,False
2034,10,130.0,131.89360795336432,3.2561384124414303,0.0,False
2034,11,130.0,131.6703684999286,2.897660238256094,0.0,False
2034,12,130.0,110.30612494470887,133.15922540450552,0.0,False
2034,13,130.0,94.09388355634552,134.6871225841701,0.0,False
2034,14,130.0,77.3154266582053,133.15922540450552,0.0,False
2035,0,140.0,139.20136773261711,12.72043147536968,5.0,False
2035,1,140.0,140.83869677937628,17.717932933686512,5.0,False
2035,2,145.0,136.71479337946195,72.56700646645189,0.0,False
2035,3,145.0,145.7028643112958,14.049686819074907,0.0,False
2035,4,145.0,148.34569776159242,21.784928012430385,0.0,False
2035,5,150.0,149.94193389500143,36.667379912787,5.0,False
2035,6,150.0,147.45058828376636,32.83780969359535,5.0,False
2035,7,155.0,149.56901283078585,32.83780969359535,10.0,False
2035,8,160.0,152.38168216911362,32.83780969359535,15.0,False
2035,9,160.0,153.86479227205638,32.83780969359535,15.0,False
2035,10,160.0,156.26638172569287,35.30996846910648,15.0,False
2035,11,165.0,151.49135802115904,167.75560161442084,20.0,True
2035,12,165.0,121.26291177892944,167.539815817601,20.0,True
2035,13,165.0,104.99730868098567,167.539815817601,20.0,True
2035,14,165.0,87.72406591690911,167.539815817601,20.0,True
2036,0,160.0,159.12106453853156,12.538893187133539,0.0,False
2036,1,160.0,158.2658093954332,5.308666364543853,0.0,False
2036,2,160.0,158.3840617833864,6.935822699322443,0.0,False
2036,3,160.0,158.6961617516126,7.179204109536812,0.0,False
2036,4,160.0,158.69169856427246,7.328934821111432,0.0,False
2036,5,160.0,160.68826072526372,13.009435376909437,0.0,False
2036,6,160.0,161.71961000462693,10.418817696717326,0.0,False
2036,7,165.0,162.4202933886724,11.30131797547935,5.0,True
2036,8,165.0,163.29158090805925,10.497819763969972,5.0,True
2036,9,165.0,164.80299958132434,13.794566121072364,5.0,True
2036,10,165.0,146.7120014869793,172.60957486558667,5.0,True
2036,11,165.0,127.07942572206254,172.62092022889954,5.0,True
2036,12,170.0,107.17069499056346,172.62092022889954,10.0,True
2037,0,115.0,114.45625462949009,12.03071353447936,0.0,False
2037,1,115.0,115.25830248429455,15.432843835881755,0.0,False
2037,2,115.0,117.12131027493592,10.521609401163516,0.0,False
2037,3,115.0,117.26687076197341,9.02254246420408,0.0,False
2037,4,120.0,118.11929441562805,10.031011369843185,5.0,False
2037,5,120.0,118.79896718794129,27.103291642460775,5.0,False
2037,6,115.0,115.33967965669486,21.639131141804086,0.0,False
2037,7,115.0,115.36672145094776,20.628226603607672,0.0,False
2037,8,115.0,114.87236824311653,20.628226603607672,0.0,False
2037,9,115.0,104.04730497430546,124.39762711273715,0.0,False
2037,10,115.0,85.8455127906648,124.3948695162791,0.0,False
2037,11,110.0,72.68793697510581,130.71090206676715,5.0,False
2037,12,110.0,56.200720229727835,115.61455558567921,5.0,False
2038,0,155.0,154.42162713119086,14.228576995277933,0.0,False
2038,1,155.0,155.87122332920578,13.6558672534334,0.0,False
2038,2,155.0,156.84487899306774,14.248837548394931,0.0,False
2038,3,160.0,157.66042713445077,12.37335119471257,5.0,False
2038,4,160.0,157.69967026219786,12.80539790365279,5.0,False
2038,5,160.0,153.15933629605544,47.68061469832389,5.0,False
2038,6,160.0,148.70205979758288,46.85594486018272,5.0,False
2038,7,160.0,145.62641041612926,47.74222046730486,5.0,False
2038,8,160.0,144.8231605095749,47.205223151132344,5.0,False
2038,9,160.0,145.3591817668081,47.90629112552108,5.0,False
2038,10,160.0,127.70827971159015,164.25052934963938,5.0,False
2038,11,130.0,107.48070538608786,164.26124529596134,25.0,False
2038,12,105.0,88.96941484588132,164.26124529596134,50.0,True
2038,13,100.0,76.06564829655017,164.26124529596134,55.0,True
2039,0,125.0,126.30352429622299,4.852443008602847,125.0,False
2039,1,125.0,125.87432796887205,4.017967691020999,125.0,False
2039,2,125.0,125.98039883135901,5.567408497774181,125.0,False
2039,3,125.0,118.73427920857154,132.51924686461678,125.0,False
2039,4,125.0,99.6345041446373,131.4978578179464,125.0,False
2039,5,125.0,83.80746020472067,131.4978578179464,125.0,False
2039,6,125.0,68.19440309229519,131.4978578179464,125.0,False
2040,0,175.0,176.8898337307603,7.386523658388342,0.0,True
2040,1,175.0,176.0770536071664,8.586087410808375,0.0,True
2040,2,175.0,175.0188016963843,11.564866719836175,0.0,True
2040,3,175.0,174.06155713677734,12.60423636112887,0.0,True
2040,4,175.0,174.8035521096064,17.95365490495672,0.0,True
2040,5,170.0,172.52895049454378,13.967214494234923,5.0,True
2040,6,170.0,165.08422438742238,179.667576372768,5.0,True
2040,7,170.0,135.16981631896968,179.65861540818153,5.0,True
2040,8,170.0,113.4273675558406,179.65861540818153,5.0,True
2040,9,170.0,91.99766450037727,179.65861540818153,5.0,True
2041,0,150.0,151.87175408714407,7.83727923090774,0.0,False
2041,1,150.0,151.4840002541346,5.824770741992523,0.0,False
2041,2,150.0,152.79008727599526,12.830992790446203,0.0,False
2041,3,150.0,152.5161950834269,7.97334585604014,0.0,False
2041,4,150.0,151.7225115324607,12.95580831900216,0.0,False
2041,5,150.0,151.44849866928575,12.629224740933381,0.0,False
2041,6,150.0,152.18138359698332,13.298164927210735,0.0,False
2041,7,150.0,123.22584047079401,157.0655450416717,0.0,False
2041,8,150.0,104.04829557784866,157.3108853898496,0.0,False
2041,9,150.0,84.51790513091524,160.76423753381584,0.0,False
2042,0,120.0,122.50624261706547,8.22750320887036,0.0,False
2042,1,120.0,122.30043131421152,12.644353400949711,0.0,False
2042,2,120.0,120.35487598182289,5.321157777772385,0.0,False
2042,3,120.0,120.17667148011857,5.741875429099423,0.0,False
2042,4,120.0,120.09248451845001,4.893669254045406,0.0,False
2042,5,120.0,119.13858135562577,7.2481443001452845,0.0,False
2042,6,120.0,118.9810013654588,5.7641621452283545,0.0,False
2042,7,120.0,119.13280824879311,6.056296360913336,0.0,False
2042,8,120.0,118.91651805915491,5.58220063347602,0.0,False
2042,9,120.0,108.35026668989217,121.79863059448247,0.0,False
2042,10,120.0,90.86407545280429,121.79549702080985,0.0,False
2042,11,120.0,76.00844069077635,122.33444691213228,0.0,False
2042,12,120.0,61.01642063426504,121.79549702080985,0.0,False
2043,0,130.0,128.85926704703607,9.217205334900825,15.0,False
2043,1,125.0,127.15198001326777,9.051419333501968,10.0,False
2043,2,125.0,126.81035018675631,8.535693943842716,10.0,False
2043,3,125.0,125.29135760013405,17.397897496837757,10.0,False
2043,4,125.0,121.0804411178317,32.47754069018461,10.0,False
2043,5,125.0,117.41807245813409,33.162761787758555,10.0,False
2043,6,125.0,113.85400977170376,35.2717995691862,10.0,False
2043,7,120.0,109.7617556958457,27.460629432806726,5.0,False
2043,8,115.0,111.84808878394183,61.61151977037328,0.0,False
2043,9,110.0,112.42455867430748,60.99155789900222,5.0,False
2043,10,105.0,119.17183730448575,65.84540030877416,10.0,True
2043,11,100.0,99.20466247673882,163.21245754142328,15.0,True
2043,12,100.0,87.03988486674115,163.22132043303503,15.0,True
2043,13,100.0,74.40382898611514,163.22132043303503,15.0,True
2044,0,150.0,149.75605514199134,17.09901213097038,5.0,False
2044,1,155.0,151.9671307341653,20.731576390408065,0.0,False
2044,2,155.0,153.07268453246937,19.581462945504853,0.0,False
2044,3,155.0,154.78878097798562,18.232299156754607,0.0,False
2044,4,155.0,155.71012883680388,9.895041335010887,0.0,False
2044,5,155.0,154.569727828024,14.306036320784074,0.0,False
2044,6,155.0,154.61598157921844,11.093550169154014,0.0,False
2044,7,155.0,155.21071779584807,12.122490120612213,0.0,False
2044,8,155.0,155.48544372025455,13.235061604349198,0.0,False
2044,9,155.0,141.60466568282976,162.2317327474501,0.0,False
2044,10,155.0,118.17070077326842,162.24394327579782,0.0,False
2044,11,155.0,99.08327117438033,162.24394314463635,0.0,False
2044,12,155.0,80.47366579420157,162.24394314463635,0.0,False
2045,0,120.0,73.880712543318,124.71166051638173,5.0,False
2045,1,120.0,73.65932452529084,124.78846134703005,5.0,False
2045,2,120.0,73.55437940257285,125.10879992284477,5.0,False
2045,3,120.0,67.06151129180303,124.1947528543453,5.0,False
2045,4,120.0,80.77014755806331,122.55423989052117,5.0,False
2045,5,120.0,96.74186023422104,127.32596416672598,5.0,False
2045,6,120.0,119.2005765561604,21.906304427111294,5.0,False
2045,7,125.0,121.18231778284542,23.13172963626843,0.0,False
2045,8,125.0,123.29562302983601,8.241665638158565,0.0,False
2045,9,125.0,123.92376687896666,4.521053114170925,0.0,False
2045,10,125.0,123.50414961309703,6.099898671142867,0.0,False
2045,11,125.0,123.64856933878424,5.380018340674482,0.0,False
2045,12,125.0,123.40444708703973,6.536524744763611,0.0,False
2045,13,125.0,114.9065186231005,64.20612229364582,0.0,False
2045,14,125.0,107.34891266928454,63.4192926158438,0.0,False
2045,15,120.0,101.67823693207653,62.73068460479686,5.0,False
2045,16,95.0,89.3559839205824,123.14163533774716,30.0,True
2046,0,105.0,112.63531520925615,30.900004505686,5.0,True
2046,1,105.0,110.80181928441094,31.351409299388862,5.0,True
2046,2,105.0,109.52355249201773,28.57079575765978,5.0,True
2046,3,105.0,107.96933457605395,21.49540437758138,5.0,True
2046,4,105.0,107.24260152333181,21.495521223430927,5.0,True
2046,5,105.0,107.38900321424283,23.76275096910709,5.0,True
2046,6,105.0,107.06234671139262,21.751738453479774,5.0,True
2046,7,100.0,106.8388044403346,22.577226266373756,0.0,True
2046,8,100.0,107.1665634934956,22.415790778758975,0.0,True
2046,9,100.0,95.79428976012125,121.10238593391709,0.0,True
2046,10,100.0,78.11592018717471,113.81091763506787,0.0,True
2046,11,100.0,64.94157893157366,106.316120954419,0.0,True
